-- MySQL dump 10.13  Distrib 8.0.35, for Win64 (x86_64)
--
-- Host: localhost    Database: zav-pms-db
-- ------------------------------------------------------
-- Server version	8.0.35

/*!40101 SET @OLD_CHARACTER_SET_CLIENT=@@CHARACTER_SET_CLIENT */;
/*!40101 SET @OLD_CHARACTER_SET_RESULTS=@@CHARACTER_SET_RESULTS */;
/*!40101 SET @OLD_COLLATION_CONNECTION=@@COLLATION_CONNECTION */;
/*!50503 SET NAMES utf8mb4 */;
/*!40103 SET @OLD_TIME_ZONE=@@TIME_ZONE */;
/*!40103 SET TIME_ZONE='+00:00' */;
/*!40014 SET @OLD_UNIQUE_CHECKS=@@UNIQUE_CHECKS, UNIQUE_CHECKS=0 */;
/*!40014 SET @OLD_FOREIGN_KEY_CHECKS=@@FOREIGN_KEY_CHECKS, FOREIGN_KEY_CHECKS=0 */;
/*!40101 SET @OLD_SQL_MODE=@@SQL_MODE, SQL_MODE='NO_AUTO_VALUE_ON_ZERO' */;
/*!40111 SET @OLD_SQL_NOTES=@@SQL_NOTES, SQL_NOTES=0 */;

--
-- Table structure for table `account_status`
--

DROP TABLE IF EXISTS `account_status`;
/*!40101 SET @saved_cs_client     = @@character_set_client */;
/*!50503 SET character_set_client = utf8mb4 */;
CREATE TABLE `account_status` (
  `id` int NOT NULL AUTO_INCREMENT,
  `status` varchar(45) NOT NULL COMMENT 'status of account',
  PRIMARY KEY (`id`),
  UNIQUE KEY `id_UNIQUE` (`id`),
  UNIQUE KEY `status_UNIQUE` (`status`)
) ENGINE=InnoDB AUTO_INCREMENT=3 DEFAULT CHARSET=utf8mb3;
/*!40101 SET character_set_client = @saved_cs_client */;

--
-- Dumping data for table `account_status`
--

LOCK TABLES `account_status` WRITE;
/*!40000 ALTER TABLE `account_status` DISABLE KEYS */;
INSERT INTO `account_status` VALUES (1,'active'),(2,'disabled');
/*!40000 ALTER TABLE `account_status` ENABLE KEYS */;
UNLOCK TABLES;

--
-- Table structure for table `level_of_access`
--

DROP TABLE IF EXISTS `level_of_access`;
/*!40101 SET @saved_cs_client     = @@character_set_client */;
/*!50503 SET character_set_client = utf8mb4 */;
CREATE TABLE `level_of_access` (
  `id` int NOT NULL AUTO_INCREMENT,
  `level_of_access` varchar(45) NOT NULL,
  PRIMARY KEY (`id`),
  UNIQUE KEY `id_UNIQUE` (`id`),
  UNIQUE KEY `level_of_access_UNIQUE` (`level_of_access`)
) ENGINE=InnoDB AUTO_INCREMENT=4 DEFAULT CHARSET=utf8mb3 COMMENT='determines the level access of the user account';
/*!40101 SET character_set_client = @saved_cs_client */;

--
-- Dumping data for table `level_of_access`
--

LOCK TABLES `level_of_access` WRITE;
/*!40000 ALTER TABLE `level_of_access` DISABLE KEYS */;
INSERT INTO `level_of_access` VALUES (1,'Admin'),(3,'Cashier'),(2,'Kitchen Staff');
/*!40000 ALTER TABLE `level_of_access` ENABLE KEYS */;
UNLOCK TABLES;

--
-- Table structure for table `unique_questions`
--

DROP TABLE IF EXISTS `unique_questions`;
/*!40101 SET @saved_cs_client     = @@character_set_client */;
/*!50503 SET character_set_client = utf8mb4 */;
CREATE TABLE `unique_questions` (
  `id` int NOT NULL AUTO_INCREMENT,
  `unique_question` varchar(45) NOT NULL COMMENT 'unique question',
  PRIMARY KEY (`id`),
  UNIQUE KEY `id_UNIQUE` (`id`),
  UNIQUE KEY `unique_question_UNIQUE` (`unique_question`)
) ENGINE=InnoDB AUTO_INCREMENT=3 DEFAULT CHARSET=utf8mb3;
/*!40101 SET character_set_client = @saved_cs_client */;

--
-- Dumping data for table `unique_questions`
--

LOCK TABLES `unique_questions` WRITE;
/*!40000 ALTER TABLE `unique_questions` DISABLE KEYS */;
INSERT INTO `unique_questions` VALUES (1,'What is the name of your first pet?'),(2,'Who is your first love?');
/*!40000 ALTER TABLE `unique_questions` ENABLE KEYS */;
UNLOCK TABLES;

--
-- Table structure for table `user_actions`
--

DROP TABLE IF EXISTS `user_actions`;
/*!40101 SET @saved_cs_client     = @@character_set_client */;
/*!50503 SET character_set_client = utf8mb4 */;
CREATE TABLE `user_actions` (
  `id` int NOT NULL AUTO_INCREMENT,
  `action` varchar(255) NOT NULL,
  PRIMARY KEY (`id`),
  UNIQUE KEY `id_UNIQUE` (`id`),
  UNIQUE KEY `action_UNIQUE` (`action`)
) ENGINE=InnoDB AUTO_INCREMENT=12 DEFAULT CHARSET=utf8mb3;
/*!40101 SET character_set_client = @saved_cs_client */;

--
-- Dumping data for table `user_actions`
--

LOCK TABLES `user_actions` WRITE;
/*!40000 ALTER TABLE `user_actions` DISABLE KEYS */;
INSERT INTO `user_actions` VALUES (1,'attempted to login'),(3,'cancelled OTP authentication'),(6,'cancelled password reset'),(4,'failed OTP authentication'),(2,'initiated OTP authentication'),(5,'initiated password reset'),(8,'sucessful login'),(7,'sucessfully reseted password'),(11,'updated user account'),(9,'user logged out'),(10,'viewed account details');
/*!40000 ALTER TABLE `user_actions` ENABLE KEYS */;
UNLOCK TABLES;

--
-- Table structure for table `user_logs`
--

DROP TABLE IF EXISTS `user_logs`;
/*!40101 SET @saved_cs_client     = @@character_set_client */;
/*!50503 SET character_set_client = utf8mb4 */;
CREATE TABLE `user_logs` (
  `id` int NOT NULL AUTO_INCREMENT,
  `user_id` int NOT NULL,
  `action_id` int NOT NULL,
  `date` datetime NOT NULL,
  `parameter` varchar(255) DEFAULT NULL,
  PRIMARY KEY (`id`),
  UNIQUE KEY `id_UNIQUE` (`id`)
) ENGINE=InnoDB AUTO_INCREMENT=1300 DEFAULT CHARSET=utf8mb3;
/*!40101 SET character_set_client = @saved_cs_client */;

--
-- Dumping data for table `user_logs`
--

LOCK TABLES `user_logs` WRITE;
/*!40000 ALTER TABLE `user_logs` DISABLE KEYS */;
INSERT INTO `user_logs` VALUES (1,1,1,'2024-01-18 00:00:00',NULL),(2,1,1,'2024-01-18 00:00:00',NULL),(3,1,1,'2024-01-18 00:00:00',NULL),(4,1,1,'2024-01-18 11:05:36',NULL),(5,1,1,'2024-01-18 00:00:00','for user junlaxy'),(6,1,1,'2024-01-18 11:23:38','for user \"mocksiest\"'),(7,1,1,'2024-01-18 11:24:15','for user \"admin\"'),(8,1,1,'2024-01-21 13:11:46','for user \"mocksiest\"'),(9,1,1,'2024-01-21 13:16:59','for user \"mocksiest\"'),(10,1,2,'2024-01-21 13:17:08','for user \"mocksiest\"'),(11,1,2,'2024-01-21 13:22:00','for user \"mocksiest\"'),(12,1,1,'2024-01-21 13:22:23','for user \"SYSTEM\"'),(13,1,1,'2024-01-21 13:22:44','for user \"SYSTEM\"'),(14,1,1,'2024-01-21 13:22:47','for user \"SYSTEM\"'),(15,1,1,'2024-01-21 13:23:00','for user \"SYSTEM\"'),(16,1,1,'2024-01-21 13:23:03','for user \"SYSTEM\"'),(17,1,1,'2024-01-21 13:27:15','for user \"SYSTEM\"'),(18,1,1,'2024-01-21 13:28:42','for user \"mocksiest\"'),(19,1,2,'2024-01-21 13:28:47','for user \"mocksiest\"'),(20,1,1,'2024-01-21 13:51:27','for user \"asdasd\"'),(21,1,1,'2024-01-21 16:07:58','for user \"mocksiest\"'),(22,1,2,'2024-01-21 16:08:10','for user \"mocksiest\"'),(23,1,1,'2024-01-21 16:08:46','for user \"\"'),(24,1,1,'2024-01-21 16:13:48','for user \"zek\"'),(25,1,2,'2024-01-21 16:14:01','for user \"mocksiest\"'),(26,1,1,'2024-01-21 16:41:45','for user \"mocksiest\"'),(27,1,1,'2024-01-21 16:41:57','for user \"mocksiest\"'),(28,1,2,'2024-01-21 16:41:59','for user \"mocksiest\"'),(29,1,1,'2024-01-21 17:11:38','for user \"mocksiest\"'),(30,1,2,'2024-01-21 17:11:49','for user \"mocksiest\"'),(31,1,1,'2024-01-21 17:17:29','for user \"mocksiest\"'),(32,1,2,'2024-01-21 17:17:35','for user \"mocksiest\"'),(33,1,1,'2024-01-21 17:19:45','for user \"\"'),(34,1,1,'2024-01-21 18:15:48','for user \"\"'),(35,1,1,'2024-01-21 18:15:50','for user \"\"'),(36,1,1,'2024-01-21 18:15:51','for user \"\"'),(37,1,1,'2024-01-21 18:16:16','for user \"\"'),(38,1,1,'2024-01-21 18:16:19','for user \"\"'),(39,1,1,'2024-01-21 18:16:20','for user \"\"'),(40,1,1,'2024-01-21 21:10:01','for user \"\"'),(41,1,1,'2024-01-21 21:10:03','for user \"\"'),(42,1,1,'2024-01-21 21:10:45','for user \"\"'),(43,1,1,'2024-01-21 21:10:46','for user \"\"'),(44,1,1,'2024-01-21 21:10:47','for user \"\"'),(45,1,1,'2024-01-21 21:10:48','for user \"\"'),(46,1,1,'2024-01-21 21:10:49','for user \"\"'),(47,1,1,'2024-01-21 21:11:29','for user \"\"'),(48,1,1,'2024-01-21 21:11:30','for user \"\"'),(49,1,1,'2024-01-21 21:11:31','for user \"\"'),(50,1,1,'2024-01-21 21:11:32','for user \"\"'),(51,1,1,'2024-01-21 21:12:13','for user \"\"'),(52,1,1,'2024-01-21 21:12:14','for user \"\"'),(53,1,1,'2024-01-21 21:12:15','for user \"\"'),(54,1,1,'2024-01-21 21:12:30','for user \"\"'),(55,1,1,'2024-01-21 21:12:33','for user \"\"'),(56,1,1,'2024-01-21 21:12:34','for user \"\"'),(57,1,1,'2024-01-21 21:40:19','for user \"\"'),(58,1,1,'2024-01-21 21:40:20','for user \"\"'),(59,1,1,'2024-01-21 21:40:21','for user \"\"'),(60,1,1,'2024-01-21 21:41:23','for user \"\"'),(61,1,1,'2024-01-21 21:41:24','for user \"\"'),(62,1,1,'2024-01-21 21:41:24','for user \"\"'),(63,1,1,'2024-01-21 21:41:25','for user \"\"'),(64,1,1,'2024-01-21 21:41:26','for user \"\"'),(65,1,1,'2024-01-21 21:42:10','for user \"\"'),(66,1,1,'2024-01-21 21:42:11','for user \"\"'),(67,1,1,'2024-01-21 21:42:12','for user \"\"'),(68,1,1,'2024-01-21 21:42:12','for user \"\"'),(69,1,1,'2024-01-21 21:42:35','for user \"\"'),(70,1,1,'2024-01-21 21:42:36','for user \"\"'),(71,1,1,'2024-01-21 21:42:37','for user \"\"'),(72,1,1,'2024-01-22 08:34:49','for user \"\"'),(73,1,1,'2024-01-22 08:34:50','for user \"\"'),(74,1,1,'2024-01-22 08:34:51','for user \"\"'),(75,1,1,'2024-01-22 08:35:45','for user \"asd\"'),(76,1,1,'2024-01-22 08:36:42','for user \"\"'),(77,1,1,'2024-01-22 08:37:42','for user \"\"'),(78,1,1,'2024-01-22 08:38:37','for user \"\"'),(79,1,1,'2024-01-22 08:39:52','for user \"\"'),(80,1,1,'2024-01-22 08:39:54','for user \"\"'),(81,1,1,'2024-01-22 08:39:56','for user \"\"'),(82,1,1,'2024-01-22 09:05:47','for user \"\"'),(83,1,1,'2024-01-22 09:05:49','for user \"\"'),(84,1,1,'2024-01-22 09:05:50','for user \"\"'),(85,1,1,'2024-01-22 09:13:18','for user \"\"'),(86,1,1,'2024-01-22 09:13:18','for user \"\"'),(87,1,1,'2024-01-22 09:13:18','for user \"\"'),(88,1,1,'2024-01-22 09:13:19','for user \"\"'),(89,1,1,'2024-01-22 10:16:17','for user \"\"'),(90,1,1,'2024-01-22 10:16:18','for user \"\"'),(91,1,1,'2024-01-22 10:16:18','for user \"\"'),(92,1,1,'2024-01-22 10:21:14','for user \"mocksiest\"'),(93,1,1,'2024-01-22 10:21:20','for user \"mocksiest\"'),(94,1,2,'2024-01-22 10:21:23','for user \"mocksiest\"'),(95,1,1,'2024-01-22 10:21:31','for user \"mocksiest\"'),(96,1,1,'2024-01-22 10:46:17','for user \"\"'),(97,1,1,'2024-01-22 10:46:19','for user \"\"'),(98,1,1,'2024-01-22 10:46:26','for user \"mocksiest\"'),(99,1,1,'2024-01-22 10:46:54','for user \"\"'),(100,1,1,'2024-01-22 10:46:55','for user \"\"'),(101,1,2,'2024-01-22 10:47:02','for user \"mocksiest\"'),(102,1,1,'2024-01-22 10:47:06','for user \"mocksiest\"'),(103,1,1,'2024-01-22 10:47:47','for user \"\"'),(104,1,2,'2024-01-22 10:47:56','for user \"mocksiest\"'),(105,1,2,'2024-01-22 10:47:58','for user \"mocksiest\"'),(106,1,1,'2024-01-22 10:48:01','for user \"mocksiest\"'),(107,1,1,'2024-01-22 10:48:03','for user \"mocksiest\"'),(108,1,2,'2024-01-22 10:48:07','for user \"mocksiest\"'),(109,1,1,'2024-01-22 10:48:09','for user \"mocksiest\"'),(110,1,1,'2024-01-22 10:48:13','for user \"mocksiest\"'),(111,1,2,'2024-01-22 10:48:15','for user \"mocksiest\"'),(112,1,2,'2024-01-22 10:48:17','for user \"mocksiest\"'),(113,1,1,'2024-01-22 10:48:19','for user \"mocksiest\"'),(114,1,1,'2024-01-22 10:49:50','for user \"\"'),(115,1,1,'2024-01-22 10:49:51','for user \"\"'),(116,1,1,'2024-01-22 10:50:02','for user \"\"'),(117,1,1,'2024-01-22 10:50:35','for user \"\"'),(118,1,1,'2024-01-22 10:51:05','for user \"\"'),(119,1,1,'2024-01-22 10:52:38','for user \"\"'),(120,1,1,'2024-01-22 10:54:23','for user \"\"'),(121,1,1,'2024-01-22 10:54:24','for user \"\"'),(122,1,1,'2024-01-22 10:54:31','for user \"\"'),(123,1,1,'2024-01-22 10:54:32','for user \"\"'),(124,1,1,'2024-01-22 10:56:13','for user \"\"'),(125,1,1,'2024-01-22 10:56:47','for user \"\"'),(126,1,1,'2024-01-22 10:56:58','for user \"\"'),(127,1,1,'2024-01-22 10:57:03','for user \"\"'),(128,1,1,'2024-01-22 10:57:51','for user \"\"'),(129,1,1,'2024-01-22 10:59:15','for user \"\"'),(130,1,1,'2024-01-22 10:59:20','for user \"\"'),(131,1,1,'2024-01-22 10:59:22','for user \"\"'),(132,1,1,'2024-01-22 11:01:31','for user \"\"'),(133,1,1,'2024-01-22 11:01:39','for user \"\"'),(134,1,1,'2024-01-22 11:01:44','for user \"\"'),(135,1,1,'2024-01-22 11:06:10','for user \"\"'),(136,1,1,'2024-01-22 11:06:11','for user \"\"'),(137,1,1,'2024-01-22 11:06:13','for user \"\"'),(138,1,1,'2024-01-22 11:08:33','for user \"\"'),(139,1,1,'2024-01-22 11:08:35','for user \"\"'),(140,1,1,'2024-01-22 11:08:40','for user \"\"'),(141,1,1,'2024-01-22 11:13:05','for user \"\"'),(142,1,1,'2024-01-22 11:13:06','for user \"\"'),(143,1,1,'2024-01-22 11:13:07','for user \"\"'),(144,1,1,'2024-01-22 11:13:18','for user \"\"'),(145,1,1,'2024-01-22 11:15:51','for user \"\"'),(146,1,1,'2024-01-22 11:15:53','for user \"\"'),(147,1,1,'2024-01-22 11:15:57','for user \"\"'),(148,1,1,'2024-01-22 11:18:59','for user \"\"'),(149,1,1,'2024-01-22 11:19:07','for user \"\"'),(150,1,1,'2024-01-22 11:19:11','for user \"\"'),(151,1,1,'2024-01-22 11:21:57','for user \"\"'),(152,1,1,'2024-01-22 11:21:58','for user \"\"'),(153,1,1,'2024-01-22 11:21:59','for user \"\"'),(154,1,1,'2024-01-22 11:25:46','for user \"\"'),(155,1,1,'2024-01-22 11:25:48','for user \"\"'),(156,1,1,'2024-01-22 11:25:49','for user \"\"'),(157,1,1,'2024-01-22 11:25:56','for user \"\"'),(158,1,1,'2024-01-22 11:28:43','for user \"\"'),(159,1,1,'2024-01-22 11:28:44','for user \"\"'),(160,1,1,'2024-01-22 11:28:45','for user \"\"'),(161,1,1,'2024-01-22 11:30:04','for user \"\"'),(162,1,1,'2024-01-22 11:30:06','for user \"\"'),(163,1,1,'2024-01-22 11:30:06','for user \"\"'),(164,1,1,'2024-01-22 11:32:40','for user \"\"'),(165,1,1,'2024-01-22 11:32:41','for user \"\"'),(166,1,1,'2024-01-22 11:32:42','for user \"\"'),(167,1,1,'2024-01-22 11:37:01','for user \"\"'),(168,1,1,'2024-01-22 11:37:46','for user \"\"'),(169,1,1,'2024-01-22 11:37:46','for user \"\"'),(170,1,1,'2024-01-22 11:37:49','for user \"\"'),(171,1,1,'2024-01-22 11:37:52','for user \"\"'),(172,1,1,'2024-01-22 11:41:11','for user \"\"'),(173,1,1,'2024-01-22 11:41:13','for user \"\"'),(174,1,1,'2024-01-22 11:41:13','for user \"\"'),(175,1,1,'2024-01-22 11:43:16','for user \"\"'),(176,1,1,'2024-01-22 11:43:25','for user \"\"'),(177,1,1,'2024-01-22 11:43:26','for user \"\"'),(178,1,1,'2024-01-22 11:43:30','for user \"\"'),(179,1,1,'2024-01-22 11:43:39','for user \"\"'),(180,1,1,'2024-01-22 11:44:08','for user \"\"'),(181,1,1,'2024-01-22 11:44:09','for user \"\"'),(182,1,1,'2024-01-22 11:44:10','for user \"\"'),(183,1,1,'2024-01-22 11:44:11','for user \"\"'),(184,1,1,'2024-01-22 11:45:21','for user \"\"'),(185,1,1,'2024-01-22 11:45:40','for user \"\"'),(186,1,1,'2024-01-22 11:45:45','for user \"\"'),(187,1,1,'2024-01-22 11:45:53','for user \"\"'),(188,1,1,'2024-01-22 11:48:18','for user \"\"'),(189,1,1,'2024-01-22 11:48:19','for user \"\"'),(190,1,1,'2024-01-22 11:48:19','for user \"\"'),(191,1,1,'2024-01-22 11:48:21','for user \"\"'),(192,1,1,'2024-01-22 11:52:54','for user \"\"'),(193,1,1,'2024-01-22 11:52:55','for user \"\"'),(194,1,1,'2024-01-22 11:52:56','for user \"\"'),(195,1,1,'2024-01-22 11:53:02','for user \"\"'),(196,1,1,'2024-01-22 11:58:35','for user \"\"'),(197,1,1,'2024-01-22 11:58:36','for user \"\"'),(198,1,1,'2024-01-22 11:58:37','for user \"\"'),(199,1,1,'2024-01-22 11:58:44','for user \"\"'),(200,1,1,'2024-01-22 12:00:17','for user \"\"'),(201,1,1,'2024-01-22 12:00:18','for user \"\"'),(202,1,1,'2024-01-22 12:00:18','for user \"\"'),(203,1,1,'2024-01-22 12:00:24','for user \"\"'),(204,1,1,'2024-01-25 18:33:11','for user \"\"'),(205,1,1,'2024-01-25 18:33:12','for user \"\"'),(206,1,1,'2024-01-25 18:33:13','for user \"\"'),(207,1,1,'2024-01-25 18:34:59','for user \"\"'),(208,1,1,'2024-01-25 18:35:01','for user \"\"'),(209,1,1,'2024-01-25 18:35:01','for user \"\"'),(210,1,1,'2024-01-25 18:36:07','for user \"\"'),(211,1,1,'2024-01-25 18:36:09','for user \"\"'),(212,1,1,'2024-01-25 18:36:13','for user \"\"'),(213,1,1,'2024-01-25 18:37:28','for user \"\"'),(214,1,1,'2024-01-25 18:37:29','for user \"\"'),(215,1,1,'2024-01-25 18:37:31','for user \"\"'),(216,1,1,'2024-01-25 18:37:49','for user \"\"'),(217,1,1,'2024-01-25 18:37:52','for user \"\"'),(218,1,1,'2024-01-25 18:37:54','for user \"\"'),(219,1,1,'2024-01-25 18:40:00','for user \"\"'),(220,1,1,'2024-01-25 18:41:37','for user \"\"'),(221,1,1,'2024-01-25 18:41:38','for user \"\"'),(222,1,1,'2024-01-25 18:41:39','for user \"\"'),(223,1,1,'2024-01-25 18:41:51','for user \"\"'),(224,1,1,'2024-01-25 18:41:52','for user \"\"'),(225,1,1,'2024-01-25 18:41:53','for user \"\"'),(226,1,1,'2024-01-25 18:43:29','for user \"\"'),(227,1,1,'2024-01-25 18:43:32','for user \"\"'),(228,1,1,'2024-01-25 18:43:33','for user \"\"'),(229,1,1,'2024-01-25 18:43:37','for user \"\"'),(230,1,1,'2024-01-25 18:43:40','for user \"\"'),(231,1,1,'2024-01-25 18:44:06','for user \"\"'),(232,1,1,'2024-01-25 18:44:08','for user \"\"'),(233,1,1,'2024-01-25 18:44:11','for user \"\"'),(234,1,1,'2024-01-25 18:44:34','for user \"\"'),(235,1,1,'2024-01-25 18:44:36','for user \"\"'),(236,1,1,'2024-01-25 18:44:40','for user \"\"'),(237,1,1,'2024-01-25 18:45:11','for user \"\"'),(238,1,1,'2024-01-25 18:45:12','for user \"\"'),(239,1,1,'2024-01-25 18:45:13','for user \"\"'),(240,1,1,'2024-01-25 18:45:17','for user \"\"'),(241,1,1,'2024-01-25 18:48:00','for user \"\"'),(242,1,1,'2024-01-25 18:48:01','for user \"\"'),(243,1,1,'2024-01-25 18:48:01','for user \"\"'),(244,1,1,'2024-01-25 18:48:23','for user \"\"'),(245,1,1,'2024-01-25 18:48:23','for user \"\"'),(246,1,1,'2024-01-25 18:48:24','for user \"\"'),(247,1,1,'2024-01-25 18:50:47','for user \"\"'),(248,1,1,'2024-01-25 18:50:49','for user \"\"'),(249,1,1,'2024-01-25 18:50:49','for user \"\"'),(250,1,1,'2024-01-25 18:55:38','for user \"\"'),(251,1,1,'2024-01-25 18:55:46','for user \"\"'),(252,1,1,'2024-01-25 18:58:02','for user \"\"'),(253,1,1,'2024-01-25 18:58:03','for user \"\"'),(254,1,1,'2024-01-25 18:58:06','for user \"\"'),(255,1,1,'2024-01-25 18:59:18','for user \"\"'),(256,1,1,'2024-01-25 18:59:19','for user \"\"'),(257,1,1,'2024-01-25 18:59:20','for user \"\"'),(258,1,1,'2024-01-25 19:01:05','for user \"\"'),(259,1,1,'2024-01-25 19:01:06','for user \"\"'),(260,1,1,'2024-01-25 19:01:07','for user \"\"'),(261,1,1,'2024-01-25 19:02:08','for user \"\"'),(262,1,1,'2024-01-25 19:02:09','for user \"\"'),(263,1,1,'2024-01-25 19:02:09','for user \"\"'),(264,1,1,'2024-01-25 19:02:42','for user \"mocksiest\"'),(265,1,1,'2024-01-25 19:02:43','for user \"mocksiest\"'),(266,1,2,'2024-01-25 19:02:48','for user \"mocksiest\"'),(267,1,1,'2024-01-25 19:02:53','for user \"mocksiest\"'),(268,1,1,'2024-01-25 19:02:54','for user \"mocksiest\"'),(269,1,2,'2024-01-25 19:02:58','for user \"mocksiest\"'),(270,1,1,'2024-01-25 19:03:02','for user \"mocksiest\"'),(271,1,2,'2024-01-25 19:03:04','for user \"mocksiest\"'),(272,1,1,'2024-01-25 19:03:08','for user \"mocksiest\"'),(273,1,1,'2024-01-25 19:03:09','for user \"mocksiest\"'),(274,1,1,'2024-01-25 19:03:10','for user \"mocksiest\"'),(275,1,1,'2024-01-25 19:04:24','for user \"\"'),(276,1,1,'2024-01-25 19:04:25','for user \"\"'),(277,1,1,'2024-01-25 19:04:27','for user \"\"'),(278,1,1,'2024-01-25 19:11:10','for user \"\"'),(279,1,1,'2024-01-25 19:11:10','for user \"\"'),(280,1,1,'2024-01-25 19:11:20','for user \"mockiest\"'),(281,1,1,'2024-01-25 19:11:39','for user \"mocksiest\"'),(282,1,1,'2024-01-25 19:11:41','for user \"mocksiest\"'),(283,1,2,'2024-01-25 19:11:43','for user \"mocksiest\"'),(284,1,1,'2024-01-25 19:11:46','for user \"mocksiest\"'),(285,1,1,'2024-01-25 19:11:46','for user \"mocksiest\"'),(286,1,2,'2024-01-25 19:11:50','for user \"mocksiest\"'),(287,1,2,'2024-01-25 19:11:52','for user \"mocksiest\"'),(288,1,1,'2024-01-25 19:11:54','for user \"mocksiest\"'),(289,1,2,'2024-01-25 19:11:56','for user \"mocksiest\"'),(290,1,1,'2024-01-25 19:11:58','for user \"mocksiest\"'),(291,1,1,'2024-01-25 19:11:59','for user \"mocksiest\"'),(292,1,1,'2024-01-25 19:11:59','for user \"mocksiest\"'),(293,1,1,'2024-01-28 16:01:46','for user \"mocksiest\"'),(294,1,1,'2024-01-28 16:01:46','for user \"mocksiest\"'),(295,1,2,'2024-01-28 16:01:50','for user \"mocksiest\"'),(296,1,1,'2024-01-28 16:01:52','for user \"mocksiest\"'),(297,1,1,'2024-01-28 16:01:53','for user \"mocksiest\"'),(298,1,1,'2024-01-28 16:01:53','for user \"mocksiest\"'),(299,1,1,'2024-01-28 16:07:03','for user \"\"'),(300,1,1,'2024-01-28 16:07:04','for user \"\"'),(301,1,2,'2024-01-28 16:07:11','for user \"mocksiest\"'),(302,1,2,'2024-01-28 16:07:12','for user \"mocksiest\"'),(303,1,1,'2024-01-28 16:07:14','for user \"mocksiest\"'),(304,1,1,'2024-01-28 16:07:14','for user \"mocksiest\"'),(305,1,1,'2024-01-28 16:07:14','for user \"mocksiest\"'),(306,1,1,'2024-01-28 16:15:55','for user \"\"'),(307,1,1,'2024-01-28 16:15:56','for user \"\"'),(308,1,1,'2024-01-28 16:15:56','for user \"\"'),(309,1,1,'2024-01-28 16:29:30','for user \"\"'),(310,1,1,'2024-01-28 16:29:31','for user \"\"'),(311,1,1,'2024-01-28 16:29:33','for user \"\"'),(312,1,1,'2024-01-28 16:29:53','for user \"\"'),(313,1,1,'2024-01-28 16:29:53','for user \"\"'),(314,1,2,'2024-01-28 16:30:01','for user \"mocksiest\"'),(315,1,1,'2024-01-28 16:30:04','for user \"mocksiest\"'),(316,1,1,'2024-01-28 16:30:04','for user \"mocksiest\"'),(317,1,1,'2024-01-28 16:30:06','for user \"mocksiest\"'),(318,1,1,'2024-01-28 16:30:16','for user \"mocksiest\"'),(319,1,2,'2024-01-28 16:30:19','for user \"mocksiest\"'),(320,1,1,'2024-01-28 16:30:21','for user \"mocksiest\"'),(321,1,1,'2024-01-28 16:30:22','for user \"mocksiest\"'),(322,1,1,'2024-01-28 16:30:22','for user \"mocksiest\"'),(323,1,1,'2024-01-28 16:39:27','for user \"\"'),(324,1,1,'2024-01-28 16:39:28','for user \"\"'),(325,1,1,'2024-01-28 16:39:28','for user \"\"'),(326,1,1,'2024-01-28 16:42:16','for user \"\"'),(327,1,1,'2024-01-28 16:42:16','for user \"\"'),(328,1,1,'2024-01-28 16:42:17','for user \"\"'),(329,1,1,'2024-01-28 16:43:18','for user \"\"'),(330,1,1,'2024-01-28 16:43:18','for user \"\"'),(331,1,1,'2024-01-28 16:43:19','for user \"\"'),(332,1,1,'2024-01-28 16:43:21','for user \"\"'),(333,1,1,'2024-01-28 16:43:36','for user \"\"'),(334,1,1,'2024-01-28 16:43:36','for user \"\"'),(335,1,1,'2024-01-28 16:43:37','for user \"\"'),(336,1,1,'2024-01-28 16:43:45','for user \"\"'),(337,1,1,'2024-01-28 16:43:46','for user \"\"'),(338,1,1,'2024-01-28 16:43:46','for user \"\"'),(339,1,1,'2024-01-28 16:43:52','for user \"\"'),(340,1,1,'2024-01-28 16:43:52','for user \"\"'),(341,1,2,'2024-01-28 16:44:01','for user \"mocksiest\"'),(342,1,1,'2024-01-28 16:44:03','for user \"mocksiest\"'),(343,1,1,'2024-01-28 16:44:04','for user \"mocksiest\"'),(344,1,1,'2024-01-28 16:44:04','for user \"mocksiest\"'),(345,1,1,'2024-01-28 16:49:02','for user \"\"'),(346,1,1,'2024-01-28 16:49:02','for user \"\"'),(347,1,1,'2024-01-28 16:49:02','for user \"\"'),(348,1,1,'2024-01-28 16:49:14','for user \"\"'),(349,1,1,'2024-01-28 16:49:14','for user \"\"'),(350,1,2,'2024-01-28 16:49:20','for user \"mocksiest\"'),(351,1,2,'2024-01-28 16:49:21','for user \"mocksiest\"'),(352,1,1,'2024-01-28 16:49:22','for user \"mocksiest\"'),(353,1,1,'2024-01-28 16:49:23','for user \"mocksiest\"'),(354,1,1,'2024-01-28 16:49:23','for user \"mocksiest\"'),(355,1,1,'2024-01-28 17:15:04','for user \"\"'),(356,1,1,'2024-01-28 17:15:05','for user \"\"'),(357,1,1,'2024-01-28 17:15:05','for user \"\"'),(358,1,1,'2024-01-28 17:15:19','for user \"\"'),(359,1,1,'2024-01-28 17:15:20','for user \"\"'),(360,1,2,'2024-01-28 17:15:26','for user \"mocksiest\"'),(361,1,2,'2024-01-28 17:15:27','for user \"mocksiest\"'),(362,1,1,'2024-01-28 17:15:28','for user \"mocksiest\"'),(363,1,1,'2024-01-28 17:15:29','for user \"mocksiest\"'),(364,1,1,'2024-01-28 17:15:30','for user \"mocksiest\"'),(365,1,1,'2024-01-28 17:24:08','for user \"\"'),(366,1,1,'2024-01-28 17:24:08','for user \"\"'),(367,1,1,'2024-01-28 17:24:09','for user \"\"'),(368,1,1,'2024-01-28 17:24:28','for user \"\"'),(369,1,1,'2024-01-28 17:24:29','for user \"\"'),(370,1,1,'2024-01-28 17:24:29','for user \"\"'),(371,1,1,'2024-01-28 17:26:01','for user \"\"'),(372,1,1,'2024-01-28 17:26:01','for user \"\"'),(373,1,1,'2024-01-28 17:26:09','for user \"mocksiest\"'),(374,1,1,'2024-01-28 17:26:55','for user \"\"'),(375,1,1,'2024-01-28 17:26:57','for user \"\"'),(376,1,1,'2024-01-28 17:26:57','for user \"\"'),(377,1,1,'2024-01-28 17:27:52','for user \"\"'),(378,1,1,'2024-01-28 17:27:53','for user \"\"'),(379,1,1,'2024-01-28 17:27:53','for user \"\"'),(380,1,1,'2024-01-28 17:29:12','for user \"\"'),(381,1,1,'2024-01-28 17:29:13','for user \"\"'),(382,1,1,'2024-01-28 17:29:18','for user \"\"'),(383,1,1,'2024-01-28 17:29:54','for user \"\"'),(384,1,1,'2024-01-28 17:29:54','for user \"\"'),(385,1,1,'2024-01-28 17:29:55','for user \"\"'),(386,1,1,'2024-01-28 17:31:40','for user \"\"'),(387,1,1,'2024-01-28 17:32:08','for user \"\"'),(388,1,1,'2024-01-28 17:32:09','for user \"\"'),(389,1,1,'2024-01-28 17:32:09','for user \"\"'),(390,1,1,'2024-01-28 17:39:53','for user \"\"'),(391,1,1,'2024-01-28 17:39:53','for user \"\"'),(392,1,1,'2024-01-28 17:39:54','for user \"\"'),(393,1,1,'2024-01-28 17:41:09','for user \"\"'),(394,1,1,'2024-01-28 17:41:13','for user \"\"'),(395,1,1,'2024-01-28 17:41:14','for user \"\"'),(396,1,1,'2024-01-28 17:42:18','for user \"\"'),(397,1,1,'2024-01-28 17:42:18','for user \"\"'),(398,1,1,'2024-01-28 17:42:18','for user \"\"'),(399,1,1,'2024-01-28 17:47:48','for user \"\"'),(400,1,1,'2024-01-28 17:47:48','for user \"\"'),(401,1,1,'2024-01-28 17:47:49','for user \"\"'),(402,1,1,'2024-01-28 17:48:42','for user \"\"'),(403,1,1,'2024-01-28 17:48:42','for user \"\"'),(404,1,1,'2024-01-28 17:48:43','for user \"\"'),(405,1,1,'2024-01-28 17:51:59','for user \"\"'),(406,1,1,'2024-01-28 17:52:00','for user \"\"'),(407,1,1,'2024-01-28 17:52:02','for user \"\"'),(408,1,1,'2024-01-28 17:52:51','for user \"mocksiest\"'),(409,1,1,'2024-01-28 17:52:52','for user \"mocksiest\"'),(410,1,2,'2024-01-28 17:52:53','for user \"mocksiest\"'),(411,1,2,'2024-01-28 17:52:55','for user \"mocksiest\"'),(412,1,1,'2024-01-28 17:52:57','for user \"mocksiest\"'),(413,1,1,'2024-01-28 17:52:57','for user \"mocksiest\"'),(414,1,1,'2024-01-28 17:52:58','for user \"mocksiest\"'),(415,1,1,'2024-01-28 18:10:04','for user \"\"'),(416,1,1,'2024-01-28 18:10:04','for user \"\"'),(417,1,1,'2024-01-28 18:10:05','for user \"\"'),(418,1,1,'2024-01-28 18:12:57','for user \"\"'),(419,1,1,'2024-01-28 18:12:58','for user \"\"'),(420,1,2,'2024-01-28 18:13:10','for user \"mocksiest\"'),(421,1,1,'2024-01-28 18:13:12','for user \"mocksiest\"'),(422,1,1,'2024-01-28 18:13:13','for user \"mocksiest\"'),(423,1,1,'2024-01-28 18:13:15','for user \"mocksiest\"'),(424,1,1,'2024-01-28 18:23:50','for user \"\"'),(425,1,1,'2024-01-28 18:23:51','for user \"\"'),(426,1,1,'2024-01-28 18:23:52','for user \"\"'),(427,1,1,'2024-01-28 18:52:04','for user \"\"'),(428,1,1,'2024-01-28 18:52:04','for user \"\"'),(429,1,1,'2024-01-28 18:52:04','for user \"\"'),(430,1,1,'2024-01-28 18:58:24','for user \"\"'),(431,1,1,'2024-01-28 18:58:25','for user \"\"'),(432,1,1,'2024-01-28 18:58:25','for user \"\"'),(433,1,1,'2024-01-28 19:17:16','for user \"\"'),(434,1,1,'2024-01-28 19:17:16','for user \"\"'),(435,1,1,'2024-01-28 19:17:17','for user \"\"'),(436,1,1,'2024-01-28 19:22:28','for user \"\"'),(437,1,1,'2024-01-28 19:22:28','for user \"\"'),(438,1,1,'2024-01-28 19:22:28','for user \"\"'),(439,1,1,'2024-01-28 19:24:36','for user \"\"'),(440,1,1,'2024-01-28 19:24:38','for user \"\"'),(441,1,2,'2024-01-28 19:24:47','for user \"mocksiest\"'),(442,1,1,'2024-01-28 19:24:49','for user \"mocksiest\"'),(443,1,1,'2024-01-28 19:24:50','for user \"mocksiest\"'),(444,1,1,'2024-01-28 19:24:50','for user \"mocksiest\"'),(445,1,1,'2024-01-28 19:33:21','for user \"\"'),(446,1,1,'2024-01-28 19:33:22','for user \"\"'),(447,1,1,'2024-01-28 19:33:23','for user \"\"'),(448,1,1,'2024-01-28 19:37:51','for user \"\"'),(449,1,1,'2024-01-28 19:37:51','for user \"\"'),(450,1,1,'2024-01-28 19:37:51','for user \"\"'),(451,1,1,'2024-01-29 11:31:57','for user \"\"'),(452,1,1,'2024-01-29 11:31:57','for user \"\"'),(453,1,1,'2024-01-29 11:31:57','for user \"\"'),(454,1,1,'2024-01-30 10:11:43','for user \"\"'),(455,1,1,'2024-01-30 10:11:44','for user \"\"'),(456,1,1,'2024-01-30 10:11:44','for user \"\"'),(457,1,1,'2024-01-30 10:16:50','for user \"\"'),(458,1,1,'2024-01-30 10:16:50','for user \"\"'),(459,1,1,'2024-01-30 10:16:50','for user \"\"'),(460,1,1,'2024-02-01 10:58:10','for user \"\"'),(461,1,1,'2024-02-01 10:58:11','for user \"\"'),(462,1,1,'2024-02-01 10:58:12','for user \"\"'),(463,1,2,'2024-02-01 11:09:45','for user \"mocksiest\"'),(464,1,2,'2024-02-01 11:10:09','for user \"mocksiest\"'),(465,1,1,'2024-02-01 11:11:33','for user \"\"'),(466,1,2,'2024-02-01 11:11:40','for user \"mocksiest\"'),(467,1,2,'2024-02-01 11:11:54','for user \"mocksiest\"'),(468,1,2,'2024-02-01 11:13:03','for user \"mocksiest\"'),(469,1,1,'2024-02-01 11:13:06','for user \"\"'),(470,1,1,'2024-02-01 11:13:12','for user \"mock\"'),(471,1,2,'2024-02-01 11:13:18','for user \"mocksiest\"'),(472,1,1,'2024-02-01 11:13:21','for user \"\"'),(473,1,1,'2024-02-01 11:13:21','for user \"\"'),(474,1,1,'2024-02-01 11:13:22','for user \"\"'),(475,1,2,'2024-02-01 11:18:53','for user \"mocksiest\"'),(476,1,1,'2024-02-01 11:21:56','for user \"\"'),(477,1,1,'2024-02-01 11:21:57','for user \"\"'),(478,1,2,'2024-02-01 11:22:08','for user \"mocksiest\"'),(479,1,2,'2024-02-01 11:22:28','for user \"mocksiest\"'),(480,1,1,'2024-02-01 11:22:36','for user \"\"'),(481,1,1,'2024-02-01 11:22:37','for user \"\"'),(482,1,2,'2024-02-01 11:23:04','for user \"mocksiest\"'),(483,1,2,'2024-02-01 11:24:03','for user \"mocksiest\"'),(484,1,1,'2024-02-01 11:24:11','for user \"\"'),(485,1,1,'2024-02-01 11:24:11','for user \"\"'),(486,1,1,'2024-02-01 11:24:14','for user \"\"'),(487,1,1,'2024-02-01 11:24:14','for user \"\"'),(488,1,1,'2024-02-01 11:24:16','for user \"\"'),(489,1,1,'2024-02-01 11:24:28','for user \"\"'),(490,1,1,'2024-02-01 11:25:26','for user \"\"'),(491,1,1,'2024-02-01 11:25:27','for user \"\"'),(492,1,1,'2024-02-01 11:25:30','for user \"\"'),(493,1,1,'2024-02-01 11:25:33','for user \"\"'),(494,1,1,'2024-02-01 11:25:42','for user \"\"'),(495,1,1,'2024-02-01 11:25:43','for user \"\"'),(496,1,1,'2024-02-01 11:26:42','for user \"\"'),(497,1,1,'2024-02-01 11:26:42','for user \"\"'),(498,1,1,'2024-02-01 11:26:45','for user \"\"'),(499,1,1,'2024-02-01 11:26:46','for user \"\"'),(500,1,1,'2024-02-01 11:26:48','for user \"\"'),(501,1,1,'2024-02-01 11:26:48','for user \"\"'),(502,1,1,'2024-02-01 11:26:54','for user \"\"'),(503,1,1,'2024-02-01 11:26:55','for user \"\"'),(504,1,2,'2024-02-01 11:27:00','for user \"mocksiest\"'),(505,1,1,'2024-02-01 11:27:02','for user \"\"'),(506,1,1,'2024-02-01 11:27:02','for user \"\"'),(507,1,1,'2024-02-01 11:27:03','for user \"\"'),(508,1,1,'2024-02-05 09:17:49','for user \"mocksiest\"'),(509,1,1,'2024-02-05 09:17:49','for user \"mocksiest\"'),(510,1,2,'2024-02-05 09:17:51','for user \"mocksiest\"'),(511,1,1,'2024-02-05 09:17:57','for user \"\"'),(512,1,1,'2024-02-05 09:17:59','for user \"\"'),(513,1,1,'2024-02-05 09:18:04','for user \"mo\"'),(514,1,1,'2024-02-05 09:23:16','for user \"mocksiest\"'),(515,1,1,'2024-02-05 09:23:17','for user \"mocksiest\"'),(516,1,2,'2024-02-05 09:23:20','for user \"mocksiest\"'),(517,1,1,'2024-02-05 09:23:23','for user \"\"'),(518,1,1,'2024-02-05 09:23:24','for user \"\"'),(519,1,1,'2024-02-05 09:23:25','for user \"\"'),(520,1,1,'2024-03-05 08:04:00','for user \"mocksiest\"'),(521,1,1,'2024-03-05 08:04:01','for user \"mocksiest\"'),(522,1,2,'2024-03-05 08:04:04','for user \"mocksiest\"'),(523,1,1,'2024-03-05 08:04:11','for user \"\"'),(524,1,1,'2024-03-05 08:04:11','for user \"\"'),(525,1,1,'2024-03-05 08:04:12','for user \"\"'),(526,1,2,'2024-03-05 08:23:03','for user \"mocksiest\"'),(527,1,1,'2024-03-05 09:52:41','for user \"mocksiest\"'),(528,1,1,'2024-03-05 09:52:42','for user \"mocksiest\"'),(529,1,2,'2024-03-05 09:52:43','for user \"mocksiest\"'),(530,1,1,'2024-03-05 09:53:24','for user \"mocksiest\"'),(531,1,1,'2024-03-05 09:53:24','for user \"mocksiest\"'),(532,1,2,'2024-03-05 09:53:25','for user \"mocksiest\"'),(533,1,2,'2024-03-05 10:05:49','for user \"mocksiest\"'),(534,1,2,'2024-03-05 10:06:52','for user \"mocksiest\"'),(535,1,2,'2024-03-05 10:09:23','for user \"mocksiest\"'),(536,1,2,'2024-03-05 10:11:38','for user \"mocksiest\"'),(537,1,2,'2024-03-05 10:15:24','for user \"mocksiest\"'),(538,1,2,'2024-03-05 10:22:14','for user \"mocksiest\"'),(539,1,2,'2024-03-05 10:25:15','for user \"mocksiest\"'),(540,1,2,'2024-03-05 10:26:20','for user \"mocksiest\"'),(541,1,2,'2024-03-05 10:27:29','for user \"mocksiest\"'),(542,1,2,'2024-03-05 10:32:02','for user \"mocksiest\"'),(543,1,2,'2024-03-05 10:35:15','for user \"mocksiest\"'),(544,1,2,'2024-03-05 10:38:52','for user \"mocksiest\"'),(545,1,2,'2024-03-05 10:39:42','for user \"mocksiest\"'),(546,1,2,'2024-03-05 10:41:14','for user \"mocksiest\"'),(547,1,2,'2024-03-05 10:42:54','for user \"mocksiest\"'),(548,1,2,'2024-03-05 10:44:03','for user \"mocksiest\"'),(549,1,2,'2024-03-05 10:46:47','for user \"mocksiest\"'),(550,1,2,'2024-03-05 10:53:58','for user \"mocksiest\"'),(551,1,2,'2024-03-05 10:56:16','for user \"mocksiest\"'),(552,1,2,'2024-03-05 10:57:35','for user \"mocksiest\"'),(553,1,2,'2024-03-05 11:03:51','for user \"mocksiest\"'),(554,1,2,'2024-03-05 11:12:47','for user \"mocksiest\"'),(555,1,2,'2024-03-05 11:14:06','for user \"mocksiest\"'),(556,1,2,'2024-03-05 11:15:42','for user \"mocksiest\"'),(557,1,2,'2024-03-05 11:17:41','for user \"mocksiest\"'),(558,1,2,'2024-03-05 11:22:42','for user \"mocksiest\"'),(559,1,1,'2024-03-05 11:45:07','for user \"mocksiest\"'),(560,1,1,'2024-03-05 11:45:08','for user \"mocksiest\"'),(561,1,2,'2024-03-05 11:45:09','for user \"mocksiest\"'),(562,1,1,'2024-03-05 11:45:40','for user \"\"'),(563,1,1,'2024-03-05 11:45:42','for user \"\"'),(564,1,1,'2024-03-05 11:45:44','for user \"\"'),(565,1,1,'2024-03-05 11:45:46','for user \"\"'),(566,1,1,'2024-03-05 11:45:50','for user \"\"'),(567,1,1,'2024-03-05 11:45:50','for user \"\"'),(568,1,1,'2024-03-05 11:45:51','for user \"\"'),(569,1,2,'2024-03-07 10:43:34','for user \"mocksiest\"'),(570,1,2,'2024-03-07 10:44:52','for user \"mocksiest\"'),(571,1,1,'2024-03-07 10:47:32','for user \"mocksiest\"'),(572,1,2,'2024-03-07 10:47:34','for user \"mocksiest\"'),(573,1,2,'2024-03-07 10:49:34','for user \"mocksiest\"'),(574,1,2,'2024-03-07 10:50:08','for user \"mocksiest\"'),(575,1,1,'2024-03-07 12:00:18','for user \"password\"'),(576,2,2,'2024-03-07 12:07:24','for user \"mocksiest\"'),(577,2,2,'2024-03-07 12:09:02','for user \"mocksiest\"'),(578,2,3,'2024-03-07 12:09:15','for user \"mocksiest\"'),(579,2,2,'2024-03-07 12:11:39','for user \"mocksiest\"'),(580,2,3,'2024-03-07 12:11:47','for user \"mocksiest\"'),(581,1,1,'2024-03-07 12:11:49','for user \"\"'),(582,1,1,'2024-03-07 12:11:49','for user \"\"'),(583,1,1,'2024-03-07 12:11:52','for user \"\"'),(584,1,1,'2024-03-07 12:11:55','for user \"\"'),(585,1,1,'2024-03-07 12:11:56','for user \"\"'),(586,2,2,'2024-03-19 08:10:10','for user \"mocksiest\"'),(587,2,3,'2024-03-19 08:10:26','for user \"mocksiest\"'),(588,2,2,'2024-03-19 08:20:11','for user \"mocksiest\"'),(589,2,2,'2024-03-19 08:36:33','for user \"mocksiest\"'),(590,2,2,'2024-03-19 09:00:20','for user \"mocksiest\"'),(591,2,4,'2024-03-19 09:00:29','for user \"mocksiest\"'),(592,1,1,'2024-03-19 09:00:40','for user \"\"'),(593,1,1,'2024-03-19 09:00:41','for user \"\"'),(594,1,1,'2024-03-19 09:00:42','for user \"\"'),(595,2,2,'2024-03-19 09:29:20','for user \"mocksiest\"'),(596,2,2,'2024-03-19 09:31:15','for user \"mocksiest\"'),(597,2,2,'2024-03-19 09:32:21','for user \"mocksiest\"'),(598,2,2,'2024-03-19 09:38:42','for user \"mocksiest\"'),(599,2,4,'2024-03-19 09:39:04','for user \"mocksiest\"'),(600,2,2,'2024-03-19 09:43:35','for user \"mocksiest\"'),(601,2,2,'2024-03-19 09:45:07','for user \"mocksiest\"'),(602,2,4,'2024-03-19 09:45:17','for user \"mocksiest\"'),(603,2,2,'2024-03-19 09:45:27','for user \"mocksiest\"'),(604,2,2,'2024-03-19 10:04:06','for user \"mocksiest\"'),(605,2,2,'2024-03-19 10:07:12','for user \"mocksiest\"'),(606,2,2,'2024-03-19 10:09:58','for user \"mocksiest\"'),(607,2,3,'2024-03-19 10:10:25','for user \"mocksiest\"'),(608,2,2,'2024-03-19 10:15:18','for user \"mocksiest\"'),(609,2,2,'2024-03-19 10:16:30','for user \"mocksiest\"'),(610,2,2,'2024-03-19 10:21:58','for user \"mocksiest\"'),(611,2,2,'2024-03-19 10:23:03','for user \"mocksiest\"'),(612,2,2,'2024-03-19 10:25:30','for user \"mocksiest\"'),(613,2,4,'2024-03-19 10:25:46','for user \"mocksiest\"'),(614,1,1,'2024-04-07 16:02:08','for user \"\"'),(615,2,2,'2024-04-07 16:02:15','for user \"mocksiest\"'),(616,2,2,'2024-04-07 16:19:29','for user \"mocksiest\"'),(617,2,2,'2024-04-07 16:20:24','for user \"mocksiest\"'),(618,2,2,'2024-04-07 16:21:04','for user \"mocksiest\"'),(619,2,2,'2024-04-07 16:21:47','for user \"mocksiest\"'),(620,2,2,'2024-04-07 16:25:06','for user \"mocksiest\"'),(621,2,2,'2024-04-07 16:28:49','for user \"mocksiest\"'),(622,2,2,'2024-04-07 16:29:02','for user \"mocksiest\"'),(623,2,2,'2024-04-07 16:30:11','for user \"mocksiest\"'),(624,2,3,'2024-04-07 16:30:27','for user \"mocksiest\"'),(625,2,2,'2024-04-07 16:34:57','for user \"mocksiest\"'),(626,2,2,'2024-04-07 16:35:31','for user \"mocksiest\"'),(627,2,2,'2024-04-07 16:36:07','for user \"mocksiest\"'),(628,2,2,'2024-04-07 16:37:37','for user \"mocksiest\"'),(629,2,2,'2024-04-07 16:37:42','for user \"mocksiest\"'),(630,2,2,'2024-04-07 16:37:45','for user \"mocksiest\"'),(631,1,1,'2024-04-07 16:37:47','for user \"mocksies\"'),(632,1,1,'2024-04-07 16:37:56','for user \"mocksies\"'),(633,2,2,'2024-04-07 16:37:58','for user \"mocksiest\"'),(634,1,1,'2024-04-07 16:38:00','for user \"mocksies\"'),(635,1,1,'2024-04-07 16:39:51','for user \"\"'),(636,1,1,'2024-04-07 16:39:53','for user \"\"'),(637,1,1,'2024-04-07 16:39:53','for user \"\"'),(638,2,2,'2024-04-07 16:40:39','for user \"mocksiest\"'),(639,2,3,'2024-04-07 16:40:51','for user \"mocksiest\"'),(640,2,2,'2024-05-18 09:27:35','for user \"mocksiest\"'),(641,2,2,'2024-05-18 09:38:03','for user \"mocksiest\"'),(642,2,3,'2024-05-18 09:45:41','for user \"mocksiest\"'),(643,2,2,'2024-05-18 11:00:29','for user \"mocksiest\"'),(644,2,2,'2024-05-18 11:03:12','for user \"mocksiest\"'),(645,2,2,'2024-05-18 11:03:37','for user \"mocksiest\"'),(646,2,2,'2024-05-18 11:06:45','for user \"mocksiest\"'),(647,2,3,'2024-05-18 11:06:54','for user \"mocksiest\"'),(648,2,2,'2024-05-18 11:07:00','for user \"mocksiest\"'),(649,2,2,'2024-05-18 11:08:22','for user \"mocksiest\"'),(650,2,3,'2024-05-18 11:08:37','for user \"mocksiest\"'),(651,2,2,'2024-05-18 11:08:51','for user \"mocksiest\"'),(652,2,2,'2024-05-18 11:11:40','for user \"mocksiest\"'),(653,2,3,'2024-05-18 11:12:04','for user \"mocksiest\"'),(654,2,2,'2024-05-19 15:39:29','for user \"mocksiest\"'),(655,2,3,'2024-05-19 15:40:20','for user \"mocksiest\"'),(656,2,2,'2024-05-19 18:42:12','for user \"mocksiest\"'),(657,2,3,'2024-05-19 18:42:17','for user \"mocksiest\"'),(658,2,5,'2024-05-25 07:53:35','for user \"mocksiest\" at LAXAMANA-PC'),(659,2,5,'2024-05-25 08:05:41','for user \"mocksiest\" at LAXAMANA-PC'),(660,2,5,'2024-05-25 08:06:29','for user \"mocksiest\" at LAXAMANA-PC'),(661,2,6,'2024-05-25 08:06:38','for user \"mocksiest\" at LAXAMANA-PC'),(662,2,5,'2024-05-25 08:32:22','for user \"mocksiest\" at LAXAMANA-PC'),(663,2,6,'2024-05-25 08:32:32','for user \"mocksiest\" at LAXAMANA-PC'),(664,1,1,'2024-05-25 08:32:50','for user \"mocksiest\" at LAXAMANA-PC'),(665,1,1,'2024-05-25 08:32:52','for user \"mocksiest\" at LAXAMANA-PC'),(666,2,2,'2024-05-25 08:33:08','for user \"mocksiest\" at LAXAMANA-PC'),(667,2,3,'2024-05-25 08:34:21','for user \"mocksiest\" at LAXAMANA-PC'),(668,2,2,'2024-05-25 08:36:10','for user \"mocksiest\" at LAXAMANA-PC'),(669,2,4,'2024-05-25 08:36:20','for user \"mocksiest\" at LAXAMANA-PC'),(670,1,1,'2024-05-25 08:36:33','for user \"chloe\" at LAXAMANA-PC'),(671,1,1,'2024-05-25 08:36:35','for user \"chloe\" at LAXAMANA-PC'),(672,1,1,'2024-05-25 08:36:35','for user \"chloe\" at LAXAMANA-PC'),(673,1,1,'2024-05-25 09:58:15','for user \"\" at LAXAMANA-PC'),(674,1,1,'2024-05-25 09:58:18','for user \"\" at LAXAMANA-PC'),(675,2,2,'2024-05-25 09:58:23','for user \"mocksiest\" at LAXAMANA-PC'),(676,2,3,'2024-05-25 09:58:52','for user \"mocksiest\" at LAXAMANA-PC'),(677,1,1,'2024-05-25 09:58:55','for user \"\" at LAXAMANA-PC'),(678,1,1,'2024-05-25 09:58:56','for user \"\" at LAXAMANA-PC'),(679,1,1,'2024-05-25 09:59:00','for user \"\" at LAXAMANA-PC'),(680,2,5,'2024-05-25 09:59:19','for user \"mocksiest\" at LAXAMANA-PC'),(681,2,5,'2024-05-25 10:47:39','for user \"mocksiest\" at LAXAMANA-PC'),(682,2,5,'2024-05-25 10:49:06','for user \"mocksiest\" at LAXAMANA-PC'),(683,2,5,'2024-05-25 10:49:24','for user \"mocksiest\" at LAXAMANA-PC'),(684,2,5,'2024-05-25 10:50:31','for user \"mocksiest\" at LAXAMANA-PC'),(685,2,5,'2024-05-25 10:50:56','for user \"mocksiest\" at LAXAMANA-PC'),(686,2,5,'2024-05-25 10:51:48','for user \"mocksiest\" at LAXAMANA-PC'),(687,2,5,'2024-05-25 10:52:42','for user \"mocksiest\" at LAXAMANA-PC'),(688,2,5,'2024-05-25 10:55:27','for user \"mocksiest\" at LAXAMANA-PC'),(689,2,5,'2024-05-25 10:56:34','for user \"mocksiest\" at LAXAMANA-PC'),(690,2,5,'2024-05-25 11:17:44','for user \"mocksiest\" at LAXAMANA-PC'),(691,1,7,'2024-05-25 11:18:08','for user \"mocksiest\" at LAXAMANA-PC'),(692,2,5,'2024-05-25 11:21:43','for user \"mocksiest\" at LAXAMANA-PC'),(693,2,5,'2024-05-25 11:22:41','for user \"mocksiest\" at LAXAMANA-PC'),(694,1,7,'2024-05-25 11:22:53','for user \"mocksiest\" at LAXAMANA-PC'),(695,2,5,'2024-05-25 11:23:19','for user \"mocksiest\" at LAXAMANA-PC'),(696,1,7,'2024-05-25 11:23:30','for user \"mocksiest\" at LAXAMANA-PC'),(697,2,5,'2024-05-25 11:25:39','for user \"mocksiest\" at LAXAMANA-PC'),(698,1,7,'2024-05-25 11:26:00','for user \"mocksiest\" at LAXAMANA-PC'),(699,2,5,'2024-05-25 11:26:31','for user \"mocksiest\" at LAXAMANA-PC'),(700,2,6,'2024-05-25 11:26:33','for user \"mocksiest\" at LAXAMANA-PC'),(701,2,5,'2024-05-25 11:27:19','for user \"mocksiest\" at LAXAMANA-PC'),(702,2,6,'2024-05-25 11:27:22','for user \"mocksiest\" at LAXAMANA-PC'),(703,2,5,'2024-05-25 11:29:56','for user \"mocksiest\" at LAXAMANA-PC'),(704,2,6,'2024-05-25 11:29:59','for user \"mocksiest\" at LAXAMANA-PC'),(705,2,2,'2024-05-25 11:30:20','for user \"mocksiest\" at LAXAMANA-PC'),(706,2,4,'2024-05-25 11:30:32','for user \"mocksiest\" at LAXAMANA-PC'),(707,2,2,'2024-05-25 11:30:45','for user \"mocksiest\" at LAXAMANA-PC'),(708,2,3,'2024-05-25 11:30:50','for user \"mocksiest\" at LAXAMANA-PC'),(709,2,5,'2024-05-25 11:47:15','for user \"mocksiest\" at LAXAMANA-PC'),(710,2,5,'2024-05-25 11:49:03','for user \"mocksiest\" at LAXAMANA-PC'),(711,1,7,'2024-05-25 11:49:12','for user \"mocksiest\" at LAXAMANA-PC'),(712,1,1,'2024-05-25 11:49:23','for user \"mocksiest\" at LAXAMANA-PC'),(713,1,1,'2024-05-25 11:49:29','for user \"mocksiest\" at LAXAMANA-PC'),(714,2,2,'2024-05-25 11:49:39','for user \"mocksiest\" at LAXAMANA-PC'),(715,2,4,'2024-05-25 11:50:34','for user \"mocksiest\" at LAXAMANA-PC'),(716,1,1,'2024-05-25 11:50:45','for user \"mocksiest\" at LAXAMANA-PC'),(717,2,2,'2024-05-25 11:50:52','for user \"mocksiest\" at LAXAMANA-PC'),(718,2,2,'2024-05-25 11:57:47','for user \"mocksiest\" at LAXAMANA-PC'),(719,2,3,'2024-05-25 12:00:29','for user \"mocksiest\" at LAXAMANA-PC'),(720,1,1,'2024-05-25 12:00:38','for user \"mocksiest\" at LAXAMANA-PC'),(721,2,2,'2024-05-25 12:00:45','for user \"mocksiest\" at LAXAMANA-PC'),(722,2,3,'2024-05-25 12:02:03','for user \"mocksiest\" at LAXAMANA-PC'),(723,1,1,'2024-05-25 12:02:30','for user \"mOcksiest\" at LAXAMANA-PC'),(724,2,2,'2024-05-25 12:02:52','for user \"mocksiest\" at LAXAMANA-PC'),(725,2,3,'2024-05-25 12:02:56','for user \"mocksiest\" at LAXAMANA-PC'),(726,3,5,'2024-05-25 15:12:23','for user \"clark\" at LAPTOP-NKRJ7O6L'),(727,1,7,'2024-05-25 15:12:47','for user \"clark\" at LAPTOP-NKRJ7O6L'),(728,3,2,'2024-05-25 15:14:27','for user \"clark\" at LAPTOP-NKRJ7O6L'),(729,3,2,'2024-05-25 15:18:26','for user \"clark\" at LAPTOP-NKRJ7O6L'),(730,3,2,'2024-05-25 15:20:54','for user \"clark\" at LAPTOP-NKRJ7O6L'),(731,3,2,'2024-05-25 15:22:36','for user \"clark\" at LAPTOP-NKRJ7O6L'),(732,3,2,'2024-05-25 15:54:59','for user \"clark\" at LAPTOP-NKRJ7O6L'),(733,3,2,'2024-05-25 15:59:45','for user \"clark\" at LAPTOP-NKRJ7O6L'),(734,3,3,'2024-05-25 16:13:58','for user \"clark\" at LAPTOP-NKRJ7O6L'),(735,3,2,'2024-05-25 16:14:08','for user \"clark\" at LAPTOP-NKRJ7O6L'),(736,3,2,'2024-05-25 16:29:19','for user \"clark\" at LAPTOP-NKRJ7O6L'),(737,3,2,'2024-05-25 16:32:47','for user \"clark\" at LAPTOP-NKRJ7O6L'),(738,3,2,'2024-05-25 16:39:54','for user \"clark\" at LAPTOP-NKRJ7O6L'),(739,3,2,'2024-05-25 16:46:59','for user \"clark\" at LAPTOP-NKRJ7O6L'),(740,3,2,'2024-05-25 16:51:59','for user \"clark\" at LAPTOP-NKRJ7O6L'),(741,3,2,'2024-05-25 16:54:02','for user \"clark\" at LAPTOP-NKRJ7O6L'),(742,3,2,'2024-05-25 16:55:21','for user \"clark\" at LAPTOP-NKRJ7O6L'),(743,3,2,'2024-05-25 16:59:38','for user \"clark\" at LAPTOP-NKRJ7O6L'),(744,3,2,'2024-05-25 17:20:24','for user \"clark\" at LAPTOP-NKRJ7O6L'),(745,3,2,'2024-05-25 17:21:35','for user \"clark\" at LAPTOP-NKRJ7O6L'),(746,3,2,'2024-05-25 17:50:10','for user \"clark\" at LAPTOP-NKRJ7O6L'),(747,3,2,'2024-05-25 17:58:00','for user \"clark\" at LAPTOP-NKRJ7O6L'),(748,3,2,'2024-05-25 18:04:53','for user \"clark\" at LAPTOP-NKRJ7O6L'),(749,3,2,'2024-05-25 18:30:59','for user \"clark\" at LAPTOP-NKRJ7O6L'),(750,3,2,'2024-05-25 18:54:11','for user \"clark\" at LAPTOP-NKRJ7O6L'),(751,3,2,'2024-05-25 18:54:54','for user \"clark\" at LAPTOP-NKRJ7O6L'),(752,3,2,'2024-05-25 18:56:55','for user \"clark\" at LAPTOP-NKRJ7O6L'),(753,3,2,'2024-05-25 19:15:23','for user \"clark\" at LAPTOP-NKRJ7O6L'),(754,3,2,'2024-05-25 19:20:59','for user \"clark\" at LAPTOP-NKRJ7O6L'),(755,1,1,'2024-05-25 20:43:48','for user \"clark\" at LAPTOP-NKRJ7O6L'),(756,3,2,'2024-05-25 20:43:54','for user \"clark\" at LAPTOP-NKRJ7O6L'),(757,3,2,'2024-05-25 20:51:23','for user \"clark\" at LAPTOP-NKRJ7O6L'),(758,3,2,'2024-05-25 20:56:00','for user \"clark\" at LAPTOP-NKRJ7O6L'),(759,3,2,'2024-05-25 21:00:40','for user \"clark\" at LAPTOP-NKRJ7O6L'),(760,3,2,'2024-05-25 21:05:45','for user \"clark\" at LAPTOP-NKRJ7O6L'),(761,3,2,'2024-05-25 21:09:12','for user \"clark\" at LAPTOP-NKRJ7O6L'),(762,3,2,'2024-05-25 21:15:05','for user \"clark\" at LAPTOP-NKRJ7O6L'),(763,3,2,'2024-05-25 22:18:38','for user \"clark\" at LAPTOP-NKRJ7O6L'),(764,3,2,'2024-05-25 22:20:24','for user \"clark\" at LAPTOP-NKRJ7O6L'),(765,3,2,'2024-05-25 22:22:22','for user \"clark\" at LAPTOP-NKRJ7O6L'),(766,3,2,'2024-05-26 00:45:39','for user \"clark\" at LAPTOP-NKRJ7O6L'),(767,3,2,'2024-05-26 00:59:08','for user \"clark\" at LAPTOP-NKRJ7O6L'),(768,3,2,'2024-05-26 01:02:47','for user \"clark\" at LAPTOP-NKRJ7O6L'),(769,3,2,'2024-05-26 01:08:30','for user \"clark\" at LAPTOP-NKRJ7O6L'),(770,3,2,'2024-05-26 01:21:39','for user \"clark\" at LAPTOP-NKRJ7O6L'),(771,3,2,'2024-05-26 02:11:33','for user \"clark\" at LAPTOP-NKRJ7O6L'),(772,3,2,'2024-05-26 02:34:57','for user \"clark\" at LAPTOP-NKRJ7O6L'),(773,3,2,'2024-05-26 02:42:43','for user \"clark\" at LAPTOP-NKRJ7O6L'),(774,3,2,'2024-05-26 03:10:05','for user \"clark\" at LAPTOP-NKRJ7O6L'),(775,3,2,'2024-05-26 03:15:07','for user \"clark\" at LAPTOP-NKRJ7O6L'),(776,3,2,'2024-05-26 03:21:53','for user \"clark\" at LAPTOP-NKRJ7O6L'),(777,3,2,'2024-05-26 03:37:04','for user \"clark\" at LAPTOP-NKRJ7O6L'),(778,3,2,'2024-05-26 03:50:37','for user \"clark\" at LAPTOP-NKRJ7O6L'),(779,3,2,'2024-05-26 14:28:16','for user \"clark\" at LAPTOP-NKRJ7O6L'),(780,3,2,'2024-05-26 14:31:31','for user \"clark\" at LAPTOP-NKRJ7O6L'),(781,3,2,'2024-05-26 14:34:46','for user \"clark\" at LAPTOP-NKRJ7O6L'),(782,3,2,'2024-05-27 11:10:38','for user \"clark\" at LAPTOP-NKRJ7O6L'),(783,3,8,'2024-05-27 11:10:51','for user \"clark\" at LAPTOP-NKRJ7O6L'),(784,3,5,'2024-05-27 14:08:38','for user \"clark\" at LAPTOP-NKRJ7O6L'),(785,3,5,'2024-05-27 14:12:13','for user \"clark\" at LAPTOP-NKRJ7O6L'),(786,3,5,'2024-05-27 14:19:48','for user \"clark\" at LAPTOP-NKRJ7O6L'),(787,3,5,'2024-05-27 14:22:43','for user \"clark\" at LAPTOP-NKRJ7O6L'),(788,3,2,'2024-05-28 00:54:22','for user \"clark\" at LAPTOP-NKRJ7O6L'),(789,3,8,'2024-05-28 00:54:45','for user \"clark\" at LAPTOP-NKRJ7O6L'),(790,3,9,'2024-05-28 00:55:03','for user \"clark\" at LAPTOP-NKRJ7O6L'),(791,3,5,'2024-05-28 00:55:15','for user \"clark\" at LAPTOP-NKRJ7O6L'),(792,1,7,'2024-05-28 00:55:49','for user \"clark\" at LAPTOP-NKRJ7O6L'),(793,1,1,'2024-05-28 00:56:11','for user \"clark\" at LAPTOP-NKRJ7O6L'),(794,3,2,'2024-05-28 00:56:15','for user \"clark\" at LAPTOP-NKRJ7O6L'),(795,3,8,'2024-05-28 00:56:32','for user \"clark\" at LAPTOP-NKRJ7O6L'),(796,3,9,'2024-05-28 01:41:38','for user \"clark\" at LAPTOP-NKRJ7O6L'),(797,3,2,'2024-05-28 23:26:51','for user \"clark\" at LAPTOP-NKRJ7O6L'),(798,3,8,'2024-05-28 23:26:58','for user \"clark\" at LAPTOP-NKRJ7O6L'),(799,1,1,'2024-05-28 23:31:33','for user \"CLARK\" at LAPTOP-NKRJ7O6L'),(800,3,2,'2024-05-28 23:31:36','for user \"clark\" at LAPTOP-NKRJ7O6L'),(801,3,8,'2024-05-28 23:31:45','for user \"clark\" at LAPTOP-NKRJ7O6L'),(802,3,2,'2024-05-28 23:36:45','for user \"clark\" at LAPTOP-NKRJ7O6L'),(803,3,8,'2024-05-28 23:36:52','for user \"clark\" at LAPTOP-NKRJ7O6L'),(804,3,2,'2024-05-28 23:38:59','for user \"clark\" at LAPTOP-NKRJ7O6L'),(805,3,8,'2024-05-28 23:39:05','for user \"clark\" at LAPTOP-NKRJ7O6L'),(806,3,2,'2024-05-28 23:41:22','for user \"clark\" at LAPTOP-NKRJ7O6L'),(807,3,8,'2024-05-28 23:41:27','for user \"clark\" at LAPTOP-NKRJ7O6L'),(808,3,9,'2024-05-28 23:45:00','for user \"clark\" at LAPTOP-NKRJ7O6L'),(809,3,5,'2024-05-28 23:45:54','for user \"clark\" at LAPTOP-NKRJ7O6L'),(810,1,7,'2024-05-28 23:46:10','for user \"clark\" at LAPTOP-NKRJ7O6L'),(811,3,2,'2024-05-28 23:46:18','for user \"clark\" at LAPTOP-NKRJ7O6L'),(812,3,8,'2024-05-28 23:46:29','for user \"clark\" at LAPTOP-NKRJ7O6L'),(813,3,2,'2024-05-29 00:25:59','for user \"clark\" at LAPTOP-NKRJ7O6L'),(814,3,8,'2024-05-29 00:26:09','for user \"clark\" at LAPTOP-NKRJ7O6L'),(815,3,2,'2024-05-29 00:31:23','for user \"clark\" at LAPTOP-NKRJ7O6L'),(816,3,8,'2024-05-29 00:31:51','for user \"clark\" at LAPTOP-NKRJ7O6L'),(817,3,2,'2024-05-29 00:32:50','for user \"clark\" at LAPTOP-NKRJ7O6L'),(818,3,8,'2024-05-29 00:32:59','for user \"clark\" at LAPTOP-NKRJ7O6L'),(819,3,2,'2024-05-29 00:38:45','for user \"clark\" at LAPTOP-NKRJ7O6L'),(820,3,8,'2024-05-29 00:38:55','for user \"clark\" at LAPTOP-NKRJ7O6L'),(821,3,2,'2024-05-29 00:47:08','for user \"clark\" at LAPTOP-NKRJ7O6L'),(822,3,8,'2024-05-29 00:47:16','for user \"clark\" at LAPTOP-NKRJ7O6L'),(823,3,2,'2024-05-29 00:49:02','for user \"clark\" at LAPTOP-NKRJ7O6L'),(824,3,8,'2024-05-29 00:49:15','for user \"clark\" at LAPTOP-NKRJ7O6L'),(825,3,2,'2024-05-29 01:07:48','for user \"clark\" at LAPTOP-NKRJ7O6L'),(826,3,8,'2024-05-29 01:07:58','for user \"clark\" at LAPTOP-NKRJ7O6L'),(827,3,2,'2024-05-29 01:27:34','for user \"clark\" at LAPTOP-NKRJ7O6L'),(828,3,8,'2024-05-29 01:27:47','for user \"clark\" at LAPTOP-NKRJ7O6L'),(829,3,2,'2024-05-29 01:30:17','for user \"clark\" at LAPTOP-NKRJ7O6L'),(830,3,8,'2024-05-29 01:30:26','for user \"clark\" at LAPTOP-NKRJ7O6L'),(831,3,2,'2024-05-29 01:37:28','for user \"clark\" at LAPTOP-NKRJ7O6L'),(832,3,8,'2024-05-29 01:37:38','for user \"clark\" at LAPTOP-NKRJ7O6L'),(833,3,9,'2024-05-29 01:40:28','for user \"clark\" at LAPTOP-NKRJ7O6L'),(834,3,2,'2024-05-29 01:50:03','for user \"clark\" at LAPTOP-NKRJ7O6L'),(835,3,8,'2024-05-29 01:50:13','for user \"clark\" at LAPTOP-NKRJ7O6L'),(836,3,2,'2024-05-29 01:51:07','for user \"clark\" at LAPTOP-NKRJ7O6L'),(837,3,8,'2024-05-29 01:51:42','for user \"clark\" at LAPTOP-NKRJ7O6L'),(838,3,2,'2024-05-29 03:21:02','for user \"clark\" at LAPTOP-NKRJ7O6L'),(839,3,8,'2024-05-29 03:21:15','for user \"clark\" at LAPTOP-NKRJ7O6L'),(840,3,2,'2024-05-29 03:22:36','for user \"clark\" at LAPTOP-NKRJ7O6L'),(841,3,8,'2024-05-29 03:22:47','for user \"clark\" at LAPTOP-NKRJ7O6L'),(842,3,2,'2024-05-29 03:27:17','for user \"clark\" at LAPTOP-NKRJ7O6L'),(843,3,8,'2024-05-29 03:27:24','for user \"clark\" at LAPTOP-NKRJ7O6L'),(844,3,2,'2024-05-29 03:28:23','for user \"clark\" at LAPTOP-NKRJ7O6L'),(845,3,8,'2024-05-29 03:28:31','for user \"clark\" at LAPTOP-NKRJ7O6L'),(846,3,2,'2024-05-29 03:37:09','for user \"clark\" at LAPTOP-NKRJ7O6L'),(847,3,8,'2024-05-29 03:37:17','for user \"clark\" at LAPTOP-NKRJ7O6L'),(848,3,2,'2024-05-29 03:40:11','for user \"clark\" at LAPTOP-NKRJ7O6L'),(849,3,8,'2024-05-29 03:40:23','for user \"clark\" at LAPTOP-NKRJ7O6L'),(850,3,2,'2024-05-29 03:52:15','for user \"clark\" at LAPTOP-NKRJ7O6L'),(851,3,8,'2024-05-29 03:52:24','for user \"clark\" at LAPTOP-NKRJ7O6L'),(852,3,2,'2024-05-29 03:55:36','for user \"clark\" at LAPTOP-NKRJ7O6L'),(853,3,8,'2024-05-29 03:55:44','for user \"clark\" at LAPTOP-NKRJ7O6L'),(854,3,2,'2024-05-29 03:59:27','for user \"clark\" at LAPTOP-NKRJ7O6L'),(855,3,8,'2024-05-29 03:59:33','for user \"clark\" at LAPTOP-NKRJ7O6L'),(856,3,2,'2024-05-29 13:02:29','for user \"clark\" at LAPTOP-NKRJ7O6L'),(857,3,8,'2024-05-29 13:02:39','for user \"clark\" at LAPTOP-NKRJ7O6L'),(858,3,9,'2024-05-29 13:04:30','for user \"clark\" at LAPTOP-NKRJ7O6L'),(859,3,2,'2024-05-29 13:23:44','for user \"clark\" at LAPTOP-NKRJ7O6L'),(860,3,8,'2024-05-29 13:23:55','for user \"clark\" at LAPTOP-NKRJ7O6L'),(861,3,2,'2024-05-29 13:30:10','for user \"clark\" at LAPTOP-NKRJ7O6L'),(862,3,8,'2024-05-29 13:30:22','for user \"clark\" at LAPTOP-NKRJ7O6L'),(863,3,2,'2024-05-29 13:39:11','for user \"clark\" at LAPTOP-NKRJ7O6L'),(864,3,8,'2024-05-29 13:39:22','for user \"clark\" at LAPTOP-NKRJ7O6L'),(865,3,2,'2024-05-31 00:24:39','for user \"clark\" at LAPTOP-NKRJ7O6L'),(866,3,8,'2024-05-31 00:24:51','for user \"clark\" at LAPTOP-NKRJ7O6L'),(867,3,2,'2024-05-31 00:26:09','for user \"clark\" at LAPTOP-NKRJ7O6L'),(868,3,8,'2024-05-31 00:26:18','for user \"clark\" at LAPTOP-NKRJ7O6L'),(869,3,9,'2024-05-31 00:30:10','for user \"clark\" at LAPTOP-NKRJ7O6L'),(870,3,2,'2024-05-31 00:30:22','for user \"clark\" at LAPTOP-NKRJ7O6L'),(871,3,8,'2024-05-31 00:30:32','for user \"clark\" at LAPTOP-NKRJ7O6L'),(872,3,2,'2024-05-31 00:33:02','for user \"clark\" at LAPTOP-NKRJ7O6L'),(873,3,8,'2024-05-31 00:33:10','for user \"clark\" at LAPTOP-NKRJ7O6L'),(874,3,9,'2024-05-31 00:33:53','for user \"clark\" at LAPTOP-NKRJ7O6L'),(875,3,2,'2024-05-31 00:37:58','for user \"clark\" at LAPTOP-NKRJ7O6L'),(876,3,8,'2024-05-31 00:38:08','for user \"clark\" at LAPTOP-NKRJ7O6L'),(877,3,9,'2024-05-31 01:10:21','for user \"clark\" at LAPTOP-NKRJ7O6L'),(878,3,2,'2024-05-31 01:15:32','for user \"clark\" at LAPTOP-NKRJ7O6L'),(879,3,8,'2024-05-31 01:15:42','for user \"clark\" at LAPTOP-NKRJ7O6L'),(880,3,2,'2024-05-31 01:17:02','for user \"clark\" at LAPTOP-NKRJ7O6L'),(881,3,8,'2024-05-31 01:17:12','for user \"clark\" at LAPTOP-NKRJ7O6L'),(882,3,2,'2024-05-31 01:26:58','for user \"clark\" at LAPTOP-NKRJ7O6L'),(883,3,8,'2024-05-31 01:27:34','for user \"clark\" at LAPTOP-NKRJ7O6L'),(884,3,2,'2024-05-31 07:46:59','for user \"clark\" at LAXAMANA-PC'),(885,3,8,'2024-05-31 07:47:11','for user \"clark\" at LAXAMANA-PC'),(886,3,2,'2024-05-31 07:51:22','for user \"clark\" at LAXAMANA-PC'),(887,3,8,'2024-05-31 07:51:33','for user \"clark\" at LAXAMANA-PC'),(888,3,2,'2024-05-31 08:00:44','for user \"clark\" at LAXAMANA-PC'),(889,3,8,'2024-05-31 08:00:55','for user \"clark\" at LAXAMANA-PC'),(890,3,2,'2024-05-31 08:12:35','for user \"clark\" at LAXAMANA-PC'),(891,3,8,'2024-05-31 08:12:43','for user \"clark\" at LAXAMANA-PC'),(892,3,2,'2024-05-31 08:13:17','for user \"clark\" at LAXAMANA-PC'),(893,3,8,'2024-05-31 08:13:25','for user \"clark\" at LAXAMANA-PC'),(894,3,2,'2024-05-31 08:15:18','for user \"clark\" at LAXAMANA-PC'),(895,3,8,'2024-05-31 08:15:26','for user \"clark\" at LAXAMANA-PC'),(896,3,2,'2024-05-31 08:18:59','for user \"clark\" at LAXAMANA-PC'),(897,3,8,'2024-05-31 08:19:06','for user \"clark\" at LAXAMANA-PC'),(898,1,1,'2024-05-31 08:20:11','for user \"clark\" at LAXAMANA-PC'),(899,3,2,'2024-05-31 08:20:16','for user \"clark\" at LAXAMANA-PC'),(900,3,8,'2024-05-31 08:20:23','for user \"clark\" at LAXAMANA-PC'),(901,3,2,'2024-05-31 08:25:58','for user \"clark\" at LAXAMANA-PC'),(902,3,8,'2024-05-31 08:26:09','for user \"clark\" at LAXAMANA-PC'),(903,3,2,'2024-05-31 08:32:23','for user \"clark\" at LAXAMANA-PC'),(904,3,8,'2024-05-31 08:32:31','for user \"clark\" at LAXAMANA-PC'),(905,3,2,'2024-05-31 08:33:16','for user \"clark\" at LAXAMANA-PC'),(906,3,8,'2024-05-31 08:33:26','for user \"clark\" at LAXAMANA-PC'),(907,3,2,'2024-05-31 08:35:46','for user \"clark\" at LAXAMANA-PC'),(908,3,8,'2024-05-31 08:35:55','for user \"clark\" at LAXAMANA-PC'),(909,3,2,'2024-05-31 08:36:24','for user \"clark\" at LAXAMANA-PC'),(910,3,8,'2024-05-31 08:36:31','for user \"clark\" at LAXAMANA-PC'),(911,3,2,'2024-05-31 08:40:32','for user \"clark\" at LAXAMANA-PC'),(912,3,8,'2024-05-31 08:40:37','for user \"clark\" at LAXAMANA-PC'),(913,3,2,'2024-05-31 08:40:58','for user \"clark\" at LAXAMANA-PC'),(914,3,8,'2024-05-31 08:41:06','for user \"clark\" at LAXAMANA-PC'),(915,1,1,'2024-05-31 10:25:57','for user \"clark\" at LAXAMANA-PC'),(916,3,2,'2024-05-31 10:26:02','for user \"clark\" at LAXAMANA-PC'),(917,3,8,'2024-05-31 10:26:10','for user \"clark\" at LAXAMANA-PC'),(918,3,2,'2024-05-31 10:34:39','for user \"clark\" at LAXAMANA-PC'),(919,3,8,'2024-05-31 10:34:47','for user \"clark\" at LAXAMANA-PC'),(920,3,2,'2024-05-31 11:34:25','for user \"clark\" at LAXAMANA-PC'),(921,3,8,'2024-05-31 11:34:37','for user \"clark\" at LAXAMANA-PC'),(922,3,2,'2024-05-31 11:35:34','for user \"clark\" at LAXAMANA-PC'),(923,3,8,'2024-05-31 11:35:41','for user \"clark\" at LAXAMANA-PC'),(924,3,2,'2024-05-31 11:37:24','for user \"clark\" at LAXAMANA-PC'),(925,3,8,'2024-05-31 11:37:37','for user \"clark\" at LAXAMANA-PC'),(926,3,2,'2024-05-31 11:42:24','for user \"clark\" at LAXAMANA-PC'),(927,3,8,'2024-05-31 11:42:33','for user \"clark\" at LAXAMANA-PC'),(928,3,2,'2024-05-31 11:46:04','for user \"clark\" at LAXAMANA-PC'),(929,3,8,'2024-05-31 11:46:11','for user \"clark\" at LAXAMANA-PC'),(930,3,2,'2024-05-31 12:30:40','for user \"clark\" at LAXAMANA-PC: '),(931,3,8,'2024-05-31 12:30:49','for user \"clark\" at LAXAMANA-PC: '),(932,3,10,'2024-05-31 12:31:11','for user \"clark\" at LAXAMANA-PC: viewed account details of: mocksiest'),(933,0,5,'2024-05-31 13:30:13','for user \"null\" at LAXAMANA-PC: '),(934,0,5,'2024-05-31 13:30:41','for user \"null\" at LAXAMANA-PC: '),(935,0,6,'2024-05-31 13:30:53','for user \"null\" at LAXAMANA-PC: '),(936,0,5,'2024-05-31 13:31:57','for user \"null\" at LAXAMANA-PC: '),(937,0,5,'2024-05-31 13:32:21','for user \"null\" at LAXAMANA-PC: '),(938,0,6,'2024-05-31 13:32:24','for user \"null\" at LAXAMANA-PC: '),(939,2,5,'2024-05-31 13:33:46','for user \"mocksiest\" at LAXAMANA-PC: '),(940,1,7,'2024-05-31 13:34:09','for user \"mocksiest\" at LAXAMANA-PC: '),(941,1,1,'2024-05-31 13:34:16','for user \"asdasd\" at LAXAMANA-PC: '),(942,1,1,'2024-05-31 13:37:21','for user \"asdasd\" at LAXAMANA-PC: '),(943,1,1,'2024-05-31 13:37:54','for user \"mocksiest\" at LAXAMANA-PC: '),(944,1,1,'2024-05-31 13:37:58','for user \"mocksiest\" at LAXAMANA-PC: '),(945,2,2,'2024-05-31 13:38:15','for user \"mocksiest\" at LAXAMANA-PC: '),(946,3,2,'2024-05-31 13:41:03','for user \"clark\" at LAXAMANA-PC: '),(947,2,2,'2024-05-31 13:42:15','for user \"mocksiest\" at LAXAMANA-PC: '),(948,2,2,'2024-05-31 13:43:30','for user \"mocksiest\" at LAXAMANA-PC: '),(949,2,8,'2024-05-31 13:44:04','for user \"mocksiest\" at LAXAMANA-PC: '),(950,2,2,'2024-05-31 13:46:58','for user \"mocksiest\" at LAXAMANA-PC: '),(951,2,8,'2024-05-31 13:47:06','for user \"mocksiest\" at LAXAMANA-PC: '),(952,2,2,'2024-05-31 13:50:48','for user \"mocksiest\" at LAXAMANA-PC: '),(953,2,8,'2024-05-31 13:50:56','for user \"mocksiest\" at LAXAMANA-PC: '),(954,2,9,'2024-05-31 13:51:01','for user \"mocksiest\" at LAXAMANA-PC: '),(955,3,2,'2024-05-31 13:53:54','for user \"clark\" at LAXAMANA-PC: '),(956,3,8,'2024-05-31 13:54:03','for user \"clark\" at LAXAMANA-PC: '),(957,3,10,'2024-05-31 13:55:15','for user \"clark\" at LAXAMANA-PC: viewed account details of \"mocksiest\"'),(958,3,9,'2024-05-31 13:55:57','for user \"clark\" at LAXAMANA-PC: '),(959,3,2,'2024-05-31 14:39:00','for user \"clark\" at LAXAMANA-PC: '),(960,3,8,'2024-05-31 14:39:10','for user \"clark\" at LAXAMANA-PC: '),(961,3,10,'2024-05-31 14:39:12','for user \"clark\" at LAXAMANA-PC: viewed account details of \"mocksiest\"'),(962,3,2,'2024-05-31 14:44:00','for user \"clark\" at LAXAMANA-PC: '),(963,3,8,'2024-05-31 14:44:08','for user \"clark\" at LAXAMANA-PC: '),(964,3,10,'2024-05-31 14:44:10','for user \"clark\" at LAXAMANA-PC: viewed account details of \"mocksiest\"'),(965,3,10,'2024-05-31 14:44:22','for user \"clark\" at LAXAMANA-PC: viewed account details of \"clark\"'),(966,3,10,'2024-05-31 14:44:26','for user \"clark\" at LAXAMANA-PC: viewed account details of \"mocksiest\"'),(967,3,10,'2024-05-31 14:45:05','for user \"clark\" at LAXAMANA-PC: viewed account details of \"clark\"'),(968,3,2,'2024-05-31 14:56:09','for user \"clark\" at LAXAMANA-PC: '),(969,3,8,'2024-05-31 14:56:16','for user \"clark\" at LAXAMANA-PC: '),(970,3,10,'2024-05-31 14:56:19','for user \"clark\" at LAXAMANA-PC: viewed account details of \"mocksiest\"'),(971,3,2,'2024-05-31 15:01:23','for user \"clark\" at LAXAMANA-PC: '),(972,3,8,'2024-05-31 15:01:31','for user \"clark\" at LAXAMANA-PC: '),(973,3,10,'2024-05-31 15:01:33','for user \"clark\" at LAXAMANA-PC: viewed account details of \"mocksiest\"'),(974,3,10,'2024-05-31 15:01:49','for user \"clark\" at LAXAMANA-PC: viewed account details of \"mocksiest\"'),(975,3,10,'2024-05-31 15:01:52','for user \"clark\" at LAXAMANA-PC: viewed account details of \"mocksiest\"'),(976,3,2,'2024-05-31 15:03:01','for user \"clark\" at LAXAMANA-PC: '),(977,3,8,'2024-05-31 15:03:08','for user \"clark\" at LAXAMANA-PC: '),(978,3,10,'2024-05-31 15:03:10','for user \"clark\" at LAXAMANA-PC: viewed account details of \"mocksiest\"'),(979,3,10,'2024-05-31 15:03:13','for user \"clark\" at LAXAMANA-PC: viewed account details of \"clark\"'),(980,1,1,'2024-05-31 15:03:30','for user \"clark\" at LAXAMANA-PC: '),(981,3,2,'2024-05-31 15:03:36','for user \"clark\" at LAXAMANA-PC: '),(982,3,8,'2024-05-31 15:03:43','for user \"clark\" at LAXAMANA-PC: '),(983,3,10,'2024-05-31 15:03:45','for user \"clark\" at LAXAMANA-PC: viewed account details of \"mocksiest\"'),(984,3,10,'2024-05-31 15:03:47','for user \"clark\" at LAXAMANA-PC: viewed account details of \"clark\"'),(985,3,2,'2024-05-31 16:26:25','for user \"clark\" at LAXAMANA-PC: '),(986,3,8,'2024-05-31 16:26:32','for user \"clark\" at LAXAMANA-PC: '),(987,3,10,'2024-05-31 16:26:35','for user \"clark\" at LAXAMANA-PC: viewed account details of \"mocksiest\"'),(988,3,10,'2024-05-31 16:27:05','for user \"clark\" at LAXAMANA-PC: viewed account details of \"clark\"'),(989,3,10,'2024-05-31 16:27:08','for user \"clark\" at LAXAMANA-PC: viewed account details of \"mocksiest\"'),(990,3,2,'2024-05-31 16:27:24','for user \"clark\" at LAXAMANA-PC: '),(991,3,8,'2024-05-31 16:27:47','for user \"clark\" at LAXAMANA-PC: '),(992,3,10,'2024-05-31 16:28:04','for user \"clark\" at LAXAMANA-PC: viewed account details of \"mocksiest\"'),(993,3,2,'2024-05-31 16:29:57','for user \"clark\" at LAXAMANA-PC: '),(994,3,8,'2024-05-31 16:30:04','for user \"clark\" at LAXAMANA-PC: '),(995,3,10,'2024-05-31 16:30:06','for user \"clark\" at LAXAMANA-PC: viewed account details of \"mocksiest\"'),(996,3,10,'2024-05-31 16:30:15','for user \"clark\" at LAXAMANA-PC: viewed account details of \"clark\"'),(997,3,10,'2024-05-31 16:30:18','for user \"clark\" at LAXAMANA-PC: viewed account details of \"mocksiest\"'),(998,3,10,'2024-05-31 16:30:24','for user \"clark\" at LAXAMANA-PC: viewed account details of \"mocksiest\"'),(999,3,10,'2024-05-31 16:30:40','for user \"clark\" at LAXAMANA-PC: viewed account details of \"mocksiest\"'),(1000,3,2,'2024-05-31 16:32:52','for user \"clark\" at LAXAMANA-PC: '),(1001,3,8,'2024-05-31 16:32:58','for user \"clark\" at LAXAMANA-PC: '),(1002,3,10,'2024-05-31 16:33:00','for user \"clark\" at LAXAMANA-PC: viewed account details of \"mocksiest\"'),(1003,3,2,'2024-05-31 16:34:14','for user \"clark\" at LAXAMANA-PC: '),(1004,3,8,'2024-05-31 16:34:21','for user \"clark\" at LAXAMANA-PC: '),(1005,3,10,'2024-05-31 16:34:23','for user \"clark\" at LAXAMANA-PC: viewed account details of \"mocksiest\"'),(1006,3,2,'2024-05-31 16:34:55','for user \"clark\" at LAXAMANA-PC: '),(1007,3,8,'2024-05-31 16:35:03','for user \"clark\" at LAXAMANA-PC: '),(1008,3,10,'2024-05-31 16:35:04','for user \"clark\" at LAXAMANA-PC: viewed account details of \"mocksiest\"'),(1009,3,2,'2024-05-31 16:35:49','for user \"clark\" at LAXAMANA-PC: '),(1010,3,8,'2024-05-31 16:35:57','for user \"clark\" at LAXAMANA-PC: '),(1011,3,10,'2024-05-31 16:35:59','for user \"clark\" at LAXAMANA-PC: viewed account details of \"mocksiest\"'),(1012,3,10,'2024-05-31 16:36:03','for user \"clark\" at LAXAMANA-PC: viewed account details of \"clark\"'),(1013,3,2,'2024-05-31 16:37:42','for user \"clark\" at LAXAMANA-PC: '),(1014,3,8,'2024-05-31 16:37:49','for user \"clark\" at LAXAMANA-PC: '),(1015,3,10,'2024-05-31 16:37:51','for user \"clark\" at LAXAMANA-PC: viewed account details of \"mocksiest\"'),(1016,3,10,'2024-05-31 16:37:54','for user \"clark\" at LAXAMANA-PC: viewed account details of \"clark\"'),(1017,3,2,'2024-05-31 16:38:45','for user \"clark\" at LAXAMANA-PC: '),(1018,3,8,'2024-05-31 16:38:53','for user \"clark\" at LAXAMANA-PC: '),(1019,3,10,'2024-05-31 16:38:56','for user \"clark\" at LAXAMANA-PC: viewed account details of \"mocksiest\"'),(1020,3,2,'2024-05-31 16:40:09','for user \"clark\" at LAXAMANA-PC: '),(1021,3,8,'2024-05-31 16:40:16','for user \"clark\" at LAXAMANA-PC: '),(1022,3,10,'2024-05-31 16:40:19','for user \"clark\" at LAXAMANA-PC: viewed account details of \"mocksiest\"'),(1023,3,2,'2024-05-31 16:42:19','for user \"clark\" at LAXAMANA-PC: '),(1024,3,8,'2024-05-31 16:42:26','for user \"clark\" at LAXAMANA-PC: '),(1025,3,10,'2024-05-31 16:42:28','for user \"clark\" at LAXAMANA-PC: viewed account details of \"mocksiest\"'),(1026,3,2,'2024-05-31 16:45:38','for user \"clark\" at LAXAMANA-PC: '),(1027,3,8,'2024-05-31 16:45:48','for user \"clark\" at LAXAMANA-PC: '),(1028,3,10,'2024-05-31 16:45:50','for user \"clark\" at LAXAMANA-PC: viewed account details of \"mocksiest\"'),(1029,3,10,'2024-05-31 16:45:54','for user \"clark\" at LAXAMANA-PC: viewed account details of \"clark\"'),(1030,3,10,'2024-05-31 16:46:01','for user \"clark\" at LAXAMANA-PC: viewed account details of \"mocksiest\"'),(1031,2,2,'2024-05-31 17:21:53','for user \"mocksiest\" at LAXAMANA-PC: '),(1032,3,2,'2024-05-31 17:30:53','for user \"clark\" at LAXAMANA-PC: '),(1033,3,8,'2024-05-31 17:30:59','for user \"clark\" at LAXAMANA-PC: '),(1034,3,2,'2024-05-31 17:32:00','for user \"clark\" at LAXAMANA-PC: '),(1035,3,8,'2024-05-31 17:32:07','for user \"clark\" at LAXAMANA-PC: '),(1036,3,2,'2024-05-31 17:39:21','for user \"clark\" at LAXAMANA-PC: '),(1037,3,8,'2024-05-31 17:39:31','for user \"clark\" at LAXAMANA-PC: '),(1038,3,2,'2024-05-31 17:40:11','for user \"clark\" at LAXAMANA-PC: '),(1039,3,8,'2024-05-31 17:40:18','for user \"clark\" at LAXAMANA-PC: '),(1040,3,10,'2024-05-31 17:40:23','for user \"clark\" at LAXAMANA-PC: viewed account details of \"mocksiest\"'),(1041,3,10,'2024-05-31 17:40:29','for user \"clark\" at LAXAMANA-PC: viewed account details of \"clark\"'),(1042,3,10,'2024-05-31 17:40:32','for user \"clark\" at LAXAMANA-PC: viewed account details of \"mocksiest\"'),(1043,3,10,'2024-05-31 17:40:34','for user \"clark\" at LAXAMANA-PC: viewed account details of \"clark\"'),(1044,3,10,'2024-05-31 17:40:48','for user \"clark\" at LAXAMANA-PC: viewed account details of \"clark\"'),(1045,1,7,'2024-05-31 17:40:53','for user \"clark\" at LAXAMANA-PC: updated account details of user \"clark\"'),(1046,3,10,'2024-05-31 17:41:04','for user \"clark\" at LAXAMANA-PC: viewed account details of \"clark\"'),(1047,3,10,'2024-05-31 17:41:38','for user \"clark\" at LAXAMANA-PC: viewed account details of \"mocksiest\"'),(1048,3,2,'2024-05-31 17:42:31','for user \"clark\" at LAXAMANA-PC: '),(1049,3,8,'2024-05-31 17:42:46','for user \"clark\" at LAXAMANA-PC: '),(1050,3,10,'2024-05-31 17:42:51','for user \"clark\" at LAXAMANA-PC: viewed account details of \"mocksiest\"'),(1051,3,2,'2024-05-31 18:17:07','for user \"clark\" at LAXAMANA-PC: '),(1052,3,8,'2024-05-31 18:17:17','for user \"clark\" at LAXAMANA-PC: '),(1053,3,10,'2024-05-31 18:17:21','for user \"clark\" at LAXAMANA-PC: viewed account details of \"mocksiest\"'),(1054,1,7,'2024-05-31 18:18:15','for user \"clark\" at LAXAMANA-PC: updated account details of user \"mocksiest\"'),(1055,3,10,'2024-05-31 18:19:00','for user \"clark\" at LAXAMANA-PC: viewed account details of \"mocksiest\"'),(1056,1,7,'2024-05-31 18:19:02','for user \"clark\" at LAXAMANA-PC: updated account details of user \"mocksiest\"'),(1057,1,7,'2024-05-31 18:19:32','for user \"clark\" at LAXAMANA-PC: updated account details of user \"mocksiest\"'),(1058,3,2,'2024-05-31 18:20:30','for user \"clark\" at LAXAMANA-PC: '),(1059,3,8,'2024-05-31 18:20:40','for user \"clark\" at LAXAMANA-PC: '),(1060,3,10,'2024-05-31 18:20:44','for user \"clark\" at LAXAMANA-PC: viewed account details of \"mocksiest\"'),(1061,3,2,'2024-05-31 18:21:45','for user \"clark\" at LAXAMANA-PC: '),(1062,3,8,'2024-05-31 18:21:52','for user \"clark\" at LAXAMANA-PC: '),(1063,3,10,'2024-05-31 18:21:55','for user \"clark\" at LAXAMANA-PC: viewed account details of \"mocksiest\"'),(1064,3,10,'2024-05-31 18:22:22','for user \"clark\" at LAXAMANA-PC: viewed account details of \"mocksiest\"'),(1065,1,7,'2024-05-31 18:22:23','for user \"clark\" at LAXAMANA-PC: updated account details of user \"mocksiest\"'),(1066,3,2,'2024-05-31 18:24:09','for user \"clark\" at LAXAMANA-PC: '),(1067,3,8,'2024-05-31 18:24:20','for user \"clark\" at LAXAMANA-PC: '),(1068,3,10,'2024-05-31 18:24:34','for user \"clark\" at LAXAMANA-PC: viewed account details of \"mocksiest\"'),(1069,1,7,'2024-05-31 18:24:39','for user \"clark\" at LAXAMANA-PC: updated account details of user \"mocksiest\"'),(1070,3,10,'2024-05-31 18:25:55','for user \"clark\" at LAXAMANA-PC: viewed account details of \"mocksiest\"'),(1071,3,2,'2024-05-31 18:27:06','for user \"clark\" at LAXAMANA-PC: '),(1072,3,8,'2024-05-31 18:27:13','for user \"clark\" at LAXAMANA-PC: '),(1073,3,10,'2024-05-31 18:27:46','for user \"clark\" at LAXAMANA-PC: viewed account details of \"mocksiest\"'),(1074,1,7,'2024-05-31 18:27:48','for user \"clark\" at LAXAMANA-PC: updated account details of user \"mocksiest\"'),(1075,3,2,'2024-05-31 18:29:07','for user \"clark\" at LAXAMANA-PC: '),(1076,3,8,'2024-05-31 18:29:36','for user \"clark\" at LAXAMANA-PC: '),(1077,3,10,'2024-05-31 18:29:42','for user \"clark\" at LAXAMANA-PC: viewed account details of \"mocksiest\"'),(1078,3,10,'2024-05-31 18:30:06','for user \"clark\" at LAXAMANA-PC: viewed account details of \"mocksiest\"'),(1079,1,7,'2024-05-31 18:30:06','for user \"clark\" at LAXAMANA-PC: updated account details of user \"mocksiest\"'),(1080,3,2,'2024-05-31 18:31:13','for user \"clark\" at LAXAMANA-PC: '),(1081,3,8,'2024-05-31 18:31:21','for user \"clark\" at LAXAMANA-PC: '),(1082,3,10,'2024-05-31 18:32:40','for user \"clark\" at LAXAMANA-PC: viewed account details of \"mocksiest\"'),(1083,3,2,'2024-05-31 18:33:18','for user \"clark\" at LAXAMANA-PC: '),(1084,3,8,'2024-05-31 18:33:35','for user \"clark\" at LAXAMANA-PC: '),(1085,3,10,'2024-05-31 18:33:38','for user \"clark\" at LAXAMANA-PC: viewed account details of \"mocksiest\"'),(1086,1,7,'2024-05-31 18:33:38','for user \"clark\" at LAXAMANA-PC: updated account details of user \"mocksiest\"'),(1087,3,2,'2024-05-31 18:35:35','for user \"clark\" at LAXAMANA-PC: '),(1088,3,8,'2024-05-31 18:35:43','for user \"clark\" at LAXAMANA-PC: '),(1089,3,10,'2024-05-31 18:35:45','for user \"clark\" at LAXAMANA-PC: viewed account details of \"mocksiest\"'),(1090,1,7,'2024-05-31 18:35:51','for user \"clark\" at LAXAMANA-PC: updated account details of user \"mocksiest\"'),(1091,3,10,'2024-05-31 18:36:10','for user \"clark\" at LAXAMANA-PC: viewed account details of \"mocksiest\"'),(1092,3,2,'2024-05-31 18:37:58','for user \"clark\" at LAXAMANA-PC: '),(1093,3,8,'2024-05-31 18:38:06','for user \"clark\" at LAXAMANA-PC: '),(1094,3,10,'2024-05-31 18:38:26','for user \"clark\" at LAXAMANA-PC: viewed account details of \"mocksiest\"'),(1095,1,7,'2024-05-31 18:38:27','for user \"clark\" at LAXAMANA-PC: updated account details of user \"mocksiest\"'),(1096,3,10,'2024-05-31 18:38:34','for user \"clark\" at LAXAMANA-PC: viewed account details of \"mocksiest\"'),(1097,1,1,'2024-05-31 18:40:39','for user \"\" at LAXAMANA-PC: '),(1098,3,2,'2024-05-31 18:40:45','for user \"clark\" at LAXAMANA-PC: '),(1099,3,8,'2024-05-31 18:40:53','for user \"clark\" at LAXAMANA-PC: '),(1100,3,10,'2024-05-31 18:41:16','for user \"clark\" at LAXAMANA-PC: viewed account details of \"mocksiest\"'),(1101,1,7,'2024-05-31 18:41:17','for user \"clark\" at LAXAMANA-PC: updated account details of user \"mocksiest\"'),(1102,3,10,'2024-05-31 18:41:57','for user \"clark\" at LAXAMANA-PC: viewed account details of \"mocksiest\"'),(1103,1,7,'2024-05-31 18:42:02','for user \"clark\" at LAXAMANA-PC: updated account details of user \"mocksiest\"'),(1104,3,2,'2024-05-31 18:43:16','for user \"clark\" at LAXAMANA-PC: '),(1105,3,8,'2024-05-31 18:43:46','for user \"clark\" at LAXAMANA-PC: '),(1106,3,10,'2024-05-31 18:43:59','for user \"clark\" at LAXAMANA-PC: viewed account details of \"mocksiest\"'),(1107,1,7,'2024-05-31 18:44:00','for user \"clark\" at LAXAMANA-PC: updated account details of user \"mocksiest\"'),(1108,3,2,'2024-05-31 18:44:48','for user \"clark\" at LAXAMANA-PC: '),(1109,3,8,'2024-05-31 18:44:56','for user \"clark\" at LAXAMANA-PC: '),(1110,3,10,'2024-05-31 18:44:59','for user \"clark\" at LAXAMANA-PC: viewed account details of \"mocksiest\"'),(1111,1,7,'2024-05-31 18:45:01','for user \"clark\" at LAXAMANA-PC: updated account details of user \"mocksiest\"'),(1112,3,2,'2024-05-31 18:45:48','for user \"clark\" at LAXAMANA-PC: '),(1113,3,8,'2024-05-31 18:45:55','for user \"clark\" at LAXAMANA-PC: '),(1114,3,10,'2024-05-31 18:45:57','for user \"clark\" at LAXAMANA-PC: viewed account details of \"mocksiest\"'),(1115,3,10,'2024-05-31 18:46:15','for user \"clark\" at LAXAMANA-PC: viewed account details of \"mocksiest\"'),(1116,3,10,'2024-05-31 18:46:21','for user \"clark\" at LAXAMANA-PC: viewed account details of \"mocksiest\"'),(1117,3,10,'2024-05-31 18:46:32','for user \"clark\" at LAXAMANA-PC: viewed account details of \"mocksiest\"'),(1118,3,10,'2024-05-31 18:46:59','for user \"clark\" at LAXAMANA-PC: viewed account details of \"mocksiest\"'),(1119,3,10,'2024-05-31 18:47:27','for user \"clark\" at LAXAMANA-PC: viewed account details of \"mocksiest\"'),(1120,3,2,'2024-05-31 18:49:37','for user \"clark\" at LAXAMANA-PC: '),(1121,3,8,'2024-05-31 18:49:45','for user \"clark\" at LAXAMANA-PC: '),(1122,3,10,'2024-05-31 18:49:49','for user \"clark\" at LAXAMANA-PC: viewed account details of \"mocksiest\"'),(1123,3,10,'2024-05-31 18:50:06','for user \"clark\" at LAXAMANA-PC: viewed account details of \"clark\"'),(1124,3,10,'2024-05-31 18:50:13','for user \"clark\" at LAXAMANA-PC: viewed account details of \"mocksiest\"'),(1125,3,10,'2024-05-31 18:50:16','for user \"clark\" at LAXAMANA-PC: viewed account details of \"mocksiest\"'),(1126,3,2,'2024-05-31 18:50:54','for user \"clark\" at LAXAMANA-PC: '),(1127,3,8,'2024-05-31 18:51:03','for user \"clark\" at LAXAMANA-PC: '),(1128,3,10,'2024-05-31 18:51:05','for user \"clark\" at LAXAMANA-PC: viewed account details of \"mocksiest\"'),(1129,1,7,'2024-05-31 18:51:06','for user \"clark\" at LAXAMANA-PC: updated account details of user \"mocksiest\"'),(1130,3,2,'2024-05-31 18:51:29','for user \"clark\" at LAXAMANA-PC: '),(1131,3,8,'2024-05-31 18:51:36','for user \"clark\" at LAXAMANA-PC: '),(1132,3,10,'2024-05-31 18:51:49','for user \"clark\" at LAXAMANA-PC: viewed account details of \"mocksiest\"'),(1133,1,7,'2024-05-31 18:51:50','for user \"clark\" at LAXAMANA-PC: updated account details of user \"mocksiest\"'),(1134,3,10,'2024-05-31 18:51:56','for user \"clark\" at LAXAMANA-PC: viewed account details of \"mocksiest\"'),(1135,3,2,'2024-05-31 18:56:07','for user \"clark\" at LAXAMANA-PC: '),(1136,3,8,'2024-05-31 18:56:16','for user \"clark\" at LAXAMANA-PC: '),(1137,3,10,'2024-05-31 18:56:37','for user \"clark\" at LAXAMANA-PC: viewed account details of \"mocksiest\"'),(1138,1,7,'2024-05-31 18:56:38','for user \"clark\" at LAXAMANA-PC: updated account details of user \"mocksiest\"'),(1139,3,2,'2024-05-31 19:05:40','for user \"clark\" at LAXAMANA-PC: '),(1140,3,8,'2024-05-31 19:06:04','for user \"clark\" at LAXAMANA-PC: '),(1141,3,10,'2024-05-31 19:06:06','for user \"clark\" at LAXAMANA-PC: viewed account details of \"mocksiest\"'),(1142,1,7,'2024-05-31 19:06:07','for user \"clark\" at LAXAMANA-PC: updated account details of user \"mocksiest\"'),(1143,3,9,'2024-05-31 19:06:14','for user \"clark\" at LAXAMANA-PC: '),(1144,3,2,'2024-06-03 08:10:24','for user \"clark\" at LAPTOP-NKRJ7O6L: '),(1145,3,8,'2024-06-03 08:10:37','for user \"clark\" at LAPTOP-NKRJ7O6L: '),(1146,3,10,'2024-06-03 08:10:41','for user \"clark\" at LAPTOP-NKRJ7O6L: viewed account details of \"mocksiest\"'),(1147,3,10,'2024-06-03 08:10:49','for user \"clark\" at LAPTOP-NKRJ7O6L: viewed account details of \"clark\"'),(1148,3,10,'2024-06-03 08:10:53','for user \"clark\" at LAPTOP-NKRJ7O6L: viewed account details of \"mocksiest\"'),(1149,3,10,'2024-06-03 08:11:10','for user \"clark\" at LAPTOP-NKRJ7O6L: viewed account details of \"clark\"'),(1150,3,10,'2024-06-03 08:12:31','for user \"clark\" at LAPTOP-NKRJ7O6L: viewed account details of \"mocksiest\"'),(1151,1,7,'2024-06-03 08:12:48','for user \"clark\" at LAPTOP-NKRJ7O6L: updated account details of user \"mocksiest\"'),(1152,3,10,'2024-06-03 08:15:28','for user \"clark\" at LAPTOP-NKRJ7O6L: viewed account details of \"mocksiest\"'),(1153,3,2,'2024-06-03 09:18:09','for user \"clark\" at LAPTOP-NKRJ7O6L: '),(1154,3,8,'2024-06-03 09:18:25','for user \"clark\" at LAPTOP-NKRJ7O6L: '),(1155,3,9,'2024-06-03 09:19:37','for user \"clark\" at LAPTOP-NKRJ7O6L: '),(1156,3,2,'2024-06-03 09:19:44','for user \"clark\" at LAPTOP-NKRJ7O6L: '),(1157,3,8,'2024-06-03 09:19:54','for user \"clark\" at LAPTOP-NKRJ7O6L: '),(1158,3,2,'2024-06-03 09:21:49','for user \"clark\" at LAPTOP-NKRJ7O6L: '),(1159,3,8,'2024-06-03 09:22:00','for user \"clark\" at LAPTOP-NKRJ7O6L: '),(1160,1,1,'2024-06-03 09:23:16','for user \"clark\" at LAPTOP-NKRJ7O6L: '),(1161,3,2,'2024-06-03 09:23:22','for user \"clark\" at LAPTOP-NKRJ7O6L: '),(1162,3,2,'2024-06-03 09:23:46','for user \"clark\" at LAPTOP-NKRJ7O6L: '),(1163,3,8,'2024-06-03 09:24:03','for user \"clark\" at LAPTOP-NKRJ7O6L: '),(1164,3,2,'2024-06-03 09:25:19','for user \"clark\" at LAPTOP-NKRJ7O6L: '),(1165,3,8,'2024-06-03 09:25:26','for user \"clark\" at LAPTOP-NKRJ7O6L: '),(1166,3,2,'2024-06-03 09:26:40','for user \"clark\" at LAPTOP-NKRJ7O6L: '),(1167,3,8,'2024-06-03 09:26:46','for user \"clark\" at LAPTOP-NKRJ7O6L: '),(1168,3,2,'2024-06-03 09:28:13','for user \"clark\" at LAPTOP-NKRJ7O6L: '),(1169,3,8,'2024-06-03 09:28:39','for user \"clark\" at LAPTOP-NKRJ7O6L: '),(1170,3,2,'2024-06-03 09:50:30','for user \"clark\" at LAPTOP-NKRJ7O6L: '),(1171,3,8,'2024-06-03 09:50:45','for user \"clark\" at LAPTOP-NKRJ7O6L: '),(1172,3,10,'2024-06-03 09:50:50','for user \"clark\" at LAPTOP-NKRJ7O6L: viewed account details of \"mocksiest\"'),(1173,1,7,'2024-06-03 09:50:51','for user \"clark\" at LAPTOP-NKRJ7O6L: updated account details of user \"mocksiest\"'),(1174,3,2,'2024-06-03 09:53:47','for user \"clark\" at LAPTOP-NKRJ7O6L: '),(1175,3,8,'2024-06-03 09:53:57','for user \"clark\" at LAPTOP-NKRJ7O6L: '),(1176,3,2,'2024-06-03 09:54:21','for user \"clark\" at LAPTOP-NKRJ7O6L: '),(1177,3,8,'2024-06-03 09:54:30','for user \"clark\" at LAPTOP-NKRJ7O6L: '),(1178,3,10,'2024-06-03 09:54:34','for user \"clark\" at LAPTOP-NKRJ7O6L: viewed account details of \"mocksiest\"'),(1179,1,7,'2024-06-03 09:54:36','for user \"clark\" at LAPTOP-NKRJ7O6L: updated account details of user \"mocksiest\"'),(1180,3,2,'2024-06-03 09:56:41','for user \"clark\" at LAPTOP-NKRJ7O6L: '),(1181,3,8,'2024-06-03 09:56:56','for user \"clark\" at LAPTOP-NKRJ7O6L: '),(1182,3,10,'2024-06-03 09:57:01','for user \"clark\" at LAPTOP-NKRJ7O6L: viewed account details of \"mocksiest\"'),(1183,1,7,'2024-06-03 09:57:03','for user \"clark\" at LAPTOP-NKRJ7O6L: updated account details of user \"mocksiest\"'),(1184,3,2,'2024-06-03 10:04:10','for user \"clark\" at LAPTOP-NKRJ7O6L: '),(1185,3,8,'2024-06-03 10:04:20','for user \"clark\" at LAPTOP-NKRJ7O6L: '),(1186,3,2,'2024-06-03 10:04:42','for user \"clark\" at LAPTOP-NKRJ7O6L: '),(1187,3,8,'2024-06-03 10:04:53','for user \"clark\" at LAPTOP-NKRJ7O6L: '),(1188,3,10,'2024-06-03 10:05:23','for user \"clark\" at LAPTOP-NKRJ7O6L: viewed account details of \"mocksiest\"'),(1189,1,7,'2024-06-03 10:05:26','for user \"clark\" at LAPTOP-NKRJ7O6L: updated account details of user \"mocksiest\"'),(1190,3,2,'2024-06-03 10:08:17','for user \"clark\" at LAPTOP-NKRJ7O6L: '),(1191,3,8,'2024-06-03 10:08:34','for user \"clark\" at LAPTOP-NKRJ7O6L: '),(1192,1,1,'2024-06-03 10:09:23','for user \"clark\" at LAPTOP-NKRJ7O6L: '),(1193,3,2,'2024-06-03 10:09:27','for user \"clark\" at LAPTOP-NKRJ7O6L: '),(1194,3,8,'2024-06-03 10:09:35','for user \"clark\" at LAPTOP-NKRJ7O6L: '),(1195,3,10,'2024-06-03 10:09:40','for user \"clark\" at LAPTOP-NKRJ7O6L: viewed account details of \"mocksiest\"'),(1196,3,10,'2024-06-03 10:10:02','for user \"clark\" at LAPTOP-NKRJ7O6L: viewed account details of \"mocksiest\"'),(1197,1,7,'2024-06-03 10:10:03','for user \"clark\" at LAPTOP-NKRJ7O6L: updated account details of user \"mocksiest\"'),(1198,3,2,'2024-06-03 10:11:52','for user \"clark\" at LAPTOP-NKRJ7O6L: '),(1199,3,8,'2024-06-03 10:12:01','for user \"clark\" at LAPTOP-NKRJ7O6L: '),(1200,3,2,'2024-06-03 10:13:04','for user \"clark\" at LAPTOP-NKRJ7O6L: '),(1201,3,8,'2024-06-03 10:13:13','for user \"clark\" at LAPTOP-NKRJ7O6L: '),(1202,3,2,'2024-06-03 10:15:34','for user \"clark\" at LAPTOP-NKRJ7O6L: '),(1203,3,8,'2024-06-03 10:15:45','for user \"clark\" at LAPTOP-NKRJ7O6L: '),(1204,3,10,'2024-06-03 10:15:51','for user \"clark\" at LAPTOP-NKRJ7O6L: viewed account details of \"mocksiest\"'),(1205,3,10,'2024-06-03 10:16:20','for user \"clark\" at LAPTOP-NKRJ7O6L: viewed account details of \"mocksiest\"'),(1206,1,7,'2024-06-03 10:16:22','for user \"clark\" at LAPTOP-NKRJ7O6L: updated account details of user \"mocksiest\"'),(1207,3,2,'2024-06-03 10:17:18','for user \"clark\" at LAPTOP-NKRJ7O6L: '),(1208,3,8,'2024-06-03 10:17:26','for user \"clark\" at LAPTOP-NKRJ7O6L: '),(1209,3,2,'2024-06-03 10:17:54','for user \"clark\" at LAPTOP-NKRJ7O6L: '),(1210,3,8,'2024-06-03 10:18:04','for user \"clark\" at LAPTOP-NKRJ7O6L: '),(1211,3,10,'2024-06-03 10:18:21','for user \"clark\" at LAPTOP-NKRJ7O6L: viewed account details of \"mocksiest\"'),(1212,1,7,'2024-06-03 10:18:23','for user \"clark\" at LAPTOP-NKRJ7O6L: updated account details of user \"mocksiest\"'),(1213,3,2,'2024-06-03 10:19:16','for user \"clark\" at LAPTOP-NKRJ7O6L: '),(1214,3,8,'2024-06-03 10:19:25','for user \"clark\" at LAPTOP-NKRJ7O6L: '),(1215,3,2,'2024-06-03 10:20:49','for user \"clark\" at LAPTOP-NKRJ7O6L: '),(1216,3,8,'2024-06-03 10:21:11','for user \"clark\" at LAPTOP-NKRJ7O6L: '),(1217,1,1,'2024-06-03 10:22:11','for user \"clark\" at LAPTOP-NKRJ7O6L: '),(1218,3,2,'2024-06-03 10:22:15','for user \"clark\" at LAPTOP-NKRJ7O6L: '),(1219,3,8,'2024-06-03 10:22:23','for user \"clark\" at LAPTOP-NKRJ7O6L: '),(1220,3,2,'2024-06-03 10:22:54','for user \"clark\" at LAPTOP-NKRJ7O6L: '),(1221,3,8,'2024-06-03 10:23:06','for user \"clark\" at LAPTOP-NKRJ7O6L: '),(1222,3,10,'2024-06-03 10:23:26','for user \"clark\" at LAPTOP-NKRJ7O6L: viewed account details of \"mocksiest\"'),(1223,3,2,'2024-06-03 10:25:28','for user \"clark\" at LAPTOP-NKRJ7O6L: '),(1224,3,8,'2024-06-03 10:25:40','for user \"clark\" at LAPTOP-NKRJ7O6L: '),(1225,3,10,'2024-06-03 10:26:09','for user \"clark\" at LAPTOP-NKRJ7O6L: viewed account details of \"mocksiest\"'),(1226,1,7,'2024-06-03 10:26:11','for user \"clark\" at LAPTOP-NKRJ7O6L: updated account details of user \"mocksiest\"'),(1227,3,2,'2024-06-03 10:33:16','for user \"clark\" at LAPTOP-NKRJ7O6L: '),(1228,3,8,'2024-06-03 10:33:37','for user \"clark\" at LAPTOP-NKRJ7O6L: '),(1229,1,1,'2024-06-03 10:37:34','for user \"clark\" at LAPTOP-NKRJ7O6L: '),(1230,3,2,'2024-06-03 10:37:41','for user \"clark\" at LAPTOP-NKRJ7O6L: '),(1231,3,8,'2024-06-03 10:37:53','for user \"clark\" at LAPTOP-NKRJ7O6L: '),(1232,3,10,'2024-06-03 10:38:03','for user \"clark\" at LAPTOP-NKRJ7O6L: viewed account details of \"mocksiest\"'),(1233,1,7,'2024-06-03 10:38:05','for user \"clark\" at LAPTOP-NKRJ7O6L: updated account details of user \"mocksiest\"'),(1234,3,2,'2024-06-03 10:42:08','for user \"clark\" at LAPTOP-NKRJ7O6L: '),(1235,3,8,'2024-06-03 10:42:20','for user \"clark\" at LAPTOP-NKRJ7O6L: '),(1236,3,10,'2024-06-03 10:42:43','for user \"clark\" at LAPTOP-NKRJ7O6L: viewed account details of \"mocksiest\"'),(1237,1,7,'2024-06-03 10:42:45','for user \"clark\" at LAPTOP-NKRJ7O6L: updated account details of user \"mocksiest\"'),(1238,3,2,'2024-06-03 10:44:40','for user \"clark\" at LAPTOP-NKRJ7O6L: '),(1239,3,8,'2024-06-03 10:44:51','for user \"clark\" at LAPTOP-NKRJ7O6L: '),(1240,3,2,'2024-06-03 10:45:31','for user \"clark\" at LAPTOP-NKRJ7O6L: '),(1241,3,8,'2024-06-03 10:45:43','for user \"clark\" at LAPTOP-NKRJ7O6L: '),(1242,3,10,'2024-06-03 10:45:45','for user \"clark\" at LAPTOP-NKRJ7O6L: viewed account details of \"mocksiest\"'),(1243,1,7,'2024-06-03 10:45:47','for user \"clark\" at LAPTOP-NKRJ7O6L: updated account details of user \"mocksiest\"'),(1244,3,2,'2024-06-03 10:54:53','for user \"clark\" at LAPTOP-NKRJ7O6L: '),(1245,3,8,'2024-06-03 10:55:04','for user \"clark\" at LAPTOP-NKRJ7O6L: '),(1246,3,2,'2024-06-03 10:56:41','for user \"clark\" at LAPTOP-NKRJ7O6L: '),(1247,3,8,'2024-06-03 10:56:58','for user \"clark\" at LAPTOP-NKRJ7O6L: '),(1248,3,10,'2024-06-03 10:57:16','for user \"clark\" at LAPTOP-NKRJ7O6L: viewed account details of \"mocksiest\"'),(1249,1,7,'2024-06-03 10:57:30','for user \"clark\" at LAPTOP-NKRJ7O6L: updated account details of user \"mocksiest\"'),(1250,3,10,'2024-06-03 10:58:15','for user \"clark\" at LAPTOP-NKRJ7O6L: viewed account details of \"mocksiest\"'),(1251,3,2,'2024-06-03 11:10:49','for user \"clark\" at LAPTOP-NKRJ7O6L: '),(1252,3,8,'2024-06-03 11:11:04','for user \"clark\" at LAPTOP-NKRJ7O6L: '),(1253,3,10,'2024-06-03 11:11:11','for user \"clark\" at LAPTOP-NKRJ7O6L: viewed account details of \"mocksiest\"'),(1254,3,11,'2024-06-03 11:11:13','for user \"clark\" at LAPTOP-NKRJ7O6L: updated account details of user \"mocksiest\"'),(1255,3,10,'2024-06-03 11:11:19','for user \"clark\" at LAPTOP-NKRJ7O6L: viewed account details of \"mocksiest\"'),(1256,3,11,'2024-06-03 11:11:23','for user \"clark\" at LAPTOP-NKRJ7O6L: updated account details of user \"mocksiest\"'),(1257,3,10,'2024-06-03 11:14:50','for user \"clark\" at LAPTOP-NKRJ7O6L: viewed account details of \"mocksiest\"'),(1258,3,11,'2024-06-03 11:14:52','for user \"clark\" at LAPTOP-NKRJ7O6L: updated account details of user \"mocksiest\"'),(1259,3,2,'2024-06-03 11:34:56','for user \"clark\" at LAPTOP-NKRJ7O6L: '),(1260,3,8,'2024-06-03 11:35:07','for user \"clark\" at LAPTOP-NKRJ7O6L: '),(1261,3,10,'2024-06-03 11:35:10','for user \"clark\" at LAPTOP-NKRJ7O6L: viewed account details of \"mocksiest\"'),(1262,3,11,'2024-06-03 11:35:11','for user \"clark\" at LAPTOP-NKRJ7O6L: updated account details of user \"mocksiest\"'),(1263,3,2,'2024-06-03 11:43:02','for user \"clark\" at LAPTOP-NKRJ7O6L: '),(1264,3,8,'2024-06-03 11:43:19','for user \"clark\" at LAPTOP-NKRJ7O6L: '),(1265,3,10,'2024-06-03 11:43:22','for user \"clark\" at LAPTOP-NKRJ7O6L: viewed account details of \"mocksiest\"'),(1266,3,11,'2024-06-03 11:43:23','for user \"clark\" at LAPTOP-NKRJ7O6L: updated account details of user \"mocksiest\"'),(1267,3,2,'2024-06-03 11:49:02','for user \"clark\" at LAPTOP-NKRJ7O6L: '),(1268,3,8,'2024-06-03 11:49:10','for user \"clark\" at LAPTOP-NKRJ7O6L: '),(1269,3,10,'2024-06-03 11:49:13','for user \"clark\" at LAPTOP-NKRJ7O6L: viewed account details of \"mocksiest\"'),(1270,3,11,'2024-06-03 11:49:14','for user \"clark\" at LAPTOP-NKRJ7O6L: updated account details of user \"mocksiest\"'),(1271,3,2,'2024-06-03 11:52:22','for user \"clark\" at LAPTOP-NKRJ7O6L: '),(1272,3,8,'2024-06-03 11:52:31','for user \"clark\" at LAPTOP-NKRJ7O6L: '),(1273,3,10,'2024-06-03 11:52:35','for user \"clark\" at LAPTOP-NKRJ7O6L: viewed account details of \"mocksiest\"'),(1274,3,11,'2024-06-03 11:52:37','for user \"clark\" at LAPTOP-NKRJ7O6L: updated account details of user \"mocksiest\"'),(1275,3,2,'2024-06-03 12:04:52','for user \"clark\" at LAPTOP-NKRJ7O6L: '),(1276,3,8,'2024-06-03 12:05:00','for user \"clark\" at LAPTOP-NKRJ7O6L: '),(1277,3,10,'2024-06-03 12:05:10','for user \"clark\" at LAPTOP-NKRJ7O6L: viewed account details of \"clark\"'),(1278,3,10,'2024-06-03 12:05:18','for user \"clark\" at LAPTOP-NKRJ7O6L: viewed account details of \"clark\"'),(1279,3,10,'2024-06-03 12:05:23','for user \"clark\" at LAPTOP-NKRJ7O6L: viewed account details of \"mocksiest\"'),(1280,3,2,'2024-06-03 12:06:51','for user \"clark\" at LAPTOP-NKRJ7O6L: '),(1281,3,8,'2024-06-03 12:06:58','for user \"clark\" at LAPTOP-NKRJ7O6L: '),(1282,3,10,'2024-06-03 12:07:07','for user \"clark\" at LAPTOP-NKRJ7O6L: viewed account details of \"mocksiest\"'),(1283,3,2,'2024-06-03 12:08:47','for user \"clark\" at LAPTOP-NKRJ7O6L: '),(1284,3,8,'2024-06-03 12:08:58','for user \"clark\" at LAPTOP-NKRJ7O6L: '),(1285,3,10,'2024-06-03 12:09:02','for user \"clark\" at LAPTOP-NKRJ7O6L: viewed account details of \"mocksiest\"'),(1286,1,1,'2024-06-03 12:10:47','for user \"clark\" at LAPTOP-NKRJ7O6L: '),(1287,3,2,'2024-06-03 12:10:50','for user \"clark\" at LAPTOP-NKRJ7O6L: '),(1288,3,8,'2024-06-03 12:10:59','for user \"clark\" at LAPTOP-NKRJ7O6L: '),(1289,3,10,'2024-06-03 12:11:01','for user \"clark\" at LAPTOP-NKRJ7O6L: viewed account details of \"mocksiest\"'),(1290,3,11,'2024-06-03 12:11:02','for user \"clark\" at LAPTOP-NKRJ7O6L: updated account details of user \"mocksiest\"; changed private int models.schemas.User.account_status_id from 2 to 1, '),(1291,1,1,'2024-06-03 12:11:59','for user \"clark\" at LAPTOP-NKRJ7O6L: '),(1292,3,2,'2024-06-03 12:12:02','for user \"clark\" at LAPTOP-NKRJ7O6L: '),(1293,3,8,'2024-06-03 12:12:12','for user \"clark\" at LAPTOP-NKRJ7O6L: '),(1294,3,10,'2024-06-03 12:12:14','for user \"clark\" at LAPTOP-NKRJ7O6L: viewed account details of \"mocksiest\"'),(1295,3,11,'2024-06-03 12:12:16','for user \"clark\" at LAPTOP-NKRJ7O6L: updated account details of user \"mocksiest\"; changed private int models.schemas.User.account_status_id from 1 to 2, '),(1296,3,2,'2024-06-03 12:13:07','for user \"clark\" at LAPTOP-NKRJ7O6L: '),(1297,3,8,'2024-06-03 12:13:19','for user \"clark\" at LAPTOP-NKRJ7O6L: '),(1298,3,10,'2024-06-03 12:13:22','for user \"clark\" at LAPTOP-NKRJ7O6L: viewed account details of \"mocksiest\"'),(1299,3,11,'2024-06-03 12:13:23','for user \"clark\" at LAPTOP-NKRJ7O6L: updated account details of user \"mocksiest\"; changed account_status_id from 2 to 1, ');
/*!40000 ALTER TABLE `user_logs` ENABLE KEYS */;
UNLOCK TABLES;

--
-- Table structure for table `users`
--

DROP TABLE IF EXISTS `users`;
/*!40101 SET @saved_cs_client     = @@character_set_client */;
/*!50503 SET character_set_client = utf8mb4 */;
CREATE TABLE `users` (
  `id` int NOT NULL AUTO_INCREMENT COMMENT 'unique identifier for each user in the system\n',
  `uname` varchar(50) NOT NULL COMMENT 'username of the user',
  `pass` varchar(22) NOT NULL COMMENT 'password of the user',
  `email` varchar(100) NOT NULL COMMENT 'email binded to account',
  `level_of_access_id` int NOT NULL COMMENT 'foreign key to level of access table\n',
  `fname` varchar(45) NOT NULL COMMENT 'first name of user',
  `lname` varchar(45) NOT NULL COMMENT 'last name of user',
  `account_status_id` int NOT NULL COMMENT 'foreign key to account status table',
  `unique_question_id` int NOT NULL COMMENT 'foreign key to unique questions table',
  `unique_question_answer` varchar(45) NOT NULL COMMENT 'answer of user to assigned unique question',
  PRIMARY KEY (`id`),
  UNIQUE KEY `id_UNIQUE` (`id`),
  UNIQUE KEY `uname_UNIQUE` (`uname`),
  UNIQUE KEY `email_UNIQUE` (`email`)
) ENGINE=InnoDB AUTO_INCREMENT=4 DEFAULT CHARSET=utf8mb3;
/*!40101 SET character_set_client = @saved_cs_client */;

--
-- Dumping data for table `users`
--

LOCK TABLES `users` WRITE;
/*!40000 ALTER TABLE `users` DISABLE KEYS */;
INSERT INTO `users` VALUES (1,'SYSTEM','-','-',0,'SYSTEM','SYSTEM',0,0,'-'),(2,'mocksiest','Zavpms@123','junelllaxamana@gmail.com',3,'Junell','Laxamana',1,1,'ishy'),(3,'clark','Clark123!','clark10202003@gmail.com',1,'Clark','Limson',1,2,'mark');
/*!40000 ALTER TABLE `users` ENABLE KEYS */;
UNLOCK TABLES;
/*!40103 SET TIME_ZONE=@OLD_TIME_ZONE */;

/*!40101 SET SQL_MODE=@OLD_SQL_MODE */;
/*!40014 SET FOREIGN_KEY_CHECKS=@OLD_FOREIGN_KEY_CHECKS */;
/*!40014 SET UNIQUE_CHECKS=@OLD_UNIQUE_CHECKS */;
/*!40101 SET CHARACTER_SET_CLIENT=@OLD_CHARACTER_SET_CLIENT */;
/*!40101 SET CHARACTER_SET_RESULTS=@OLD_CHARACTER_SET_RESULTS */;
/*!40101 SET COLLATION_CONNECTION=@OLD_COLLATION_CONNECTION */;
/*!40111 SET SQL_NOTES=@OLD_SQL_NOTES */;

-- Dump completed on 2024-06-03 12:16:32
