-- MySQL dump 10.13  Distrib 8.0.35, for Win64 (x86_64)
--
-- Host: localhost    Database: zav-pms-db
-- ------------------------------------------------------
-- Server version	8.0.35

/*!40101 SET @OLD_CHARACTER_SET_CLIENT=@@CHARACTER_SET_CLIENT */;
/*!40101 SET @OLD_CHARACTER_SET_RESULTS=@@CHARACTER_SET_RESULTS */;
/*!40101 SET @OLD_COLLATION_CONNECTION=@@COLLATION_CONNECTION */;
/*!50503 SET NAMES utf8mb4 */;
/*!40103 SET @OLD_TIME_ZONE=@@TIME_ZONE */;
/*!40103 SET TIME_ZONE='+00:00' */;
/*!40014 SET @OLD_UNIQUE_CHECKS=@@UNIQUE_CHECKS, UNIQUE_CHECKS=0 */;
/*!40014 SET @OLD_FOREIGN_KEY_CHECKS=@@FOREIGN_KEY_CHECKS, FOREIGN_KEY_CHECKS=0 */;
/*!40101 SET @OLD_SQL_MODE=@@SQL_MODE, SQL_MODE='NO_AUTO_VALUE_ON_ZERO' */;
/*!40111 SET @OLD_SQL_NOTES=@@SQL_NOTES, SQL_NOTES=0 */;

--
-- Table structure for table `account_status`
--

DROP TABLE IF EXISTS `account_status`;
/*!40101 SET @saved_cs_client     = @@character_set_client */;
/*!50503 SET character_set_client = utf8mb4 */;
CREATE TABLE `account_status` (
  `id` int NOT NULL AUTO_INCREMENT,
  `status` varchar(45) NOT NULL COMMENT 'status of account',
  PRIMARY KEY (`id`),
  UNIQUE KEY `id_UNIQUE` (`id`),
  UNIQUE KEY `status_UNIQUE` (`status`)
) ENGINE=InnoDB AUTO_INCREMENT=3 DEFAULT CHARSET=utf8mb3;
/*!40101 SET character_set_client = @saved_cs_client */;

--
-- Dumping data for table `account_status`
--

LOCK TABLES `account_status` WRITE;
/*!40000 ALTER TABLE `account_status` DISABLE KEYS */;
INSERT INTO `account_status` VALUES (1,'active'),(2,'disabled');
/*!40000 ALTER TABLE `account_status` ENABLE KEYS */;
UNLOCK TABLES;

--
-- Table structure for table `backup_log`
--

DROP TABLE IF EXISTS `backup_log`;
/*!40101 SET @saved_cs_client     = @@character_set_client */;
/*!50503 SET character_set_client = utf8mb4 */;
CREATE TABLE `backup_log` (
  `id` int NOT NULL AUTO_INCREMENT,
  `user_id` int NOT NULL,
  `date` varchar(255) NOT NULL,
  `system_name` varchar(255) NOT NULL,
  `backup_type_id` int NOT NULL,
  PRIMARY KEY (`id`)
) ENGINE=InnoDB AUTO_INCREMENT=112 DEFAULT CHARSET=utf8mb3;
/*!40101 SET character_set_client = @saved_cs_client */;

--
-- Dumping data for table `backup_log`
--

LOCK TABLES `backup_log` WRITE;
/*!40000 ALTER TABLE `backup_log` DISABLE KEYS */;
INSERT INTO `backup_log` VALUES (1,2,'2024-06-11 11:50:40','LAXAMANA-PC',16),(2,2,'2024-06-11 21:36:14','LAXAMANA-PC',16),(3,2,'2024-06-11 21:40:21','LAXAMANA-PC',16),(4,2,'2024-06-11 21:40:55','LAXAMANA-PC',16),(5,2,'2024-06-12 15:31:01','LAXAMANA-PC',16),(6,2,'2024-06-12 17:26:03','LAXAMANA-PC',16),(7,2,'2024-06-12 17:31:03','LAXAMANA-PC',16),(8,2,'2024-06-12 18:00:25','LAXAMANA-PC',19),(9,2,'2024-06-12 18:02:13','LAXAMANA-PC',16),(10,2,'2024-06-12 18:06:18','LAXAMANA-PC',16),(11,2,'2024-06-12 18:08:59','LAXAMANA-PC',16),(12,2,'2024-06-12 18:15:44','LAXAMANA-PC',16),(13,2,'2024-06-12 18:19:37','LAXAMANA-PC',19),(14,2,'2024-06-14 11:53:52','LAXAMANA-PC',16),(15,0,'2024-06-16 17:10:10','LAXAMANA-PC',17),(16,0,'2024-06-16 17:15:06','LAXAMANA-PC',17),(17,1,'2024-06-16 17:15:25','LAXAMANA-PC',17),(18,1,'2024-06-16 17:16:30','LAXAMANA-PC',17),(19,2,'2024-06-16 17:17:06','LAXAMANA-PC',16),(20,1,'2024-06-16 17:22:00','LAXAMANA-PC',17),(21,1,'2024-06-16 17:22:02','LAXAMANA-PC',17),(22,2,'2024-06-16 17:22:43','LAXAMANA-PC',16),(23,2,'2024-06-16 17:25:50','LAXAMANA-PC',16),(24,1,'2024-06-16 17:25:59','LAXAMANA-PC',17),(25,1,'2024-06-16 17:26:31','LAXAMANA-PC',17),(26,1,'2024-06-16 17:37:15','LAXAMANA-PC',17),(27,2,'2024-06-16 18:19:13','LAXAMANA-PC',16),(28,1,'2024-06-16 18:48:14','LAXAMANA-PC',17),(29,1,'2024-06-16 20:54:57','LAXAMANA-PC',17),(30,1,'2024-06-17 09:28:54','LAXAMANA-PC',17),(31,1,'2024-06-17 09:35:17','LAXAMANA-PC',17),(32,1,'2024-06-17 09:56:51','LAXAMANA-PC',17),(33,1,'2024-06-17 10:34:50','LAXAMANA-PC',17),(34,1,'2024-06-17 10:35:52','LAXAMANA-PC',17),(35,1,'2024-06-17 11:06:33','LAXAMANA-PC',17),(36,1,'2024-06-17 11:25:49','LAXAMANA-PC',17),(37,1,'2024-06-17 11:26:28','LAXAMANA-PC',17),(38,1,'2024-06-17 11:26:47','LAXAMANA-PC',17),(39,1,'2024-06-17 13:04:29','LAXAMANA-PC',17),(40,1,'2024-06-17 13:33:54','LAXAMANA-PC',17),(41,1,'2024-06-17 14:32:39','LAXAMANA-PC',17),(42,1,'2024-06-17 14:41:38','LAXAMANA-PC',17),(43,1,'2024-06-17 14:49:39','LAXAMANA-PC',17),(44,1,'2024-06-17 15:26:56','LAXAMANA-PC',17),(45,1,'2024-06-17 15:38:17','LAXAMANA-PC',17),(46,1,'2024-06-17 15:52:43','LAXAMANA-PC',17),(47,1,'2024-06-17 17:07:11','LAXAMANA-PC',17),(48,1,'2024-06-17 17:08:49','LAXAMANA-PC',17),(49,1,'2024-06-17 17:10:39','LAXAMANA-PC',17),(50,1,'2024-06-17 17:20:13','LAXAMANA-PC',17),(51,1,'2024-06-17 18:58:00','LAXAMANA-PC',17),(52,1,'2024-06-17 19:42:44','LAXAMANA-PC',17),(53,1,'2024-06-17 19:44:42','LAXAMANA-PC',17),(54,1,'2024-06-17 19:47:02','LAXAMANA-PC',17),(55,1,'2024-06-17 19:53:48','LAXAMANA-PC',17),(56,1,'2024-06-19 13:48:01','LAXAMANA-PC',17),(57,1,'2024-06-20 14:45:32','LAXAMANA-PC',17),(58,1,'2024-06-21 23:47:18','LAXAMANA-PC',17),(59,1,'2024-06-22 08:52:25','LAXAMANA-PC',17),(60,1,'2024-06-22 08:58:06','LAXAMANA-PC',17),(61,1,'2024-06-22 09:07:48','LAXAMANA-PC',17),(62,1,'2024-06-22 10:23:02','LAXAMANA-PC',17),(63,1,'2024-06-22 10:23:45','LAXAMANA-PC',17),(64,1,'2024-06-22 10:24:34','LAXAMANA-PC',17),(65,1,'2024-06-22 10:26:10','LAXAMANA-PC',17),(66,1,'2024-06-22 12:27:26','LAXAMANA-PC',17),(67,1,'2024-06-22 12:59:08','LAXAMANA-PC',17),(68,1,'2024-06-22 12:59:36','LAXAMANA-PC',17),(69,1,'2024-06-22 13:41:06','LAXAMANA-PC',17),(70,1,'2024-06-22 15:49:38','LAXAMANA-PC',17),(71,1,'2024-06-22 18:14:43','LAXAMANA-PC',17),(72,1,'2024-06-22 18:25:21','LAXAMANA-PC',17),(73,1,'2024-06-22 18:58:36','LAXAMANA-PC',17),(74,1,'2024-06-22 19:37:03','LAXAMANA-PC',17),(75,1,'2024-06-23 01:12:00','LAXAMANA-PC',17),(76,1,'2024-06-23 02:11:09','LAXAMANA-PC',17),(77,1,'2024-06-23 02:37:24','LAXAMANA-PC',17),(78,1,'2024-06-23 02:43:29','LAXAMANA-PC',17),(79,1,'2024-06-23 03:01:38','LAXAMANA-PC',17),(80,1,'2024-06-24 10:26:56','LAXAMANA-PC',17),(81,1,'2024-06-25 00:27:12','LAXAMANA-PC',17),(82,1,'2024-06-25 17:13:18','LAXAMANA-PC',17),(83,1,'2024-06-25 19:01:58','LAXAMANA-PC',17),(84,1,'2024-06-25 19:54:17','LAXAMANA-PC',17),(85,1,'2024-06-25 20:08:59','LAXAMANA-PC',17),(86,1,'2024-06-25 20:10:17','LAXAMANA-PC',17),(87,1,'2024-06-25 20:17:30','LAXAMANA-PC',17),(88,1,'2024-06-26 00:04:29','LAXAMANA-PC',17),(89,1,'2024-06-26 00:21:06','LAXAMANA-PC',17),(90,1,'2024-06-26 00:40:38','LAXAMANA-PC',17),(91,1,'2024-06-26 01:10:52','LAXAMANA-PC',17),(92,1,'2024-06-26 01:24:16','LAXAMANA-PC',17),(93,1,'2024-06-26 11:30:10','LAXAMANA-PC',17),(94,1,'2024-06-27 21:00:19','LAXAMANA-PC',17),(95,1,'2024-06-27 21:15:43','LAXAMANA-PC',17),(96,1,'2024-06-27 22:32:07','LAXAMANA-PC',17),(97,1,'2024-06-28 09:08:34','LAXAMANA-PC',17),(98,1,'2024-06-28 11:12:41','LAXAMANA-PC',17),(99,1,'2024-06-28 11:22:47','LAXAMANA-PC',17),(100,1,'2024-06-28 11:46:53','LAXAMANA-PC',17),(101,1,'2024-06-28 17:39:46','LAXAMANA-PC',17),(102,1,'2024-06-28 17:50:06','LAXAMANA-PC',17),(103,1,'2024-06-28 18:26:03','LAXAMANA-PC',17),(104,1,'2024-06-28 20:28:12','LAXAMANA-PC',17),(105,1,'2024-06-28 21:30:06','LAXAMANA-PC',17),(106,1,'2024-06-28 21:30:22','LAXAMANA-PC',17),(107,1,'2024-06-29 01:12:01','LAXAMANA-PC',17),(108,2,'2024-06-29 11:44:16','LAXAMANA-PC',19),(109,1,'2024-06-29 11:50:00','LAXAMANA-PC',17),(110,1,'2024-06-29 12:50:02','LAXAMANA-PC',17),(111,1,'2024-06-29 15:02:13','LAXAMANA-PC',17);
/*!40000 ALTER TABLE `backup_log` ENABLE KEYS */;
UNLOCK TABLES;

--
-- Table structure for table `drink_product`
--

DROP TABLE IF EXISTS `drink_product`;
/*!40101 SET @saved_cs_client     = @@character_set_client */;
/*!50503 SET character_set_client = utf8mb4 */;
CREATE TABLE `drink_product` (
  `id` int NOT NULL AUTO_INCREMENT,
  `products_name_id` int NOT NULL,
  `size` double NOT NULL,
  `price` double NOT NULL,
  `available_count` int NOT NULL,
  `critical_level` int NOT NULL,
  `isVoided` tinyint NOT NULL,
  `discounted_price` double NOT NULL,
  `preferred_unit_id` int NOT NULL,
  PRIMARY KEY (`id`)
) ENGINE=InnoDB AUTO_INCREMENT=12 DEFAULT CHARSET=utf8mb3;
/*!40101 SET character_set_client = @saved_cs_client */;

--
-- Dumping data for table `drink_product`
--

LOCK TABLES `drink_product` WRITE;
/*!40000 ALTER TABLE `drink_product` DISABLE KEYS */;
INSERT INTO `drink_product` VALUES (3,4,1000,80,7,6,0,60,3),(4,6,1700,80,0,6,0,50,3),(5,7,1500,80,0,6,0,50,3),(6,8,1500,80,0,7,0,50,3),(7,4,250,25,0,5,1,20,2),(8,9,290,25,7,5,0,15,2),(9,10,290,30,0,6,0,15,2),(10,9,1500,80,0,5,0,50,3),(11,22,1500,30,0,2,1,15,3);
/*!40000 ALTER TABLE `drink_product` ENABLE KEYS */;
UNLOCK TABLES;

--
-- Table structure for table `food_product`
--

DROP TABLE IF EXISTS `food_product`;
/*!40101 SET @saved_cs_client     = @@character_set_client */;
/*!50503 SET character_set_client = utf8mb4 */;
CREATE TABLE `food_product` (
  `id` int NOT NULL AUTO_INCREMENT COMMENT 'unique identifier for ',
  `products_name_id` int NOT NULL COMMENT 'foreign key to products name table',
  `regular_price` float NOT NULL COMMENT 'regular price of the product',
  `serving_size_id` int NOT NULL COMMENT 'foreing key to product_serving_size table',
  `available_count` int NOT NULL COMMENT 'availability/quantity that is available of the product',
  `discounted_price` float NOT NULL COMMENT 'the price if it was discounted',
  `isVoided` tinyint NOT NULL COMMENT 'deletion of product',
  PRIMARY KEY (`id`),
  UNIQUE KEY `id_UNIQUE` (`id`)
) ENGINE=InnoDB AUTO_INCREMENT=19 DEFAULT CHARSET=utf8mb4 COLLATE=utf8mb4_0900_ai_ci;
/*!40101 SET character_set_client = @saved_cs_client */;

--
-- Dumping data for table `food_product`
--

LOCK TABLES `food_product` WRITE;
/*!40000 ALTER TABLE `food_product` DISABLE KEYS */;
INSERT INTO `food_product` VALUES (13,17,79,1,0,63.2,0),(14,18,90,1,0,72,0),(15,19,80,1,0,64,1),(16,20,80,1,0,64,0),(17,19,250,4,0,200,0),(18,21,80,1,0,64,0);
/*!40000 ALTER TABLE `food_product` ENABLE KEYS */;
UNLOCK TABLES;

--
-- Table structure for table `level_of_access`
--

DROP TABLE IF EXISTS `level_of_access`;
/*!40101 SET @saved_cs_client     = @@character_set_client */;
/*!50503 SET character_set_client = utf8mb4 */;
CREATE TABLE `level_of_access` (
  `id` int NOT NULL AUTO_INCREMENT,
  `level_of_access` varchar(45) NOT NULL,
  PRIMARY KEY (`id`),
  UNIQUE KEY `id_UNIQUE` (`id`),
  UNIQUE KEY `level_of_access_UNIQUE` (`level_of_access`)
) ENGINE=InnoDB AUTO_INCREMENT=4 DEFAULT CHARSET=utf8mb3 COMMENT='determines the level access of the user account';
/*!40101 SET character_set_client = @saved_cs_client */;

--
-- Dumping data for table `level_of_access`
--

LOCK TABLES `level_of_access` WRITE;
/*!40000 ALTER TABLE `level_of_access` DISABLE KEYS */;
INSERT INTO `level_of_access` VALUES (1,'Admin'),(3,'Cashier'),(2,'Kitchen Staff');
/*!40000 ALTER TABLE `level_of_access` ENABLE KEYS */;
UNLOCK TABLES;

--
-- Table structure for table `preferred_units`
--

DROP TABLE IF EXISTS `preferred_units`;
/*!40101 SET @saved_cs_client     = @@character_set_client */;
/*!50503 SET character_set_client = utf8mb4 */;
CREATE TABLE `preferred_units` (
  `id` int NOT NULL AUTO_INCREMENT,
  `preferred_unit` varchar(45) NOT NULL,
  PRIMARY KEY (`id`)
) ENGINE=InnoDB AUTO_INCREMENT=4 DEFAULT CHARSET=utf8mb3;
/*!40101 SET character_set_client = @saved_cs_client */;

--
-- Dumping data for table `preferred_units`
--

LOCK TABLES `preferred_units` WRITE;
/*!40000 ALTER TABLE `preferred_units` DISABLE KEYS */;
INSERT INTO `preferred_units` VALUES (2,'mL'),(3,'L');
/*!40000 ALTER TABLE `preferred_units` ENABLE KEYS */;
UNLOCK TABLES;

--
-- Table structure for table `product_serving_size`
--

DROP TABLE IF EXISTS `product_serving_size`;
/*!40101 SET @saved_cs_client     = @@character_set_client */;
/*!50503 SET character_set_client = utf8mb4 */;
CREATE TABLE `product_serving_size` (
  `id` int NOT NULL AUTO_INCREMENT COMMENT 'unique identifier for serving size of products',
  `size` varchar(45) NOT NULL COMMENT 'serving sizes (solo, sharing, large tray, extra large tray)',
  PRIMARY KEY (`id`),
  UNIQUE KEY `id_UNIQUE` (`id`),
  UNIQUE KEY `size_UNIQUE` (`size`)
) ENGINE=InnoDB AUTO_INCREMENT=5 DEFAULT CHARSET=utf8mb4 COLLATE=utf8mb4_0900_ai_ci;
/*!40101 SET character_set_client = @saved_cs_client */;

--
-- Dumping data for table `product_serving_size`
--

LOCK TABLES `product_serving_size` WRITE;
/*!40000 ALTER TABLE `product_serving_size` DISABLE KEYS */;
INSERT INTO `product_serving_size` VALUES (4,'extra large tray'),(3,'large tray'),(2,'sharing'),(1,'solo');
/*!40000 ALTER TABLE `product_serving_size` ENABLE KEYS */;
UNLOCK TABLES;

--
-- Table structure for table `product_types`
--

DROP TABLE IF EXISTS `product_types`;
/*!40101 SET @saved_cs_client     = @@character_set_client */;
/*!50503 SET character_set_client = utf8mb4 */;
CREATE TABLE `product_types` (
  `id` int NOT NULL AUTO_INCREMENT,
  `product_type` varchar(45) NOT NULL,
  PRIMARY KEY (`id`),
  UNIQUE KEY `id_UNIQUE` (`id`)
) ENGINE=InnoDB AUTO_INCREMENT=3 DEFAULT CHARSET=utf8mb4 COLLATE=utf8mb4_0900_ai_ci;
/*!40101 SET character_set_client = @saved_cs_client */;

--
-- Dumping data for table `product_types`
--

LOCK TABLES `product_types` WRITE;
/*!40000 ALTER TABLE `product_types` DISABLE KEYS */;
INSERT INTO `product_types` VALUES (1,'food'),(2,'beverages');
/*!40000 ALTER TABLE `product_types` ENABLE KEYS */;
UNLOCK TABLES;

--
-- Table structure for table `products_name`
--

DROP TABLE IF EXISTS `products_name`;
/*!40101 SET @saved_cs_client     = @@character_set_client */;
/*!50503 SET character_set_client = utf8mb4 */;
CREATE TABLE `products_name` (
  `id` int NOT NULL AUTO_INCREMENT COMMENT 'unique identifier for products',
  `product_name` varchar(255) NOT NULL COMMENT 'name of the products',
  `stock_product_type_id` int NOT NULL,
  PRIMARY KEY (`id`),
  UNIQUE KEY `id_UNIQUE` (`id`)
) ENGINE=InnoDB AUTO_INCREMENT=23 DEFAULT CHARSET=utf8mb4 COLLATE=utf8mb4_0900_ai_ci;
/*!40101 SET character_set_client = @saved_cs_client */;

--
-- Dumping data for table `products_name`
--

LOCK TABLES `products_name` WRITE;
/*!40000 ALTER TABLE `products_name` DISABLE KEYS */;
INSERT INTO `products_name` VALUES (1,'Coke',1),(4,'Coke Zero',1),(6,'Pepsi',1),(7,'Sprite',1),(8,'Royal',1),(9,'Sarsi',1),(10,'Kelp Juice',1),(16,'Sisig',3),(17,'Tapsilog',3),(18,'Tocilog',3),(19,'Hotsilog',3),(20,'Cornsilog',3),(21,'Longsilog',3),(22,'Mountain Dew',1);
/*!40000 ALTER TABLE `products_name` ENABLE KEYS */;
UNLOCK TABLES;

--
-- Table structure for table `reduction_types`
--

DROP TABLE IF EXISTS `reduction_types`;
/*!40101 SET @saved_cs_client     = @@character_set_client */;
/*!50503 SET character_set_client = utf8mb4 */;
CREATE TABLE `reduction_types` (
  `id` int NOT NULL AUTO_INCREMENT,
  `reduction_type` varchar(255) DEFAULT NULL,
  PRIMARY KEY (`id`),
  UNIQUE KEY `reduction_type_UNIQUE` (`reduction_type`)
) ENGINE=InnoDB AUTO_INCREMENT=4 DEFAULT CHARSET=utf8mb3;
/*!40101 SET character_set_client = @saved_cs_client */;

--
-- Dumping data for table `reduction_types`
--

LOCK TABLES `reduction_types` WRITE;
/*!40000 ALTER TABLE `reduction_types` DISABLE KEYS */;
INSERT INTO `reduction_types` VALUES (2,'expired'),(3,'mishandled'),(1,'used');
/*!40000 ALTER TABLE `reduction_types` ENABLE KEYS */;
UNLOCK TABLES;

--
-- Table structure for table `stock`
--

DROP TABLE IF EXISTS `stock`;
/*!40101 SET @saved_cs_client     = @@character_set_client */;
/*!50503 SET character_set_client = utf8mb4 */;
CREATE TABLE `stock` (
  `id` int NOT NULL AUTO_INCREMENT COMMENT 'unique identifier for stock',
  `stock_name` varchar(45) NOT NULL COMMENT 'name of the stocks',
  `quantity` double NOT NULL COMMENT 'quantity',
  `unit_measure_id` int NOT NULL COMMENT 'foreign key from unit_measure table',
  `stock_type_id` int NOT NULL COMMENT 'foreign key from stock_type table',
  `critical_level` int NOT NULL COMMENT 'minimum',
  `isVoided` tinyint NOT NULL,
  PRIMARY KEY (`id`),
  UNIQUE KEY `id_UNIQUE` (`id`)
) ENGINE=InnoDB AUTO_INCREMENT=23 DEFAULT CHARSET=utf8mb4 COLLATE=utf8mb4_0900_ai_ci;
/*!40101 SET character_set_client = @saved_cs_client */;

--
-- Dumping data for table `stock`
--

LOCK TABLES `stock` WRITE;
/*!40000 ALTER TABLE `stock` DISABLE KEYS */;
INSERT INTO `stock` VALUES (9,'toyo2',0,1,3,7,1),(10,'dasda',0,2,2,2,1),(11,'ayoko na',6,3,3,5,1),(12,'sugar',14,1,3,9,0),(13,'teststock',4,3,3,2,1),(14,'teststock222',0,1,3,4,1),(15,'testStocksss',0,4,3,3,1),(16,'pechay',0,2,1,2,1),(17,'soy sauce',18,1,3,5,0),(18,'vinegar',7,1,3,3,0),(19,'pepper',15,3,3,8,0),(20,'bay leaf',10,3,3,7,0),(21,'labuyo chili',10,3,3,10,0),(22,'egg',24,3,3,6,0);
/*!40000 ALTER TABLE `stock` ENABLE KEYS */;
UNLOCK TABLES;

--
-- Table structure for table `stock_product_expenses`
--

DROP TABLE IF EXISTS `stock_product_expenses`;
/*!40101 SET @saved_cs_client     = @@character_set_client */;
/*!50503 SET character_set_client = utf8mb4 */;
CREATE TABLE `stock_product_expenses` (
  `id` int NOT NULL AUTO_INCREMENT,
  `stock_id` int NOT NULL,
  `quantity` float NOT NULL,
  `total_cost` float NOT NULL,
  `date_purchased` date NOT NULL,
  `stock_product_type_id` int NOT NULL,
  `expiry_date` date NOT NULL,
  PRIMARY KEY (`id`)
) ENGINE=InnoDB AUTO_INCREMENT=22 DEFAULT CHARSET=utf8mb3;
/*!40101 SET character_set_client = @saved_cs_client */;

--
-- Dumping data for table `stock_product_expenses`
--

LOCK TABLES `stock_product_expenses` WRITE;
/*!40000 ALTER TABLE `stock_product_expenses` DISABLE KEYS */;
INSERT INTO `stock_product_expenses` VALUES (1,12,4,50.54,'2024-06-13',2,'2024-06-30'),(2,17,5,100.25,'2024-06-16',2,'2024-06-26'),(3,18,7,245.5,'2024-06-16',2,'2024-06-24'),(4,13,3,30.5,'2024-06-15',2,'2024-06-25'),(5,13,1,10,'2024-06-16',2,'2024-06-20'),(6,11,6,5025,'2024-06-09',2,'2024-06-26'),(7,19,10,25,'2024-06-16',2,'2024-07-23'),(8,19,5,25,'2024-06-17',2,'2024-07-31'),(9,17,3,35.24,'2024-06-17',2,'2024-06-28'),(10,12,5,50.25,'2024-06-19',2,'2024-06-28'),(11,20,10,100.25,'2024-06-20',2,'2024-06-27'),(12,3,5,400,'2024-06-22',1,'2024-06-26'),(13,8,5,135.43,'2024-06-22',1,'2024-06-30'),(14,21,10,60,'2024-06-25',2,'2024-06-27'),(15,22,24,280,'2024-06-25',2,'2024-07-02'),(16,17,10,100,'2024-06-28',2,'2024-06-30'),(17,11,10,800,'2024-06-28',1,'2024-06-12'),(18,3,2,100,'2024-06-29',1,'2024-06-30'),(19,12,3,100,'2024-06-29',2,'2024-07-01'),(20,12,2,100,'2024-06-29',2,'2024-06-30'),(21,8,2,36,'2024-06-29',1,'2024-06-30');
/*!40000 ALTER TABLE `stock_product_expenses` ENABLE KEYS */;
UNLOCK TABLES;

--
-- Table structure for table `stock_product_reduction`
--

DROP TABLE IF EXISTS `stock_product_reduction`;
/*!40101 SET @saved_cs_client     = @@character_set_client */;
/*!50503 SET character_set_client = utf8mb4 */;
CREATE TABLE `stock_product_reduction` (
  `id` int NOT NULL AUTO_INCREMENT,
  `stock_product_type_id` int NOT NULL,
  `stock_product_id` int NOT NULL,
  `date_reducted` varchar(255) NOT NULL,
  `quantity` float NOT NULL,
  `reduction_type_id` int NOT NULL,
  `ordered_products_id` int DEFAULT NULL,
  `stock_product_expenses_id` int NOT NULL,
  PRIMARY KEY (`id`)
) ENGINE=InnoDB AUTO_INCREMENT=5 DEFAULT CHARSET=utf8mb3;
/*!40101 SET character_set_client = @saved_cs_client */;

--
-- Dumping data for table `stock_product_reduction`
--

LOCK TABLES `stock_product_reduction` WRITE;
/*!40000 ALTER TABLE `stock_product_reduction` DISABLE KEYS */;
INSERT INTO `stock_product_reduction` VALUES (1,1,8,'2024-06-10',3,3,NULL,13),(2,2,12,'2024-06-08',1,3,NULL,10),(3,1,8,'2024-06-11',1,3,NULL,13),(4,2,12,'2024-06-09',1,3,NULL,10);
/*!40000 ALTER TABLE `stock_product_reduction` ENABLE KEYS */;
UNLOCK TABLES;

--
-- Table structure for table `stock_product_type`
--

DROP TABLE IF EXISTS `stock_product_type`;
/*!40101 SET @saved_cs_client     = @@character_set_client */;
/*!50503 SET character_set_client = utf8mb4 */;
CREATE TABLE `stock_product_type` (
  `id` int NOT NULL AUTO_INCREMENT,
  `type` varchar(255) NOT NULL,
  PRIMARY KEY (`id`),
  UNIQUE KEY `type_UNIQUE` (`type`)
) ENGINE=InnoDB AUTO_INCREMENT=4 DEFAULT CHARSET=utf8mb3;
/*!40101 SET character_set_client = @saved_cs_client */;

--
-- Dumping data for table `stock_product_type`
--

LOCK TABLES `stock_product_type` WRITE;
/*!40000 ALTER TABLE `stock_product_type` DISABLE KEYS */;
INSERT INTO `stock_product_type` VALUES (1,'beverage'),(3,'food'),(2,'stock');
/*!40000 ALTER TABLE `stock_product_type` ENABLE KEYS */;
UNLOCK TABLES;

--
-- Table structure for table `stock_required`
--

DROP TABLE IF EXISTS `stock_required`;
/*!40101 SET @saved_cs_client     = @@character_set_client */;
/*!50503 SET character_set_client = utf8mb4 */;
CREATE TABLE `stock_required` (
  `food_product_id` int NOT NULL,
  `stock_id` int NOT NULL,
  `quantity` double NOT NULL
) ENGINE=InnoDB DEFAULT CHARSET=utf8mb3;
/*!40101 SET character_set_client = @saved_cs_client */;

--
-- Dumping data for table `stock_required`
--

LOCK TABLES `stock_required` WRITE;
/*!40000 ALTER TABLE `stock_required` DISABLE KEYS */;
INSERT INTO `stock_required` VALUES (13,21,2),(13,17,1),(13,12,2),(14,22,2),(14,17,1),(14,21,2),(15,22,2),(15,21,1),(15,12,1),(16,22,2),(16,19,1),(16,12,1),(17,22,3),(17,17,1),(17,20,1),(18,22,2);
/*!40000 ALTER TABLE `stock_required` ENABLE KEYS */;
UNLOCK TABLES;

--
-- Table structure for table `stock_type`
--

DROP TABLE IF EXISTS `stock_type`;
/*!40101 SET @saved_cs_client     = @@character_set_client */;
/*!50503 SET character_set_client = utf8mb4 */;
CREATE TABLE `stock_type` (
  `id` int NOT NULL AUTO_INCREMENT COMMENT 'unique identifier for stock type',
  `type` varchar(45) NOT NULL COMMENT 'vegetable, meat, condiments',
  `default_expiration` int NOT NULL COMMENT 'default expiration for stocks',
  PRIMARY KEY (`id`),
  UNIQUE KEY `id_UNIQUE` (`id`)
) ENGINE=InnoDB AUTO_INCREMENT=10 DEFAULT CHARSET=utf8mb4 COLLATE=utf8mb4_0900_ai_ci;
/*!40101 SET character_set_client = @saved_cs_client */;

--
-- Dumping data for table `stock_type`
--

LOCK TABLES `stock_type` WRITE;
/*!40000 ALTER TABLE `stock_type` DISABLE KEYS */;
INSERT INTO `stock_type` VALUES (1,'vegetable',7),(2,'meat',7),(3,'condiment',12),(9,'myStocktype',28);
/*!40000 ALTER TABLE `stock_type` ENABLE KEYS */;
UNLOCK TABLES;

--
-- Table structure for table `unique_questions`
--

DROP TABLE IF EXISTS `unique_questions`;
/*!40101 SET @saved_cs_client     = @@character_set_client */;
/*!50503 SET character_set_client = utf8mb4 */;
CREATE TABLE `unique_questions` (
  `id` int NOT NULL AUTO_INCREMENT,
  `unique_question` varchar(45) NOT NULL COMMENT 'unique question',
  PRIMARY KEY (`id`),
  UNIQUE KEY `id_UNIQUE` (`id`),
  UNIQUE KEY `unique_question_UNIQUE` (`unique_question`)
) ENGINE=InnoDB AUTO_INCREMENT=3 DEFAULT CHARSET=utf8mb3;
/*!40101 SET character_set_client = @saved_cs_client */;

--
-- Dumping data for table `unique_questions`
--

LOCK TABLES `unique_questions` WRITE;
/*!40000 ALTER TABLE `unique_questions` DISABLE KEYS */;
INSERT INTO `unique_questions` VALUES (1,'What is the name of your first pet?'),(2,'Who is your first love?');
/*!40000 ALTER TABLE `unique_questions` ENABLE KEYS */;
UNLOCK TABLES;

--
-- Table structure for table `unit_measure`
--

DROP TABLE IF EXISTS `unit_measure`;
/*!40101 SET @saved_cs_client     = @@character_set_client */;
/*!50503 SET character_set_client = utf8mb4 */;
CREATE TABLE `unit_measure` (
  `id` int NOT NULL AUTO_INCREMENT COMMENT 'unique identifier for unit measure',
  `unit` varchar(45) NOT NULL COMMENT 'bottle, pack, sachet, box',
  PRIMARY KEY (`id`),
  UNIQUE KEY `id_UNIQUE` (`id`)
) ENGINE=InnoDB AUTO_INCREMENT=9 DEFAULT CHARSET=utf8mb4 COLLATE=utf8mb4_0900_ai_ci;
/*!40101 SET character_set_client = @saved_cs_client */;

--
-- Dumping data for table `unit_measure`
--

LOCK TABLES `unit_measure` WRITE;
/*!40000 ALTER TABLE `unit_measure` DISABLE KEYS */;
INSERT INTO `unit_measure` VALUES (1,'bottle'),(2,'pack'),(3,'sachet'),(4,'box');
/*!40000 ALTER TABLE `unit_measure` ENABLE KEYS */;
UNLOCK TABLES;

--
-- Table structure for table `user_actions`
--

DROP TABLE IF EXISTS `user_actions`;
/*!40101 SET @saved_cs_client     = @@character_set_client */;
/*!50503 SET character_set_client = utf8mb4 */;
CREATE TABLE `user_actions` (
  `id` int NOT NULL AUTO_INCREMENT,
  `action` varchar(255) NOT NULL,
  PRIMARY KEY (`id`),
  UNIQUE KEY `id_UNIQUE` (`id`),
  UNIQUE KEY `action_UNIQUE` (`action`)
) ENGINE=InnoDB AUTO_INCREMENT=32 DEFAULT CHARSET=utf8mb3;
/*!40101 SET character_set_client = @saved_cs_client */;

--
-- Dumping data for table `user_actions`
--

LOCK TABLES `user_actions` WRITE;
/*!40000 ALTER TABLE `user_actions` DISABLE KEYS */;
INSERT INTO `user_actions` VALUES (29,'added stock/s required on food product variant'),(1,'attempted to login'),(17,'automatically backed-up database'),(3,'cancelled OTP authentication'),(6,'cancelled password reset'),(31,'created new order'),(21,'disabled database autobackup'),(28,'edit beverage variant'),(30,'edit food variant'),(18,'edited database backup location'),(22,'edited stock'),(20,'enabled database autobackup'),(4,'failed OTP authentication'),(2,'initiated OTP authentication'),(5,'initiated password reset'),(23,'logged stock/product purchase'),(16,'manually backed-up database'),(24,'registered new beverage product'),(25,'registered new beverage product variant'),(26,'registered new food product'),(27,'registered new food product variant'),(15,'registered new stock'),(14,'registered new stock type'),(12,'registered user account'),(19,'restored database'),(8,'sucessful login'),(7,'sucessfully reseted password'),(11,'updated user account'),(9,'user logged out'),(10,'viewed account details'),(13,'viewed user logs');
/*!40000 ALTER TABLE `user_actions` ENABLE KEYS */;
UNLOCK TABLES;

--
-- Table structure for table `user_logs`
--

DROP TABLE IF EXISTS `user_logs`;
/*!40101 SET @saved_cs_client     = @@character_set_client */;
/*!50503 SET character_set_client = utf8mb4 */;
CREATE TABLE `user_logs` (
  `id` int NOT NULL AUTO_INCREMENT,
  `user_id` int NOT NULL,
  `action_id` int NOT NULL,
  `date` datetime NOT NULL,
  `parameter` longtext,
  PRIMARY KEY (`id`),
  UNIQUE KEY `id_UNIQUE` (`id`)
) ENGINE=InnoDB AUTO_INCREMENT=2405 DEFAULT CHARSET=utf8mb3;
/*!40101 SET character_set_client = @saved_cs_client */;

--
-- Dumping data for table `user_logs`
--

LOCK TABLES `user_logs` WRITE;
/*!40000 ALTER TABLE `user_logs` DISABLE KEYS */;
INSERT INTO `user_logs` VALUES (1,1,1,'2024-01-18 00:00:00',NULL),(2,1,1,'2024-01-18 00:00:00',NULL),(3,1,1,'2024-01-18 00:00:00',NULL),(4,1,1,'2024-01-18 11:05:36',NULL),(5,1,1,'2024-01-18 00:00:00','for user junlaxy'),(6,1,1,'2024-01-18 11:23:38','for user \"mocksiest\"'),(7,1,1,'2024-01-18 11:24:15','for user \"admin\"'),(8,1,1,'2024-01-21 13:11:46','for user \"mocksiest\"'),(9,1,1,'2024-01-21 13:16:59','for user \"mocksiest\"'),(10,1,2,'2024-01-21 13:17:08','for user \"mocksiest\"'),(11,1,2,'2024-01-21 13:22:00','for user \"mocksiest\"'),(12,1,1,'2024-01-21 13:22:23','for user \"SYSTEM\"'),(13,1,1,'2024-01-21 13:22:44','for user \"SYSTEM\"'),(14,1,1,'2024-01-21 13:22:47','for user \"SYSTEM\"'),(15,1,1,'2024-01-21 13:23:00','for user \"SYSTEM\"'),(16,1,1,'2024-01-21 13:23:03','for user \"SYSTEM\"'),(17,1,1,'2024-01-21 13:27:15','for user \"SYSTEM\"'),(18,1,1,'2024-01-21 13:28:42','for user \"mocksiest\"'),(19,1,2,'2024-01-21 13:28:47','for user \"mocksiest\"'),(20,1,1,'2024-01-21 13:51:27','for user \"asdasd\"'),(21,1,1,'2024-01-21 16:07:58','for user \"mocksiest\"'),(22,1,2,'2024-01-21 16:08:10','for user \"mocksiest\"'),(23,1,1,'2024-01-21 16:08:46','for user \"\"'),(24,1,1,'2024-01-21 16:13:48','for user \"zek\"'),(25,1,2,'2024-01-21 16:14:01','for user \"mocksiest\"'),(26,1,1,'2024-01-21 16:41:45','for user \"mocksiest\"'),(27,1,1,'2024-01-21 16:41:57','for user \"mocksiest\"'),(28,1,2,'2024-01-21 16:41:59','for user \"mocksiest\"'),(29,1,1,'2024-01-21 17:11:38','for user \"mocksiest\"'),(30,1,2,'2024-01-21 17:11:49','for user \"mocksiest\"'),(31,1,1,'2024-01-21 17:17:29','for user \"mocksiest\"'),(32,1,2,'2024-01-21 17:17:35','for user \"mocksiest\"'),(33,1,1,'2024-01-21 17:19:45','for user \"\"'),(34,1,1,'2024-01-21 18:15:48','for user \"\"'),(35,1,1,'2024-01-21 18:15:50','for user \"\"'),(36,1,1,'2024-01-21 18:15:51','for user \"\"'),(37,1,1,'2024-01-21 18:16:16','for user \"\"'),(38,1,1,'2024-01-21 18:16:19','for user \"\"'),(39,1,1,'2024-01-21 18:16:20','for user \"\"'),(40,1,1,'2024-01-21 21:10:01','for user \"\"'),(41,1,1,'2024-01-21 21:10:03','for user \"\"'),(42,1,1,'2024-01-21 21:10:45','for user \"\"'),(43,1,1,'2024-01-21 21:10:46','for user \"\"'),(44,1,1,'2024-01-21 21:10:47','for user \"\"'),(45,1,1,'2024-01-21 21:10:48','for user \"\"'),(46,1,1,'2024-01-21 21:10:49','for user \"\"'),(47,1,1,'2024-01-21 21:11:29','for user \"\"'),(48,1,1,'2024-01-21 21:11:30','for user \"\"'),(49,1,1,'2024-01-21 21:11:31','for user \"\"'),(50,1,1,'2024-01-21 21:11:32','for user \"\"'),(51,1,1,'2024-01-21 21:12:13','for user \"\"'),(52,1,1,'2024-01-21 21:12:14','for user \"\"'),(53,1,1,'2024-01-21 21:12:15','for user \"\"'),(54,1,1,'2024-01-21 21:12:30','for user \"\"'),(55,1,1,'2024-01-21 21:12:33','for user \"\"'),(56,1,1,'2024-01-21 21:12:34','for user \"\"'),(57,1,1,'2024-01-21 21:40:19','for user \"\"'),(58,1,1,'2024-01-21 21:40:20','for user \"\"'),(59,1,1,'2024-01-21 21:40:21','for user \"\"'),(60,1,1,'2024-01-21 21:41:23','for user \"\"'),(61,1,1,'2024-01-21 21:41:24','for user \"\"'),(62,1,1,'2024-01-21 21:41:24','for user \"\"'),(63,1,1,'2024-01-21 21:41:25','for user \"\"'),(64,1,1,'2024-01-21 21:41:26','for user \"\"'),(65,1,1,'2024-01-21 21:42:10','for user \"\"'),(66,1,1,'2024-01-21 21:42:11','for user \"\"'),(67,1,1,'2024-01-21 21:42:12','for user \"\"'),(68,1,1,'2024-01-21 21:42:12','for user \"\"'),(69,1,1,'2024-01-21 21:42:35','for user \"\"'),(70,1,1,'2024-01-21 21:42:36','for user \"\"'),(71,1,1,'2024-01-21 21:42:37','for user \"\"'),(72,1,1,'2024-01-22 08:34:49','for user \"\"'),(73,1,1,'2024-01-22 08:34:50','for user \"\"'),(74,1,1,'2024-01-22 08:34:51','for user \"\"'),(75,1,1,'2024-01-22 08:35:45','for user \"asd\"'),(76,1,1,'2024-01-22 08:36:42','for user \"\"'),(77,1,1,'2024-01-22 08:37:42','for user \"\"'),(78,1,1,'2024-01-22 08:38:37','for user \"\"'),(79,1,1,'2024-01-22 08:39:52','for user \"\"'),(80,1,1,'2024-01-22 08:39:54','for user \"\"'),(81,1,1,'2024-01-22 08:39:56','for user \"\"'),(82,1,1,'2024-01-22 09:05:47','for user \"\"'),(83,1,1,'2024-01-22 09:05:49','for user \"\"'),(84,1,1,'2024-01-22 09:05:50','for user \"\"'),(85,1,1,'2024-01-22 09:13:18','for user \"\"'),(86,1,1,'2024-01-22 09:13:18','for user \"\"'),(87,1,1,'2024-01-22 09:13:18','for user \"\"'),(88,1,1,'2024-01-22 09:13:19','for user \"\"'),(89,1,1,'2024-01-22 10:16:17','for user \"\"'),(90,1,1,'2024-01-22 10:16:18','for user \"\"'),(91,1,1,'2024-01-22 10:16:18','for user \"\"'),(92,1,1,'2024-01-22 10:21:14','for user \"mocksiest\"'),(93,1,1,'2024-01-22 10:21:20','for user \"mocksiest\"'),(94,1,2,'2024-01-22 10:21:23','for user \"mocksiest\"'),(95,1,1,'2024-01-22 10:21:31','for user \"mocksiest\"'),(96,1,1,'2024-01-22 10:46:17','for user \"\"'),(97,1,1,'2024-01-22 10:46:19','for user \"\"'),(98,1,1,'2024-01-22 10:46:26','for user \"mocksiest\"'),(99,1,1,'2024-01-22 10:46:54','for user \"\"'),(100,1,1,'2024-01-22 10:46:55','for user \"\"'),(101,1,2,'2024-01-22 10:47:02','for user \"mocksiest\"'),(102,1,1,'2024-01-22 10:47:06','for user \"mocksiest\"'),(103,1,1,'2024-01-22 10:47:47','for user \"\"'),(104,1,2,'2024-01-22 10:47:56','for user \"mocksiest\"'),(105,1,2,'2024-01-22 10:47:58','for user \"mocksiest\"'),(106,1,1,'2024-01-22 10:48:01','for user \"mocksiest\"'),(107,1,1,'2024-01-22 10:48:03','for user \"mocksiest\"'),(108,1,2,'2024-01-22 10:48:07','for user \"mocksiest\"'),(109,1,1,'2024-01-22 10:48:09','for user \"mocksiest\"'),(110,1,1,'2024-01-22 10:48:13','for user \"mocksiest\"'),(111,1,2,'2024-01-22 10:48:15','for user \"mocksiest\"'),(112,1,2,'2024-01-22 10:48:17','for user \"mocksiest\"'),(113,1,1,'2024-01-22 10:48:19','for user \"mocksiest\"'),(114,1,1,'2024-01-22 10:49:50','for user \"\"'),(115,1,1,'2024-01-22 10:49:51','for user \"\"'),(116,1,1,'2024-01-22 10:50:02','for user \"\"'),(117,1,1,'2024-01-22 10:50:35','for user \"\"'),(118,1,1,'2024-01-22 10:51:05','for user \"\"'),(119,1,1,'2024-01-22 10:52:38','for user \"\"'),(120,1,1,'2024-01-22 10:54:23','for user \"\"'),(121,1,1,'2024-01-22 10:54:24','for user \"\"'),(122,1,1,'2024-01-22 10:54:31','for user \"\"'),(123,1,1,'2024-01-22 10:54:32','for user \"\"'),(124,1,1,'2024-01-22 10:56:13','for user \"\"'),(125,1,1,'2024-01-22 10:56:47','for user \"\"'),(126,1,1,'2024-01-22 10:56:58','for user \"\"'),(127,1,1,'2024-01-22 10:57:03','for user \"\"'),(128,1,1,'2024-01-22 10:57:51','for user \"\"'),(129,1,1,'2024-01-22 10:59:15','for user \"\"'),(130,1,1,'2024-01-22 10:59:20','for user \"\"'),(131,1,1,'2024-01-22 10:59:22','for user \"\"'),(132,1,1,'2024-01-22 11:01:31','for user \"\"'),(133,1,1,'2024-01-22 11:01:39','for user \"\"'),(134,1,1,'2024-01-22 11:01:44','for user \"\"'),(135,1,1,'2024-01-22 11:06:10','for user \"\"'),(136,1,1,'2024-01-22 11:06:11','for user \"\"'),(137,1,1,'2024-01-22 11:06:13','for user \"\"'),(138,1,1,'2024-01-22 11:08:33','for user \"\"'),(139,1,1,'2024-01-22 11:08:35','for user \"\"'),(140,1,1,'2024-01-22 11:08:40','for user \"\"'),(141,1,1,'2024-01-22 11:13:05','for user \"\"'),(142,1,1,'2024-01-22 11:13:06','for user \"\"'),(143,1,1,'2024-01-22 11:13:07','for user \"\"'),(144,1,1,'2024-01-22 11:13:18','for user \"\"'),(145,1,1,'2024-01-22 11:15:51','for user \"\"'),(146,1,1,'2024-01-22 11:15:53','for user \"\"'),(147,1,1,'2024-01-22 11:15:57','for user \"\"'),(148,1,1,'2024-01-22 11:18:59','for user \"\"'),(149,1,1,'2024-01-22 11:19:07','for user \"\"'),(150,1,1,'2024-01-22 11:19:11','for user \"\"'),(151,1,1,'2024-01-22 11:21:57','for user \"\"'),(152,1,1,'2024-01-22 11:21:58','for user \"\"'),(153,1,1,'2024-01-22 11:21:59','for user \"\"'),(154,1,1,'2024-01-22 11:25:46','for user \"\"'),(155,1,1,'2024-01-22 11:25:48','for user \"\"'),(156,1,1,'2024-01-22 11:25:49','for user \"\"'),(157,1,1,'2024-01-22 11:25:56','for user \"\"'),(158,1,1,'2024-01-22 11:28:43','for user \"\"'),(159,1,1,'2024-01-22 11:28:44','for user \"\"'),(160,1,1,'2024-01-22 11:28:45','for user \"\"'),(161,1,1,'2024-01-22 11:30:04','for user \"\"'),(162,1,1,'2024-01-22 11:30:06','for user \"\"'),(163,1,1,'2024-01-22 11:30:06','for user \"\"'),(164,1,1,'2024-01-22 11:32:40','for user \"\"'),(165,1,1,'2024-01-22 11:32:41','for user \"\"'),(166,1,1,'2024-01-22 11:32:42','for user \"\"'),(167,1,1,'2024-01-22 11:37:01','for user \"\"'),(168,1,1,'2024-01-22 11:37:46','for user \"\"'),(169,1,1,'2024-01-22 11:37:46','for user \"\"'),(170,1,1,'2024-01-22 11:37:49','for user \"\"'),(171,1,1,'2024-01-22 11:37:52','for user \"\"'),(172,1,1,'2024-01-22 11:41:11','for user \"\"'),(173,1,1,'2024-01-22 11:41:13','for user \"\"'),(174,1,1,'2024-01-22 11:41:13','for user \"\"'),(175,1,1,'2024-01-22 11:43:16','for user \"\"'),(176,1,1,'2024-01-22 11:43:25','for user \"\"'),(177,1,1,'2024-01-22 11:43:26','for user \"\"'),(178,1,1,'2024-01-22 11:43:30','for user \"\"'),(179,1,1,'2024-01-22 11:43:39','for user \"\"'),(180,1,1,'2024-01-22 11:44:08','for user \"\"'),(181,1,1,'2024-01-22 11:44:09','for user \"\"'),(182,1,1,'2024-01-22 11:44:10','for user \"\"'),(183,1,1,'2024-01-22 11:44:11','for user \"\"'),(184,1,1,'2024-01-22 11:45:21','for user \"\"'),(185,1,1,'2024-01-22 11:45:40','for user \"\"'),(186,1,1,'2024-01-22 11:45:45','for user \"\"'),(187,1,1,'2024-01-22 11:45:53','for user \"\"'),(188,1,1,'2024-01-22 11:48:18','for user \"\"'),(189,1,1,'2024-01-22 11:48:19','for user \"\"'),(190,1,1,'2024-01-22 11:48:19','for user \"\"'),(191,1,1,'2024-01-22 11:48:21','for user \"\"'),(192,1,1,'2024-01-22 11:52:54','for user \"\"'),(193,1,1,'2024-01-22 11:52:55','for user \"\"'),(194,1,1,'2024-01-22 11:52:56','for user \"\"'),(195,1,1,'2024-01-22 11:53:02','for user \"\"'),(196,1,1,'2024-01-22 11:58:35','for user \"\"'),(197,1,1,'2024-01-22 11:58:36','for user \"\"'),(198,1,1,'2024-01-22 11:58:37','for user \"\"'),(199,1,1,'2024-01-22 11:58:44','for user \"\"'),(200,1,1,'2024-01-22 12:00:17','for user \"\"'),(201,1,1,'2024-01-22 12:00:18','for user \"\"'),(202,1,1,'2024-01-22 12:00:18','for user \"\"'),(203,1,1,'2024-01-22 12:00:24','for user \"\"'),(204,1,1,'2024-01-25 18:33:11','for user \"\"'),(205,1,1,'2024-01-25 18:33:12','for user \"\"'),(206,1,1,'2024-01-25 18:33:13','for user \"\"'),(207,1,1,'2024-01-25 18:34:59','for user \"\"'),(208,1,1,'2024-01-25 18:35:01','for user \"\"'),(209,1,1,'2024-01-25 18:35:01','for user \"\"'),(210,1,1,'2024-01-25 18:36:07','for user \"\"'),(211,1,1,'2024-01-25 18:36:09','for user \"\"'),(212,1,1,'2024-01-25 18:36:13','for user \"\"'),(213,1,1,'2024-01-25 18:37:28','for user \"\"'),(214,1,1,'2024-01-25 18:37:29','for user \"\"'),(215,1,1,'2024-01-25 18:37:31','for user \"\"'),(216,1,1,'2024-01-25 18:37:49','for user \"\"'),(217,1,1,'2024-01-25 18:37:52','for user \"\"'),(218,1,1,'2024-01-25 18:37:54','for user \"\"'),(219,1,1,'2024-01-25 18:40:00','for user \"\"'),(220,1,1,'2024-01-25 18:41:37','for user \"\"'),(221,1,1,'2024-01-25 18:41:38','for user \"\"'),(222,1,1,'2024-01-25 18:41:39','for user \"\"'),(223,1,1,'2024-01-25 18:41:51','for user \"\"'),(224,1,1,'2024-01-25 18:41:52','for user \"\"'),(225,1,1,'2024-01-25 18:41:53','for user \"\"'),(226,1,1,'2024-01-25 18:43:29','for user \"\"'),(227,1,1,'2024-01-25 18:43:32','for user \"\"'),(228,1,1,'2024-01-25 18:43:33','for user \"\"'),(229,1,1,'2024-01-25 18:43:37','for user \"\"'),(230,1,1,'2024-01-25 18:43:40','for user \"\"'),(231,1,1,'2024-01-25 18:44:06','for user \"\"'),(232,1,1,'2024-01-25 18:44:08','for user \"\"'),(233,1,1,'2024-01-25 18:44:11','for user \"\"'),(234,1,1,'2024-01-25 18:44:34','for user \"\"'),(235,1,1,'2024-01-25 18:44:36','for user \"\"'),(236,1,1,'2024-01-25 18:44:40','for user \"\"'),(237,1,1,'2024-01-25 18:45:11','for user \"\"'),(238,1,1,'2024-01-25 18:45:12','for user \"\"'),(239,1,1,'2024-01-25 18:45:13','for user \"\"'),(240,1,1,'2024-01-25 18:45:17','for user \"\"'),(241,1,1,'2024-01-25 18:48:00','for user \"\"'),(242,1,1,'2024-01-25 18:48:01','for user \"\"'),(243,1,1,'2024-01-25 18:48:01','for user \"\"'),(244,1,1,'2024-01-25 18:48:23','for user \"\"'),(245,1,1,'2024-01-25 18:48:23','for user \"\"'),(246,1,1,'2024-01-25 18:48:24','for user \"\"'),(247,1,1,'2024-01-25 18:50:47','for user \"\"'),(248,1,1,'2024-01-25 18:50:49','for user \"\"'),(249,1,1,'2024-01-25 18:50:49','for user \"\"'),(250,1,1,'2024-01-25 18:55:38','for user \"\"'),(251,1,1,'2024-01-25 18:55:46','for user \"\"'),(252,1,1,'2024-01-25 18:58:02','for user \"\"'),(253,1,1,'2024-01-25 18:58:03','for user \"\"'),(254,1,1,'2024-01-25 18:58:06','for user \"\"'),(255,1,1,'2024-01-25 18:59:18','for user \"\"'),(256,1,1,'2024-01-25 18:59:19','for user \"\"'),(257,1,1,'2024-01-25 18:59:20','for user \"\"'),(258,1,1,'2024-01-25 19:01:05','for user \"\"'),(259,1,1,'2024-01-25 19:01:06','for user \"\"'),(260,1,1,'2024-01-25 19:01:07','for user \"\"'),(261,1,1,'2024-01-25 19:02:08','for user \"\"'),(262,1,1,'2024-01-25 19:02:09','for user \"\"'),(263,1,1,'2024-01-25 19:02:09','for user \"\"'),(264,1,1,'2024-01-25 19:02:42','for user \"mocksiest\"'),(265,1,1,'2024-01-25 19:02:43','for user \"mocksiest\"'),(266,1,2,'2024-01-25 19:02:48','for user \"mocksiest\"'),(267,1,1,'2024-01-25 19:02:53','for user \"mocksiest\"'),(268,1,1,'2024-01-25 19:02:54','for user \"mocksiest\"'),(269,1,2,'2024-01-25 19:02:58','for user \"mocksiest\"'),(270,1,1,'2024-01-25 19:03:02','for user \"mocksiest\"'),(271,1,2,'2024-01-25 19:03:04','for user \"mocksiest\"'),(272,1,1,'2024-01-25 19:03:08','for user \"mocksiest\"'),(273,1,1,'2024-01-25 19:03:09','for user \"mocksiest\"'),(274,1,1,'2024-01-25 19:03:10','for user \"mocksiest\"'),(275,1,1,'2024-01-25 19:04:24','for user \"\"'),(276,1,1,'2024-01-25 19:04:25','for user \"\"'),(277,1,1,'2024-01-25 19:04:27','for user \"\"'),(278,1,1,'2024-01-25 19:11:10','for user \"\"'),(279,1,1,'2024-01-25 19:11:10','for user \"\"'),(280,1,1,'2024-01-25 19:11:20','for user \"mockiest\"'),(281,1,1,'2024-01-25 19:11:39','for user \"mocksiest\"'),(282,1,1,'2024-01-25 19:11:41','for user \"mocksiest\"'),(283,1,2,'2024-01-25 19:11:43','for user \"mocksiest\"'),(284,1,1,'2024-01-25 19:11:46','for user \"mocksiest\"'),(285,1,1,'2024-01-25 19:11:46','for user \"mocksiest\"'),(286,1,2,'2024-01-25 19:11:50','for user \"mocksiest\"'),(287,1,2,'2024-01-25 19:11:52','for user \"mocksiest\"'),(288,1,1,'2024-01-25 19:11:54','for user \"mocksiest\"'),(289,1,2,'2024-01-25 19:11:56','for user \"mocksiest\"'),(290,1,1,'2024-01-25 19:11:58','for user \"mocksiest\"'),(291,1,1,'2024-01-25 19:11:59','for user \"mocksiest\"'),(292,1,1,'2024-01-25 19:11:59','for user \"mocksiest\"'),(293,1,1,'2024-01-28 16:01:46','for user \"mocksiest\"'),(294,1,1,'2024-01-28 16:01:46','for user \"mocksiest\"'),(295,1,2,'2024-01-28 16:01:50','for user \"mocksiest\"'),(296,1,1,'2024-01-28 16:01:52','for user \"mocksiest\"'),(297,1,1,'2024-01-28 16:01:53','for user \"mocksiest\"'),(298,1,1,'2024-01-28 16:01:53','for user \"mocksiest\"'),(299,1,1,'2024-01-28 16:07:03','for user \"\"'),(300,1,1,'2024-01-28 16:07:04','for user \"\"'),(301,1,2,'2024-01-28 16:07:11','for user \"mocksiest\"'),(302,1,2,'2024-01-28 16:07:12','for user \"mocksiest\"'),(303,1,1,'2024-01-28 16:07:14','for user \"mocksiest\"'),(304,1,1,'2024-01-28 16:07:14','for user \"mocksiest\"'),(305,1,1,'2024-01-28 16:07:14','for user \"mocksiest\"'),(306,1,1,'2024-01-28 16:15:55','for user \"\"'),(307,1,1,'2024-01-28 16:15:56','for user \"\"'),(308,1,1,'2024-01-28 16:15:56','for user \"\"'),(309,1,1,'2024-01-28 16:29:30','for user \"\"'),(310,1,1,'2024-01-28 16:29:31','for user \"\"'),(311,1,1,'2024-01-28 16:29:33','for user \"\"'),(312,1,1,'2024-01-28 16:29:53','for user \"\"'),(313,1,1,'2024-01-28 16:29:53','for user \"\"'),(314,1,2,'2024-01-28 16:30:01','for user \"mocksiest\"'),(315,1,1,'2024-01-28 16:30:04','for user \"mocksiest\"'),(316,1,1,'2024-01-28 16:30:04','for user \"mocksiest\"'),(317,1,1,'2024-01-28 16:30:06','for user \"mocksiest\"'),(318,1,1,'2024-01-28 16:30:16','for user \"mocksiest\"'),(319,1,2,'2024-01-28 16:30:19','for user \"mocksiest\"'),(320,1,1,'2024-01-28 16:30:21','for user \"mocksiest\"'),(321,1,1,'2024-01-28 16:30:22','for user \"mocksiest\"'),(322,1,1,'2024-01-28 16:30:22','for user \"mocksiest\"'),(323,1,1,'2024-01-28 16:39:27','for user \"\"'),(324,1,1,'2024-01-28 16:39:28','for user \"\"'),(325,1,1,'2024-01-28 16:39:28','for user \"\"'),(326,1,1,'2024-01-28 16:42:16','for user \"\"'),(327,1,1,'2024-01-28 16:42:16','for user \"\"'),(328,1,1,'2024-01-28 16:42:17','for user \"\"'),(329,1,1,'2024-01-28 16:43:18','for user \"\"'),(330,1,1,'2024-01-28 16:43:18','for user \"\"'),(331,1,1,'2024-01-28 16:43:19','for user \"\"'),(332,1,1,'2024-01-28 16:43:21','for user \"\"'),(333,1,1,'2024-01-28 16:43:36','for user \"\"'),(334,1,1,'2024-01-28 16:43:36','for user \"\"'),(335,1,1,'2024-01-28 16:43:37','for user \"\"'),(336,1,1,'2024-01-28 16:43:45','for user \"\"'),(337,1,1,'2024-01-28 16:43:46','for user \"\"'),(338,1,1,'2024-01-28 16:43:46','for user \"\"'),(339,1,1,'2024-01-28 16:43:52','for user \"\"'),(340,1,1,'2024-01-28 16:43:52','for user \"\"'),(341,1,2,'2024-01-28 16:44:01','for user \"mocksiest\"'),(342,1,1,'2024-01-28 16:44:03','for user \"mocksiest\"'),(343,1,1,'2024-01-28 16:44:04','for user \"mocksiest\"'),(344,1,1,'2024-01-28 16:44:04','for user \"mocksiest\"'),(345,1,1,'2024-01-28 16:49:02','for user \"\"'),(346,1,1,'2024-01-28 16:49:02','for user \"\"'),(347,1,1,'2024-01-28 16:49:02','for user \"\"'),(348,1,1,'2024-01-28 16:49:14','for user \"\"'),(349,1,1,'2024-01-28 16:49:14','for user \"\"'),(350,1,2,'2024-01-28 16:49:20','for user \"mocksiest\"'),(351,1,2,'2024-01-28 16:49:21','for user \"mocksiest\"'),(352,1,1,'2024-01-28 16:49:22','for user \"mocksiest\"'),(353,1,1,'2024-01-28 16:49:23','for user \"mocksiest\"'),(354,1,1,'2024-01-28 16:49:23','for user \"mocksiest\"'),(355,1,1,'2024-01-28 17:15:04','for user \"\"'),(356,1,1,'2024-01-28 17:15:05','for user \"\"'),(357,1,1,'2024-01-28 17:15:05','for user \"\"'),(358,1,1,'2024-01-28 17:15:19','for user \"\"'),(359,1,1,'2024-01-28 17:15:20','for user \"\"'),(360,1,2,'2024-01-28 17:15:26','for user \"mocksiest\"'),(361,1,2,'2024-01-28 17:15:27','for user \"mocksiest\"'),(362,1,1,'2024-01-28 17:15:28','for user \"mocksiest\"'),(363,1,1,'2024-01-28 17:15:29','for user \"mocksiest\"'),(364,1,1,'2024-01-28 17:15:30','for user \"mocksiest\"'),(365,1,1,'2024-01-28 17:24:08','for user \"\"'),(366,1,1,'2024-01-28 17:24:08','for user \"\"'),(367,1,1,'2024-01-28 17:24:09','for user \"\"'),(368,1,1,'2024-01-28 17:24:28','for user \"\"'),(369,1,1,'2024-01-28 17:24:29','for user \"\"'),(370,1,1,'2024-01-28 17:24:29','for user \"\"'),(371,1,1,'2024-01-28 17:26:01','for user \"\"'),(372,1,1,'2024-01-28 17:26:01','for user \"\"'),(373,1,1,'2024-01-28 17:26:09','for user \"mocksiest\"'),(374,1,1,'2024-01-28 17:26:55','for user \"\"'),(375,1,1,'2024-01-28 17:26:57','for user \"\"'),(376,1,1,'2024-01-28 17:26:57','for user \"\"'),(377,1,1,'2024-01-28 17:27:52','for user \"\"'),(378,1,1,'2024-01-28 17:27:53','for user \"\"'),(379,1,1,'2024-01-28 17:27:53','for user \"\"'),(380,1,1,'2024-01-28 17:29:12','for user \"\"'),(381,1,1,'2024-01-28 17:29:13','for user \"\"'),(382,1,1,'2024-01-28 17:29:18','for user \"\"'),(383,1,1,'2024-01-28 17:29:54','for user \"\"'),(384,1,1,'2024-01-28 17:29:54','for user \"\"'),(385,1,1,'2024-01-28 17:29:55','for user \"\"'),(386,1,1,'2024-01-28 17:31:40','for user \"\"'),(387,1,1,'2024-01-28 17:32:08','for user \"\"'),(388,1,1,'2024-01-28 17:32:09','for user \"\"'),(389,1,1,'2024-01-28 17:32:09','for user \"\"'),(390,1,1,'2024-01-28 17:39:53','for user \"\"'),(391,1,1,'2024-01-28 17:39:53','for user \"\"'),(392,1,1,'2024-01-28 17:39:54','for user \"\"'),(393,1,1,'2024-01-28 17:41:09','for user \"\"'),(394,1,1,'2024-01-28 17:41:13','for user \"\"'),(395,1,1,'2024-01-28 17:41:14','for user \"\"'),(396,1,1,'2024-01-28 17:42:18','for user \"\"'),(397,1,1,'2024-01-28 17:42:18','for user \"\"'),(398,1,1,'2024-01-28 17:42:18','for user \"\"'),(399,1,1,'2024-01-28 17:47:48','for user \"\"'),(400,1,1,'2024-01-28 17:47:48','for user \"\"'),(401,1,1,'2024-01-28 17:47:49','for user \"\"'),(402,1,1,'2024-01-28 17:48:42','for user \"\"'),(403,1,1,'2024-01-28 17:48:42','for user \"\"'),(404,1,1,'2024-01-28 17:48:43','for user \"\"'),(405,1,1,'2024-01-28 17:51:59','for user \"\"'),(406,1,1,'2024-01-28 17:52:00','for user \"\"'),(407,1,1,'2024-01-28 17:52:02','for user \"\"'),(408,1,1,'2024-01-28 17:52:51','for user \"mocksiest\"'),(409,1,1,'2024-01-28 17:52:52','for user \"mocksiest\"'),(410,1,2,'2024-01-28 17:52:53','for user \"mocksiest\"'),(411,1,2,'2024-01-28 17:52:55','for user \"mocksiest\"'),(412,1,1,'2024-01-28 17:52:57','for user \"mocksiest\"'),(413,1,1,'2024-01-28 17:52:57','for user \"mocksiest\"'),(414,1,1,'2024-01-28 17:52:58','for user \"mocksiest\"'),(415,1,1,'2024-01-28 18:10:04','for user \"\"'),(416,1,1,'2024-01-28 18:10:04','for user \"\"'),(417,1,1,'2024-01-28 18:10:05','for user \"\"'),(418,1,1,'2024-01-28 18:12:57','for user \"\"'),(419,1,1,'2024-01-28 18:12:58','for user \"\"'),(420,1,2,'2024-01-28 18:13:10','for user \"mocksiest\"'),(421,1,1,'2024-01-28 18:13:12','for user \"mocksiest\"'),(422,1,1,'2024-01-28 18:13:13','for user \"mocksiest\"'),(423,1,1,'2024-01-28 18:13:15','for user \"mocksiest\"'),(424,1,1,'2024-01-28 18:23:50','for user \"\"'),(425,1,1,'2024-01-28 18:23:51','for user \"\"'),(426,1,1,'2024-01-28 18:23:52','for user \"\"'),(427,1,1,'2024-01-28 18:52:04','for user \"\"'),(428,1,1,'2024-01-28 18:52:04','for user \"\"'),(429,1,1,'2024-01-28 18:52:04','for user \"\"'),(430,1,1,'2024-01-28 18:58:24','for user \"\"'),(431,1,1,'2024-01-28 18:58:25','for user \"\"'),(432,1,1,'2024-01-28 18:58:25','for user \"\"'),(433,1,1,'2024-01-28 19:17:16','for user \"\"'),(434,1,1,'2024-01-28 19:17:16','for user \"\"'),(435,1,1,'2024-01-28 19:17:17','for user \"\"'),(436,1,1,'2024-01-28 19:22:28','for user \"\"'),(437,1,1,'2024-01-28 19:22:28','for user \"\"'),(438,1,1,'2024-01-28 19:22:28','for user \"\"'),(439,1,1,'2024-01-28 19:24:36','for user \"\"'),(440,1,1,'2024-01-28 19:24:38','for user \"\"'),(441,1,2,'2024-01-28 19:24:47','for user \"mocksiest\"'),(442,1,1,'2024-01-28 19:24:49','for user \"mocksiest\"'),(443,1,1,'2024-01-28 19:24:50','for user \"mocksiest\"'),(444,1,1,'2024-01-28 19:24:50','for user \"mocksiest\"'),(445,1,1,'2024-01-28 19:33:21','for user \"\"'),(446,1,1,'2024-01-28 19:33:22','for user \"\"'),(447,1,1,'2024-01-28 19:33:23','for user \"\"'),(448,1,1,'2024-01-28 19:37:51','for user \"\"'),(449,1,1,'2024-01-28 19:37:51','for user \"\"'),(450,1,1,'2024-01-28 19:37:51','for user \"\"'),(451,1,1,'2024-01-29 11:31:57','for user \"\"'),(452,1,1,'2024-01-29 11:31:57','for user \"\"'),(453,1,1,'2024-01-29 11:31:57','for user \"\"'),(454,1,1,'2024-01-30 10:11:43','for user \"\"'),(455,1,1,'2024-01-30 10:11:44','for user \"\"'),(456,1,1,'2024-01-30 10:11:44','for user \"\"'),(457,1,1,'2024-01-30 10:16:50','for user \"\"'),(458,1,1,'2024-01-30 10:16:50','for user \"\"'),(459,1,1,'2024-01-30 10:16:50','for user \"\"'),(460,1,1,'2024-02-01 10:58:10','for user \"\"'),(461,1,1,'2024-02-01 10:58:11','for user \"\"'),(462,1,1,'2024-02-01 10:58:12','for user \"\"'),(463,1,2,'2024-02-01 11:09:45','for user \"mocksiest\"'),(464,1,2,'2024-02-01 11:10:09','for user \"mocksiest\"'),(465,1,1,'2024-02-01 11:11:33','for user \"\"'),(466,1,2,'2024-02-01 11:11:40','for user \"mocksiest\"'),(467,1,2,'2024-02-01 11:11:54','for user \"mocksiest\"'),(468,1,2,'2024-02-01 11:13:03','for user \"mocksiest\"'),(469,1,1,'2024-02-01 11:13:06','for user \"\"'),(470,1,1,'2024-02-01 11:13:12','for user \"mock\"'),(471,1,2,'2024-02-01 11:13:18','for user \"mocksiest\"'),(472,1,1,'2024-02-01 11:13:21','for user \"\"'),(473,1,1,'2024-02-01 11:13:21','for user \"\"'),(474,1,1,'2024-02-01 11:13:22','for user \"\"'),(475,1,2,'2024-02-01 11:18:53','for user \"mocksiest\"'),(476,1,1,'2024-02-01 11:21:56','for user \"\"'),(477,1,1,'2024-02-01 11:21:57','for user \"\"'),(478,1,2,'2024-02-01 11:22:08','for user \"mocksiest\"'),(479,1,2,'2024-02-01 11:22:28','for user \"mocksiest\"'),(480,1,1,'2024-02-01 11:22:36','for user \"\"'),(481,1,1,'2024-02-01 11:22:37','for user \"\"'),(482,1,2,'2024-02-01 11:23:04','for user \"mocksiest\"'),(483,1,2,'2024-02-01 11:24:03','for user \"mocksiest\"'),(484,1,1,'2024-02-01 11:24:11','for user \"\"'),(485,1,1,'2024-02-01 11:24:11','for user \"\"'),(486,1,1,'2024-02-01 11:24:14','for user \"\"'),(487,1,1,'2024-02-01 11:24:14','for user \"\"'),(488,1,1,'2024-02-01 11:24:16','for user \"\"'),(489,1,1,'2024-02-01 11:24:28','for user \"\"'),(490,1,1,'2024-02-01 11:25:26','for user \"\"'),(491,1,1,'2024-02-01 11:25:27','for user \"\"'),(492,1,1,'2024-02-01 11:25:30','for user \"\"'),(493,1,1,'2024-02-01 11:25:33','for user \"\"'),(494,1,1,'2024-02-01 11:25:42','for user \"\"'),(495,1,1,'2024-02-01 11:25:43','for user \"\"'),(496,1,1,'2024-02-01 11:26:42','for user \"\"'),(497,1,1,'2024-02-01 11:26:42','for user \"\"'),(498,1,1,'2024-02-01 11:26:45','for user \"\"'),(499,1,1,'2024-02-01 11:26:46','for user \"\"'),(500,1,1,'2024-02-01 11:26:48','for user \"\"'),(501,1,1,'2024-02-01 11:26:48','for user \"\"'),(502,1,1,'2024-02-01 11:26:54','for user \"\"'),(503,1,1,'2024-02-01 11:26:55','for user \"\"'),(504,1,2,'2024-02-01 11:27:00','for user \"mocksiest\"'),(505,1,1,'2024-02-01 11:27:02','for user \"\"'),(506,1,1,'2024-02-01 11:27:02','for user \"\"'),(507,1,1,'2024-02-01 11:27:03','for user \"\"'),(508,1,1,'2024-02-05 09:17:49','for user \"mocksiest\"'),(509,1,1,'2024-02-05 09:17:49','for user \"mocksiest\"'),(510,1,2,'2024-02-05 09:17:51','for user \"mocksiest\"'),(511,1,1,'2024-02-05 09:17:57','for user \"\"'),(512,1,1,'2024-02-05 09:17:59','for user \"\"'),(513,1,1,'2024-02-05 09:18:04','for user \"mo\"'),(514,1,1,'2024-02-05 09:23:16','for user \"mocksiest\"'),(515,1,1,'2024-02-05 09:23:17','for user \"mocksiest\"'),(516,1,2,'2024-02-05 09:23:20','for user \"mocksiest\"'),(517,1,1,'2024-02-05 09:23:23','for user \"\"'),(518,1,1,'2024-02-05 09:23:24','for user \"\"'),(519,1,1,'2024-02-05 09:23:25','for user \"\"'),(520,1,1,'2024-03-05 08:04:00','for user \"mocksiest\"'),(521,1,1,'2024-03-05 08:04:01','for user \"mocksiest\"'),(522,1,2,'2024-03-05 08:04:04','for user \"mocksiest\"'),(523,1,1,'2024-03-05 08:04:11','for user \"\"'),(524,1,1,'2024-03-05 08:04:11','for user \"\"'),(525,1,1,'2024-03-05 08:04:12','for user \"\"'),(526,1,2,'2024-03-05 08:23:03','for user \"mocksiest\"'),(527,1,1,'2024-03-05 09:52:41','for user \"mocksiest\"'),(528,1,1,'2024-03-05 09:52:42','for user \"mocksiest\"'),(529,1,2,'2024-03-05 09:52:43','for user \"mocksiest\"'),(530,1,1,'2024-03-05 09:53:24','for user \"mocksiest\"'),(531,1,1,'2024-03-05 09:53:24','for user \"mocksiest\"'),(532,1,2,'2024-03-05 09:53:25','for user \"mocksiest\"'),(533,1,2,'2024-03-05 10:05:49','for user \"mocksiest\"'),(534,1,2,'2024-03-05 10:06:52','for user \"mocksiest\"'),(535,1,2,'2024-03-05 10:09:23','for user \"mocksiest\"'),(536,1,2,'2024-03-05 10:11:38','for user \"mocksiest\"'),(537,1,2,'2024-03-05 10:15:24','for user \"mocksiest\"'),(538,1,2,'2024-03-05 10:22:14','for user \"mocksiest\"'),(539,1,2,'2024-03-05 10:25:15','for user \"mocksiest\"'),(540,1,2,'2024-03-05 10:26:20','for user \"mocksiest\"'),(541,1,2,'2024-03-05 10:27:29','for user \"mocksiest\"'),(542,1,2,'2024-03-05 10:32:02','for user \"mocksiest\"'),(543,1,2,'2024-03-05 10:35:15','for user \"mocksiest\"'),(544,1,2,'2024-03-05 10:38:52','for user \"mocksiest\"'),(545,1,2,'2024-03-05 10:39:42','for user \"mocksiest\"'),(546,1,2,'2024-03-05 10:41:14','for user \"mocksiest\"'),(547,1,2,'2024-03-05 10:42:54','for user \"mocksiest\"'),(548,1,2,'2024-03-05 10:44:03','for user \"mocksiest\"'),(549,1,2,'2024-03-05 10:46:47','for user \"mocksiest\"'),(550,1,2,'2024-03-05 10:53:58','for user \"mocksiest\"'),(551,1,2,'2024-03-05 10:56:16','for user \"mocksiest\"'),(552,1,2,'2024-03-05 10:57:35','for user \"mocksiest\"'),(553,1,2,'2024-03-05 11:03:51','for user \"mocksiest\"'),(554,1,2,'2024-03-05 11:12:47','for user \"mocksiest\"'),(555,1,2,'2024-03-05 11:14:06','for user \"mocksiest\"'),(556,1,2,'2024-03-05 11:15:42','for user \"mocksiest\"'),(557,1,2,'2024-03-05 11:17:41','for user \"mocksiest\"'),(558,1,2,'2024-03-05 11:22:42','for user \"mocksiest\"'),(559,1,1,'2024-03-05 11:45:07','for user \"mocksiest\"'),(560,1,1,'2024-03-05 11:45:08','for user \"mocksiest\"'),(561,1,2,'2024-03-05 11:45:09','for user \"mocksiest\"'),(562,1,1,'2024-03-05 11:45:40','for user \"\"'),(563,1,1,'2024-03-05 11:45:42','for user \"\"'),(564,1,1,'2024-03-05 11:45:44','for user \"\"'),(565,1,1,'2024-03-05 11:45:46','for user \"\"'),(566,1,1,'2024-03-05 11:45:50','for user \"\"'),(567,1,1,'2024-03-05 11:45:50','for user \"\"'),(568,1,1,'2024-03-05 11:45:51','for user \"\"'),(569,1,2,'2024-03-07 10:43:34','for user \"mocksiest\"'),(570,1,2,'2024-03-07 10:44:52','for user \"mocksiest\"'),(571,1,1,'2024-03-07 10:47:32','for user \"mocksiest\"'),(572,1,2,'2024-03-07 10:47:34','for user \"mocksiest\"'),(573,1,2,'2024-03-07 10:49:34','for user \"mocksiest\"'),(574,1,2,'2024-03-07 10:50:08','for user \"mocksiest\"'),(575,1,1,'2024-03-07 12:00:18','for user \"password\"'),(576,2,2,'2024-03-07 12:07:24','for user \"mocksiest\"'),(577,2,2,'2024-03-07 12:09:02','for user \"mocksiest\"'),(578,2,3,'2024-03-07 12:09:15','for user \"mocksiest\"'),(579,2,2,'2024-03-07 12:11:39','for user \"mocksiest\"'),(580,2,3,'2024-03-07 12:11:47','for user \"mocksiest\"'),(581,1,1,'2024-03-07 12:11:49','for user \"\"'),(582,1,1,'2024-03-07 12:11:49','for user \"\"'),(583,1,1,'2024-03-07 12:11:52','for user \"\"'),(584,1,1,'2024-03-07 12:11:55','for user \"\"'),(585,1,1,'2024-03-07 12:11:56','for user \"\"'),(586,2,2,'2024-03-19 08:10:10','for user \"mocksiest\"'),(587,2,3,'2024-03-19 08:10:26','for user \"mocksiest\"'),(588,2,2,'2024-03-19 08:20:11','for user \"mocksiest\"'),(589,2,2,'2024-03-19 08:36:33','for user \"mocksiest\"'),(590,2,2,'2024-03-19 09:00:20','for user \"mocksiest\"'),(591,2,4,'2024-03-19 09:00:29','for user \"mocksiest\"'),(592,1,1,'2024-03-19 09:00:40','for user \"\"'),(593,1,1,'2024-03-19 09:00:41','for user \"\"'),(594,1,1,'2024-03-19 09:00:42','for user \"\"'),(595,2,2,'2024-03-19 09:29:20','for user \"mocksiest\"'),(596,2,2,'2024-03-19 09:31:15','for user \"mocksiest\"'),(597,2,2,'2024-03-19 09:32:21','for user \"mocksiest\"'),(598,2,2,'2024-03-19 09:38:42','for user \"mocksiest\"'),(599,2,4,'2024-03-19 09:39:04','for user \"mocksiest\"'),(600,2,2,'2024-03-19 09:43:35','for user \"mocksiest\"'),(601,2,2,'2024-03-19 09:45:07','for user \"mocksiest\"'),(602,2,4,'2024-03-19 09:45:17','for user \"mocksiest\"'),(603,2,2,'2024-03-19 09:45:27','for user \"mocksiest\"'),(604,2,2,'2024-03-19 10:04:06','for user \"mocksiest\"'),(605,2,2,'2024-03-19 10:07:12','for user \"mocksiest\"'),(606,2,2,'2024-03-19 10:09:58','for user \"mocksiest\"'),(607,2,3,'2024-03-19 10:10:25','for user \"mocksiest\"'),(608,2,2,'2024-03-19 10:15:18','for user \"mocksiest\"'),(609,2,2,'2024-03-19 10:16:30','for user \"mocksiest\"'),(610,2,2,'2024-03-19 10:21:58','for user \"mocksiest\"'),(611,2,2,'2024-03-19 10:23:03','for user \"mocksiest\"'),(612,2,2,'2024-03-19 10:25:30','for user \"mocksiest\"'),(613,2,4,'2024-03-19 10:25:46','for user \"mocksiest\"'),(614,1,1,'2024-04-07 16:02:08','for user \"\"'),(615,2,2,'2024-04-07 16:02:15','for user \"mocksiest\"'),(616,2,2,'2024-04-07 16:19:29','for user \"mocksiest\"'),(617,2,2,'2024-04-07 16:20:24','for user \"mocksiest\"'),(618,2,2,'2024-04-07 16:21:04','for user \"mocksiest\"'),(619,2,2,'2024-04-07 16:21:47','for user \"mocksiest\"'),(620,2,2,'2024-04-07 16:25:06','for user \"mocksiest\"'),(621,2,2,'2024-04-07 16:28:49','for user \"mocksiest\"'),(622,2,2,'2024-04-07 16:29:02','for user \"mocksiest\"'),(623,2,2,'2024-04-07 16:30:11','for user \"mocksiest\"'),(624,2,3,'2024-04-07 16:30:27','for user \"mocksiest\"'),(625,2,2,'2024-04-07 16:34:57','for user \"mocksiest\"'),(626,2,2,'2024-04-07 16:35:31','for user \"mocksiest\"'),(627,2,2,'2024-04-07 16:36:07','for user \"mocksiest\"'),(628,2,2,'2024-04-07 16:37:37','for user \"mocksiest\"'),(629,2,2,'2024-04-07 16:37:42','for user \"mocksiest\"'),(630,2,2,'2024-04-07 16:37:45','for user \"mocksiest\"'),(631,1,1,'2024-04-07 16:37:47','for user \"mocksies\"'),(632,1,1,'2024-04-07 16:37:56','for user \"mocksies\"'),(633,2,2,'2024-04-07 16:37:58','for user \"mocksiest\"'),(634,1,1,'2024-04-07 16:38:00','for user \"mocksies\"'),(635,1,1,'2024-04-07 16:39:51','for user \"\"'),(636,1,1,'2024-04-07 16:39:53','for user \"\"'),(637,1,1,'2024-04-07 16:39:53','for user \"\"'),(638,2,2,'2024-04-07 16:40:39','for user \"mocksiest\"'),(639,2,3,'2024-04-07 16:40:51','for user \"mocksiest\"'),(640,2,2,'2024-05-18 09:27:35','for user \"mocksiest\"'),(641,2,2,'2024-05-18 09:38:03','for user \"mocksiest\"'),(642,2,3,'2024-05-18 09:45:41','for user \"mocksiest\"'),(643,2,2,'2024-05-18 11:00:29','for user \"mocksiest\"'),(644,2,2,'2024-05-18 11:03:12','for user \"mocksiest\"'),(645,2,2,'2024-05-18 11:03:37','for user \"mocksiest\"'),(646,2,2,'2024-05-18 11:06:45','for user \"mocksiest\"'),(647,2,3,'2024-05-18 11:06:54','for user \"mocksiest\"'),(648,2,2,'2024-05-18 11:07:00','for user \"mocksiest\"'),(649,2,2,'2024-05-18 11:08:22','for user \"mocksiest\"'),(650,2,3,'2024-05-18 11:08:37','for user \"mocksiest\"'),(651,2,2,'2024-05-18 11:08:51','for user \"mocksiest\"'),(652,2,2,'2024-05-18 11:11:40','for user \"mocksiest\"'),(653,2,3,'2024-05-18 11:12:04','for user \"mocksiest\"'),(654,2,2,'2024-05-19 15:39:29','for user \"mocksiest\"'),(655,2,3,'2024-05-19 15:40:20','for user \"mocksiest\"'),(656,2,2,'2024-05-19 18:42:12','for user \"mocksiest\"'),(657,2,3,'2024-05-19 18:42:17','for user \"mocksiest\"'),(658,2,5,'2024-05-25 07:53:35','for user \"mocksiest\" at LAXAMANA-PC'),(659,2,5,'2024-05-25 08:05:41','for user \"mocksiest\" at LAXAMANA-PC'),(660,2,5,'2024-05-25 08:06:29','for user \"mocksiest\" at LAXAMANA-PC'),(661,2,6,'2024-05-25 08:06:38','for user \"mocksiest\" at LAXAMANA-PC'),(662,2,5,'2024-05-25 08:32:22','for user \"mocksiest\" at LAXAMANA-PC'),(663,2,6,'2024-05-25 08:32:32','for user \"mocksiest\" at LAXAMANA-PC'),(664,1,1,'2024-05-25 08:32:50','for user \"mocksiest\" at LAXAMANA-PC'),(665,1,1,'2024-05-25 08:32:52','for user \"mocksiest\" at LAXAMANA-PC'),(666,2,2,'2024-05-25 08:33:08','for user \"mocksiest\" at LAXAMANA-PC'),(667,2,3,'2024-05-25 08:34:21','for user \"mocksiest\" at LAXAMANA-PC'),(668,2,2,'2024-05-25 08:36:10','for user \"mocksiest\" at LAXAMANA-PC'),(669,2,4,'2024-05-25 08:36:20','for user \"mocksiest\" at LAXAMANA-PC'),(670,1,1,'2024-05-25 08:36:33','for user \"chloe\" at LAXAMANA-PC'),(671,1,1,'2024-05-25 08:36:35','for user \"chloe\" at LAXAMANA-PC'),(672,1,1,'2024-05-25 08:36:35','for user \"chloe\" at LAXAMANA-PC'),(673,1,1,'2024-05-25 09:58:15','for user \"\" at LAXAMANA-PC'),(674,1,1,'2024-05-25 09:58:18','for user \"\" at LAXAMANA-PC'),(675,2,2,'2024-05-25 09:58:23','for user \"mocksiest\" at LAXAMANA-PC'),(676,2,3,'2024-05-25 09:58:52','for user \"mocksiest\" at LAXAMANA-PC'),(677,1,1,'2024-05-25 09:58:55','for user \"\" at LAXAMANA-PC'),(678,1,1,'2024-05-25 09:58:56','for user \"\" at LAXAMANA-PC'),(679,1,1,'2024-05-25 09:59:00','for user \"\" at LAXAMANA-PC'),(680,2,5,'2024-05-25 09:59:19','for user \"mocksiest\" at LAXAMANA-PC'),(681,2,5,'2024-05-25 10:47:39','for user \"mocksiest\" at LAXAMANA-PC'),(682,2,5,'2024-05-25 10:49:06','for user \"mocksiest\" at LAXAMANA-PC'),(683,2,5,'2024-05-25 10:49:24','for user \"mocksiest\" at LAXAMANA-PC'),(684,2,5,'2024-05-25 10:50:31','for user \"mocksiest\" at LAXAMANA-PC'),(685,2,5,'2024-05-25 10:50:56','for user \"mocksiest\" at LAXAMANA-PC'),(686,2,5,'2024-05-25 10:51:48','for user \"mocksiest\" at LAXAMANA-PC'),(687,2,5,'2024-05-25 10:52:42','for user \"mocksiest\" at LAXAMANA-PC'),(688,2,5,'2024-05-25 10:55:27','for user \"mocksiest\" at LAXAMANA-PC'),(689,2,5,'2024-05-25 10:56:34','for user \"mocksiest\" at LAXAMANA-PC'),(690,2,5,'2024-05-25 11:17:44','for user \"mocksiest\" at LAXAMANA-PC'),(691,1,7,'2024-05-25 11:18:08','for user \"mocksiest\" at LAXAMANA-PC'),(692,2,5,'2024-05-25 11:21:43','for user \"mocksiest\" at LAXAMANA-PC'),(693,2,5,'2024-05-25 11:22:41','for user \"mocksiest\" at LAXAMANA-PC'),(694,1,7,'2024-05-25 11:22:53','for user \"mocksiest\" at LAXAMANA-PC'),(695,2,5,'2024-05-25 11:23:19','for user \"mocksiest\" at LAXAMANA-PC'),(696,1,7,'2024-05-25 11:23:30','for user \"mocksiest\" at LAXAMANA-PC'),(697,2,5,'2024-05-25 11:25:39','for user \"mocksiest\" at LAXAMANA-PC'),(698,1,7,'2024-05-25 11:26:00','for user \"mocksiest\" at LAXAMANA-PC'),(699,2,5,'2024-05-25 11:26:31','for user \"mocksiest\" at LAXAMANA-PC'),(700,2,6,'2024-05-25 11:26:33','for user \"mocksiest\" at LAXAMANA-PC'),(701,2,5,'2024-05-25 11:27:19','for user \"mocksiest\" at LAXAMANA-PC'),(702,2,6,'2024-05-25 11:27:22','for user \"mocksiest\" at LAXAMANA-PC'),(703,2,5,'2024-05-25 11:29:56','for user \"mocksiest\" at LAXAMANA-PC'),(704,2,6,'2024-05-25 11:29:59','for user \"mocksiest\" at LAXAMANA-PC'),(705,2,2,'2024-05-25 11:30:20','for user \"mocksiest\" at LAXAMANA-PC'),(706,2,4,'2024-05-25 11:30:32','for user \"mocksiest\" at LAXAMANA-PC'),(707,2,2,'2024-05-25 11:30:45','for user \"mocksiest\" at LAXAMANA-PC'),(708,2,3,'2024-05-25 11:30:50','for user \"mocksiest\" at LAXAMANA-PC'),(709,2,5,'2024-05-25 11:47:15','for user \"mocksiest\" at LAXAMANA-PC'),(710,2,5,'2024-05-25 11:49:03','for user \"mocksiest\" at LAXAMANA-PC'),(711,1,7,'2024-05-25 11:49:12','for user \"mocksiest\" at LAXAMANA-PC'),(712,1,1,'2024-05-25 11:49:23','for user \"mocksiest\" at LAXAMANA-PC'),(713,1,1,'2024-05-25 11:49:29','for user \"mocksiest\" at LAXAMANA-PC'),(714,2,2,'2024-05-25 11:49:39','for user \"mocksiest\" at LAXAMANA-PC'),(715,2,4,'2024-05-25 11:50:34','for user \"mocksiest\" at LAXAMANA-PC'),(716,1,1,'2024-05-25 11:50:45','for user \"mocksiest\" at LAXAMANA-PC'),(717,2,2,'2024-05-25 11:50:52','for user \"mocksiest\" at LAXAMANA-PC'),(718,2,2,'2024-05-25 11:57:47','for user \"mocksiest\" at LAXAMANA-PC'),(719,2,3,'2024-05-25 12:00:29','for user \"mocksiest\" at LAXAMANA-PC'),(720,1,1,'2024-05-25 12:00:38','for user \"mocksiest\" at LAXAMANA-PC'),(721,2,2,'2024-05-25 12:00:45','for user \"mocksiest\" at LAXAMANA-PC'),(722,2,3,'2024-05-25 12:02:03','for user \"mocksiest\" at LAXAMANA-PC'),(723,1,1,'2024-05-25 12:02:30','for user \"mOcksiest\" at LAXAMANA-PC'),(724,2,2,'2024-05-25 12:02:52','for user \"mocksiest\" at LAXAMANA-PC'),(725,2,3,'2024-05-25 12:02:56','for user \"mocksiest\" at LAXAMANA-PC'),(726,3,5,'2024-05-25 15:12:23','for user \"clark\" at LAPTOP-NKRJ7O6L'),(727,1,7,'2024-05-25 15:12:47','for user \"clark\" at LAPTOP-NKRJ7O6L'),(728,3,2,'2024-05-25 15:14:27','for user \"clark\" at LAPTOP-NKRJ7O6L'),(729,3,2,'2024-05-25 15:18:26','for user \"clark\" at LAPTOP-NKRJ7O6L'),(730,3,2,'2024-05-25 15:20:54','for user \"clark\" at LAPTOP-NKRJ7O6L'),(731,3,2,'2024-05-25 15:22:36','for user \"clark\" at LAPTOP-NKRJ7O6L'),(732,3,2,'2024-05-25 15:54:59','for user \"clark\" at LAPTOP-NKRJ7O6L'),(733,3,2,'2024-05-25 15:59:45','for user \"clark\" at LAPTOP-NKRJ7O6L'),(734,3,3,'2024-05-25 16:13:58','for user \"clark\" at LAPTOP-NKRJ7O6L'),(735,3,2,'2024-05-25 16:14:08','for user \"clark\" at LAPTOP-NKRJ7O6L'),(736,3,2,'2024-05-25 16:29:19','for user \"clark\" at LAPTOP-NKRJ7O6L'),(737,3,2,'2024-05-25 16:32:47','for user \"clark\" at LAPTOP-NKRJ7O6L'),(738,3,2,'2024-05-25 16:39:54','for user \"clark\" at LAPTOP-NKRJ7O6L'),(739,3,2,'2024-05-25 16:46:59','for user \"clark\" at LAPTOP-NKRJ7O6L'),(740,3,2,'2024-05-25 16:51:59','for user \"clark\" at LAPTOP-NKRJ7O6L'),(741,3,2,'2024-05-25 16:54:02','for user \"clark\" at LAPTOP-NKRJ7O6L'),(742,3,2,'2024-05-25 16:55:21','for user \"clark\" at LAPTOP-NKRJ7O6L'),(743,3,2,'2024-05-25 16:59:38','for user \"clark\" at LAPTOP-NKRJ7O6L'),(744,3,2,'2024-05-25 17:20:24','for user \"clark\" at LAPTOP-NKRJ7O6L'),(745,3,2,'2024-05-25 17:21:35','for user \"clark\" at LAPTOP-NKRJ7O6L'),(746,3,2,'2024-05-25 17:50:10','for user \"clark\" at LAPTOP-NKRJ7O6L'),(747,3,2,'2024-05-25 17:58:00','for user \"clark\" at LAPTOP-NKRJ7O6L'),(748,3,2,'2024-05-25 18:04:53','for user \"clark\" at LAPTOP-NKRJ7O6L'),(749,3,2,'2024-05-25 18:30:59','for user \"clark\" at LAPTOP-NKRJ7O6L'),(750,3,2,'2024-05-25 18:54:11','for user \"clark\" at LAPTOP-NKRJ7O6L'),(751,3,2,'2024-05-25 18:54:54','for user \"clark\" at LAPTOP-NKRJ7O6L'),(752,3,2,'2024-05-25 18:56:55','for user \"clark\" at LAPTOP-NKRJ7O6L'),(753,3,2,'2024-05-25 19:15:23','for user \"clark\" at LAPTOP-NKRJ7O6L'),(754,3,2,'2024-05-25 19:20:59','for user \"clark\" at LAPTOP-NKRJ7O6L'),(755,1,1,'2024-05-25 20:43:48','for user \"clark\" at LAPTOP-NKRJ7O6L'),(756,3,2,'2024-05-25 20:43:54','for user \"clark\" at LAPTOP-NKRJ7O6L'),(757,3,2,'2024-05-25 20:51:23','for user \"clark\" at LAPTOP-NKRJ7O6L'),(758,3,2,'2024-05-25 20:56:00','for user \"clark\" at LAPTOP-NKRJ7O6L'),(759,3,2,'2024-05-25 21:00:40','for user \"clark\" at LAPTOP-NKRJ7O6L'),(760,3,2,'2024-05-25 21:05:45','for user \"clark\" at LAPTOP-NKRJ7O6L'),(761,3,2,'2024-05-25 21:09:12','for user \"clark\" at LAPTOP-NKRJ7O6L'),(762,3,2,'2024-05-25 21:15:05','for user \"clark\" at LAPTOP-NKRJ7O6L'),(763,3,2,'2024-05-25 22:18:38','for user \"clark\" at LAPTOP-NKRJ7O6L'),(764,3,2,'2024-05-25 22:20:24','for user \"clark\" at LAPTOP-NKRJ7O6L'),(765,3,2,'2024-05-25 22:22:22','for user \"clark\" at LAPTOP-NKRJ7O6L'),(766,3,2,'2024-05-26 00:45:39','for user \"clark\" at LAPTOP-NKRJ7O6L'),(767,3,2,'2024-05-26 00:59:08','for user \"clark\" at LAPTOP-NKRJ7O6L'),(768,3,2,'2024-05-26 01:02:47','for user \"clark\" at LAPTOP-NKRJ7O6L'),(769,3,2,'2024-05-26 01:08:30','for user \"clark\" at LAPTOP-NKRJ7O6L'),(770,3,2,'2024-05-26 01:21:39','for user \"clark\" at LAPTOP-NKRJ7O6L'),(771,3,2,'2024-05-26 02:11:33','for user \"clark\" at LAPTOP-NKRJ7O6L'),(772,3,2,'2024-05-26 02:34:57','for user \"clark\" at LAPTOP-NKRJ7O6L'),(773,3,2,'2024-05-26 02:42:43','for user \"clark\" at LAPTOP-NKRJ7O6L'),(774,3,2,'2024-05-26 03:10:05','for user \"clark\" at LAPTOP-NKRJ7O6L'),(775,3,2,'2024-05-26 03:15:07','for user \"clark\" at LAPTOP-NKRJ7O6L'),(776,3,2,'2024-05-26 03:21:53','for user \"clark\" at LAPTOP-NKRJ7O6L'),(777,3,2,'2024-05-26 03:37:04','for user \"clark\" at LAPTOP-NKRJ7O6L'),(778,3,2,'2024-05-26 03:50:37','for user \"clark\" at LAPTOP-NKRJ7O6L'),(779,3,2,'2024-05-26 14:28:16','for user \"clark\" at LAPTOP-NKRJ7O6L'),(780,3,2,'2024-05-26 14:31:31','for user \"clark\" at LAPTOP-NKRJ7O6L'),(781,3,2,'2024-05-26 14:34:46','for user \"clark\" at LAPTOP-NKRJ7O6L'),(782,3,2,'2024-05-27 11:10:38','for user \"clark\" at LAPTOP-NKRJ7O6L'),(783,3,8,'2024-05-27 11:10:51','for user \"clark\" at LAPTOP-NKRJ7O6L'),(784,3,5,'2024-05-27 14:08:38','for user \"clark\" at LAPTOP-NKRJ7O6L'),(785,3,5,'2024-05-27 14:12:13','for user \"clark\" at LAPTOP-NKRJ7O6L'),(786,3,5,'2024-05-27 14:19:48','for user \"clark\" at LAPTOP-NKRJ7O6L'),(787,3,5,'2024-05-27 14:22:43','for user \"clark\" at LAPTOP-NKRJ7O6L'),(788,3,2,'2024-05-28 00:54:22','for user \"clark\" at LAPTOP-NKRJ7O6L'),(789,3,8,'2024-05-28 00:54:45','for user \"clark\" at LAPTOP-NKRJ7O6L'),(790,3,9,'2024-05-28 00:55:03','for user \"clark\" at LAPTOP-NKRJ7O6L'),(791,3,5,'2024-05-28 00:55:15','for user \"clark\" at LAPTOP-NKRJ7O6L'),(792,1,7,'2024-05-28 00:55:49','for user \"clark\" at LAPTOP-NKRJ7O6L'),(793,1,1,'2024-05-28 00:56:11','for user \"clark\" at LAPTOP-NKRJ7O6L'),(794,3,2,'2024-05-28 00:56:15','for user \"clark\" at LAPTOP-NKRJ7O6L'),(795,3,8,'2024-05-28 00:56:32','for user \"clark\" at LAPTOP-NKRJ7O6L'),(796,3,9,'2024-05-28 01:41:38','for user \"clark\" at LAPTOP-NKRJ7O6L'),(797,3,2,'2024-05-28 23:26:51','for user \"clark\" at LAPTOP-NKRJ7O6L'),(798,3,8,'2024-05-28 23:26:58','for user \"clark\" at LAPTOP-NKRJ7O6L'),(799,1,1,'2024-05-28 23:31:33','for user \"CLARK\" at LAPTOP-NKRJ7O6L'),(800,3,2,'2024-05-28 23:31:36','for user \"clark\" at LAPTOP-NKRJ7O6L'),(801,3,8,'2024-05-28 23:31:45','for user \"clark\" at LAPTOP-NKRJ7O6L'),(802,3,2,'2024-05-28 23:36:45','for user \"clark\" at LAPTOP-NKRJ7O6L'),(803,3,8,'2024-05-28 23:36:52','for user \"clark\" at LAPTOP-NKRJ7O6L'),(804,3,2,'2024-05-28 23:38:59','for user \"clark\" at LAPTOP-NKRJ7O6L'),(805,3,8,'2024-05-28 23:39:05','for user \"clark\" at LAPTOP-NKRJ7O6L'),(806,3,2,'2024-05-28 23:41:22','for user \"clark\" at LAPTOP-NKRJ7O6L'),(807,3,8,'2024-05-28 23:41:27','for user \"clark\" at LAPTOP-NKRJ7O6L'),(808,3,9,'2024-05-28 23:45:00','for user \"clark\" at LAPTOP-NKRJ7O6L'),(809,3,5,'2024-05-28 23:45:54','for user \"clark\" at LAPTOP-NKRJ7O6L'),(810,1,7,'2024-05-28 23:46:10','for user \"clark\" at LAPTOP-NKRJ7O6L'),(811,3,2,'2024-05-28 23:46:18','for user \"clark\" at LAPTOP-NKRJ7O6L'),(812,3,8,'2024-05-28 23:46:29','for user \"clark\" at LAPTOP-NKRJ7O6L'),(813,3,2,'2024-05-29 00:25:59','for user \"clark\" at LAPTOP-NKRJ7O6L'),(814,3,8,'2024-05-29 00:26:09','for user \"clark\" at LAPTOP-NKRJ7O6L'),(815,3,2,'2024-05-29 00:31:23','for user \"clark\" at LAPTOP-NKRJ7O6L'),(816,3,8,'2024-05-29 00:31:51','for user \"clark\" at LAPTOP-NKRJ7O6L'),(817,3,2,'2024-05-29 00:32:50','for user \"clark\" at LAPTOP-NKRJ7O6L'),(818,3,8,'2024-05-29 00:32:59','for user \"clark\" at LAPTOP-NKRJ7O6L'),(819,3,2,'2024-05-29 00:38:45','for user \"clark\" at LAPTOP-NKRJ7O6L'),(820,3,8,'2024-05-29 00:38:55','for user \"clark\" at LAPTOP-NKRJ7O6L'),(821,3,2,'2024-05-29 00:47:08','for user \"clark\" at LAPTOP-NKRJ7O6L'),(822,3,8,'2024-05-29 00:47:16','for user \"clark\" at LAPTOP-NKRJ7O6L'),(823,3,2,'2024-05-29 00:49:02','for user \"clark\" at LAPTOP-NKRJ7O6L'),(824,3,8,'2024-05-29 00:49:15','for user \"clark\" at LAPTOP-NKRJ7O6L'),(825,3,2,'2024-05-29 01:07:48','for user \"clark\" at LAPTOP-NKRJ7O6L'),(826,3,8,'2024-05-29 01:07:58','for user \"clark\" at LAPTOP-NKRJ7O6L'),(827,3,2,'2024-05-29 01:27:34','for user \"clark\" at LAPTOP-NKRJ7O6L'),(828,3,8,'2024-05-29 01:27:47','for user \"clark\" at LAPTOP-NKRJ7O6L'),(829,3,2,'2024-05-29 01:30:17','for user \"clark\" at LAPTOP-NKRJ7O6L'),(830,3,8,'2024-05-29 01:30:26','for user \"clark\" at LAPTOP-NKRJ7O6L'),(831,3,2,'2024-05-29 01:37:28','for user \"clark\" at LAPTOP-NKRJ7O6L'),(832,3,8,'2024-05-29 01:37:38','for user \"clark\" at LAPTOP-NKRJ7O6L'),(833,3,9,'2024-05-29 01:40:28','for user \"clark\" at LAPTOP-NKRJ7O6L'),(834,3,2,'2024-05-29 01:50:03','for user \"clark\" at LAPTOP-NKRJ7O6L'),(835,3,8,'2024-05-29 01:50:13','for user \"clark\" at LAPTOP-NKRJ7O6L'),(836,3,2,'2024-05-29 01:51:07','for user \"clark\" at LAPTOP-NKRJ7O6L'),(837,3,8,'2024-05-29 01:51:42','for user \"clark\" at LAPTOP-NKRJ7O6L'),(838,3,2,'2024-05-29 03:21:02','for user \"clark\" at LAPTOP-NKRJ7O6L'),(839,3,8,'2024-05-29 03:21:15','for user \"clark\" at LAPTOP-NKRJ7O6L'),(840,3,2,'2024-05-29 03:22:36','for user \"clark\" at LAPTOP-NKRJ7O6L'),(841,3,8,'2024-05-29 03:22:47','for user \"clark\" at LAPTOP-NKRJ7O6L'),(842,3,2,'2024-05-29 03:27:17','for user \"clark\" at LAPTOP-NKRJ7O6L'),(843,3,8,'2024-05-29 03:27:24','for user \"clark\" at LAPTOP-NKRJ7O6L'),(844,3,2,'2024-05-29 03:28:23','for user \"clark\" at LAPTOP-NKRJ7O6L'),(845,3,8,'2024-05-29 03:28:31','for user \"clark\" at LAPTOP-NKRJ7O6L'),(846,3,2,'2024-05-29 03:37:09','for user \"clark\" at LAPTOP-NKRJ7O6L'),(847,3,8,'2024-05-29 03:37:17','for user \"clark\" at LAPTOP-NKRJ7O6L'),(848,3,2,'2024-05-29 03:40:11','for user \"clark\" at LAPTOP-NKRJ7O6L'),(849,3,8,'2024-05-29 03:40:23','for user \"clark\" at LAPTOP-NKRJ7O6L'),(850,3,2,'2024-05-29 03:52:15','for user \"clark\" at LAPTOP-NKRJ7O6L'),(851,3,8,'2024-05-29 03:52:24','for user \"clark\" at LAPTOP-NKRJ7O6L'),(852,3,2,'2024-05-29 03:55:36','for user \"clark\" at LAPTOP-NKRJ7O6L'),(853,3,8,'2024-05-29 03:55:44','for user \"clark\" at LAPTOP-NKRJ7O6L'),(854,3,2,'2024-05-29 03:59:27','for user \"clark\" at LAPTOP-NKRJ7O6L'),(855,3,8,'2024-05-29 03:59:33','for user \"clark\" at LAPTOP-NKRJ7O6L'),(856,3,2,'2024-05-29 13:02:29','for user \"clark\" at LAPTOP-NKRJ7O6L'),(857,3,8,'2024-05-29 13:02:39','for user \"clark\" at LAPTOP-NKRJ7O6L'),(858,3,9,'2024-05-29 13:04:30','for user \"clark\" at LAPTOP-NKRJ7O6L'),(859,3,2,'2024-05-29 13:23:44','for user \"clark\" at LAPTOP-NKRJ7O6L'),(860,3,8,'2024-05-29 13:23:55','for user \"clark\" at LAPTOP-NKRJ7O6L'),(861,3,2,'2024-05-29 13:30:10','for user \"clark\" at LAPTOP-NKRJ7O6L'),(862,3,8,'2024-05-29 13:30:22','for user \"clark\" at LAPTOP-NKRJ7O6L'),(863,3,2,'2024-05-29 13:39:11','for user \"clark\" at LAPTOP-NKRJ7O6L'),(864,3,8,'2024-05-29 13:39:22','for user \"clark\" at LAPTOP-NKRJ7O6L'),(865,3,2,'2024-05-31 00:24:39','for user \"clark\" at LAPTOP-NKRJ7O6L'),(866,3,8,'2024-05-31 00:24:51','for user \"clark\" at LAPTOP-NKRJ7O6L'),(867,3,2,'2024-05-31 00:26:09','for user \"clark\" at LAPTOP-NKRJ7O6L'),(868,3,8,'2024-05-31 00:26:18','for user \"clark\" at LAPTOP-NKRJ7O6L'),(869,3,9,'2024-05-31 00:30:10','for user \"clark\" at LAPTOP-NKRJ7O6L'),(870,3,2,'2024-05-31 00:30:22','for user \"clark\" at LAPTOP-NKRJ7O6L'),(871,3,8,'2024-05-31 00:30:32','for user \"clark\" at LAPTOP-NKRJ7O6L'),(872,3,2,'2024-05-31 00:33:02','for user \"clark\" at LAPTOP-NKRJ7O6L'),(873,3,8,'2024-05-31 00:33:10','for user \"clark\" at LAPTOP-NKRJ7O6L'),(874,3,9,'2024-05-31 00:33:53','for user \"clark\" at LAPTOP-NKRJ7O6L'),(875,3,2,'2024-05-31 00:37:58','for user \"clark\" at LAPTOP-NKRJ7O6L'),(876,3,8,'2024-05-31 00:38:08','for user \"clark\" at LAPTOP-NKRJ7O6L'),(877,3,9,'2024-05-31 01:10:21','for user \"clark\" at LAPTOP-NKRJ7O6L'),(878,3,2,'2024-05-31 01:15:32','for user \"clark\" at LAPTOP-NKRJ7O6L'),(879,3,8,'2024-05-31 01:15:42','for user \"clark\" at LAPTOP-NKRJ7O6L'),(880,3,2,'2024-05-31 01:17:02','for user \"clark\" at LAPTOP-NKRJ7O6L'),(881,3,8,'2024-05-31 01:17:12','for user \"clark\" at LAPTOP-NKRJ7O6L'),(882,3,2,'2024-05-31 01:26:58','for user \"clark\" at LAPTOP-NKRJ7O6L'),(883,3,8,'2024-05-31 01:27:34','for user \"clark\" at LAPTOP-NKRJ7O6L'),(884,3,2,'2024-05-31 07:46:59','for user \"clark\" at LAXAMANA-PC'),(885,3,8,'2024-05-31 07:47:11','for user \"clark\" at LAXAMANA-PC'),(886,3,2,'2024-05-31 07:51:22','for user \"clark\" at LAXAMANA-PC'),(887,3,8,'2024-05-31 07:51:33','for user \"clark\" at LAXAMANA-PC'),(888,3,2,'2024-05-31 08:00:44','for user \"clark\" at LAXAMANA-PC'),(889,3,8,'2024-05-31 08:00:55','for user \"clark\" at LAXAMANA-PC'),(890,3,2,'2024-05-31 08:12:35','for user \"clark\" at LAXAMANA-PC'),(891,3,8,'2024-05-31 08:12:43','for user \"clark\" at LAXAMANA-PC'),(892,3,2,'2024-05-31 08:13:17','for user \"clark\" at LAXAMANA-PC'),(893,3,8,'2024-05-31 08:13:25','for user \"clark\" at LAXAMANA-PC'),(894,3,2,'2024-05-31 08:15:18','for user \"clark\" at LAXAMANA-PC'),(895,3,8,'2024-05-31 08:15:26','for user \"clark\" at LAXAMANA-PC'),(896,3,2,'2024-05-31 08:18:59','for user \"clark\" at LAXAMANA-PC'),(897,3,8,'2024-05-31 08:19:06','for user \"clark\" at LAXAMANA-PC'),(898,1,1,'2024-05-31 08:20:11','for user \"clark\" at LAXAMANA-PC'),(899,3,2,'2024-05-31 08:20:16','for user \"clark\" at LAXAMANA-PC'),(900,3,8,'2024-05-31 08:20:23','for user \"clark\" at LAXAMANA-PC'),(901,3,2,'2024-05-31 08:25:58','for user \"clark\" at LAXAMANA-PC'),(902,3,8,'2024-05-31 08:26:09','for user \"clark\" at LAXAMANA-PC'),(903,3,2,'2024-05-31 08:32:23','for user \"clark\" at LAXAMANA-PC'),(904,3,8,'2024-05-31 08:32:31','for user \"clark\" at LAXAMANA-PC'),(905,3,2,'2024-05-31 08:33:16','for user \"clark\" at LAXAMANA-PC'),(906,3,8,'2024-05-31 08:33:26','for user \"clark\" at LAXAMANA-PC'),(907,3,2,'2024-05-31 08:35:46','for user \"clark\" at LAXAMANA-PC'),(908,3,8,'2024-05-31 08:35:55','for user \"clark\" at LAXAMANA-PC'),(909,3,2,'2024-05-31 08:36:24','for user \"clark\" at LAXAMANA-PC'),(910,3,8,'2024-05-31 08:36:31','for user \"clark\" at LAXAMANA-PC'),(911,3,2,'2024-05-31 08:40:32','for user \"clark\" at LAXAMANA-PC'),(912,3,8,'2024-05-31 08:40:37','for user \"clark\" at LAXAMANA-PC'),(913,3,2,'2024-05-31 08:40:58','for user \"clark\" at LAXAMANA-PC'),(914,3,8,'2024-05-31 08:41:06','for user \"clark\" at LAXAMANA-PC'),(915,1,1,'2024-05-31 10:25:57','for user \"clark\" at LAXAMANA-PC'),(916,3,2,'2024-05-31 10:26:02','for user \"clark\" at LAXAMANA-PC'),(917,3,8,'2024-05-31 10:26:10','for user \"clark\" at LAXAMANA-PC'),(918,3,2,'2024-05-31 10:34:39','for user \"clark\" at LAXAMANA-PC'),(919,3,8,'2024-05-31 10:34:47','for user \"clark\" at LAXAMANA-PC'),(920,3,2,'2024-05-31 11:34:25','for user \"clark\" at LAXAMANA-PC'),(921,3,8,'2024-05-31 11:34:37','for user \"clark\" at LAXAMANA-PC'),(922,3,2,'2024-05-31 11:35:34','for user \"clark\" at LAXAMANA-PC'),(923,3,8,'2024-05-31 11:35:41','for user \"clark\" at LAXAMANA-PC'),(924,3,2,'2024-05-31 11:37:24','for user \"clark\" at LAXAMANA-PC'),(925,3,8,'2024-05-31 11:37:37','for user \"clark\" at LAXAMANA-PC'),(926,3,2,'2024-05-31 11:42:24','for user \"clark\" at LAXAMANA-PC'),(927,3,8,'2024-05-31 11:42:33','for user \"clark\" at LAXAMANA-PC'),(928,3,2,'2024-05-31 11:46:04','for user \"clark\" at LAXAMANA-PC'),(929,3,8,'2024-05-31 11:46:11','for user \"clark\" at LAXAMANA-PC'),(930,3,2,'2024-05-31 12:30:40','for user \"clark\" at LAXAMANA-PC: '),(931,3,8,'2024-05-31 12:30:49','for user \"clark\" at LAXAMANA-PC: '),(932,3,10,'2024-05-31 12:31:11','for user \"clark\" at LAXAMANA-PC: viewed account details of: mocksiest'),(933,0,5,'2024-05-31 13:30:13','for user \"null\" at LAXAMANA-PC: '),(934,0,5,'2024-05-31 13:30:41','for user \"null\" at LAXAMANA-PC: '),(935,0,6,'2024-05-31 13:30:53','for user \"null\" at LAXAMANA-PC: '),(936,0,5,'2024-05-31 13:31:57','for user \"null\" at LAXAMANA-PC: '),(937,0,5,'2024-05-31 13:32:21','for user \"null\" at LAXAMANA-PC: '),(938,0,6,'2024-05-31 13:32:24','for user \"null\" at LAXAMANA-PC: '),(939,2,5,'2024-05-31 13:33:46','for user \"mocksiest\" at LAXAMANA-PC: '),(940,1,7,'2024-05-31 13:34:09','for user \"mocksiest\" at LAXAMANA-PC: '),(941,1,1,'2024-05-31 13:34:16','for user \"asdasd\" at LAXAMANA-PC: '),(942,1,1,'2024-05-31 13:37:21','for user \"asdasd\" at LAXAMANA-PC: '),(943,1,1,'2024-05-31 13:37:54','for user \"mocksiest\" at LAXAMANA-PC: '),(944,1,1,'2024-05-31 13:37:58','for user \"mocksiest\" at LAXAMANA-PC: '),(945,2,2,'2024-05-31 13:38:15','for user \"mocksiest\" at LAXAMANA-PC: '),(946,3,2,'2024-05-31 13:41:03','for user \"clark\" at LAXAMANA-PC: '),(947,2,2,'2024-05-31 13:42:15','for user \"mocksiest\" at LAXAMANA-PC: '),(948,2,2,'2024-05-31 13:43:30','for user \"mocksiest\" at LAXAMANA-PC: '),(949,2,8,'2024-05-31 13:44:04','for user \"mocksiest\" at LAXAMANA-PC: '),(950,2,2,'2024-05-31 13:46:58','for user \"mocksiest\" at LAXAMANA-PC: '),(951,2,8,'2024-05-31 13:47:06','for user \"mocksiest\" at LAXAMANA-PC: '),(952,2,2,'2024-05-31 13:50:48','for user \"mocksiest\" at LAXAMANA-PC: '),(953,2,8,'2024-05-31 13:50:56','for user \"mocksiest\" at LAXAMANA-PC: '),(954,2,9,'2024-05-31 13:51:01','for user \"mocksiest\" at LAXAMANA-PC: '),(955,3,2,'2024-05-31 13:53:54','for user \"clark\" at LAXAMANA-PC: '),(956,3,8,'2024-05-31 13:54:03','for user \"clark\" at LAXAMANA-PC: '),(957,3,10,'2024-05-31 13:55:15','for user \"clark\" at LAXAMANA-PC: viewed account details of \"mocksiest\"'),(958,3,9,'2024-05-31 13:55:57','for user \"clark\" at LAXAMANA-PC: '),(959,3,2,'2024-05-31 14:39:00','for user \"clark\" at LAXAMANA-PC: '),(960,3,8,'2024-05-31 14:39:10','for user \"clark\" at LAXAMANA-PC: '),(961,3,10,'2024-05-31 14:39:12','for user \"clark\" at LAXAMANA-PC: viewed account details of \"mocksiest\"'),(962,3,2,'2024-05-31 14:44:00','for user \"clark\" at LAXAMANA-PC: '),(963,3,8,'2024-05-31 14:44:08','for user \"clark\" at LAXAMANA-PC: '),(964,3,10,'2024-05-31 14:44:10','for user \"clark\" at LAXAMANA-PC: viewed account details of \"mocksiest\"'),(965,3,10,'2024-05-31 14:44:22','for user \"clark\" at LAXAMANA-PC: viewed account details of \"clark\"'),(966,3,10,'2024-05-31 14:44:26','for user \"clark\" at LAXAMANA-PC: viewed account details of \"mocksiest\"'),(967,3,10,'2024-05-31 14:45:05','for user \"clark\" at LAXAMANA-PC: viewed account details of \"clark\"'),(968,3,2,'2024-05-31 14:56:09','for user \"clark\" at LAXAMANA-PC: '),(969,3,8,'2024-05-31 14:56:16','for user \"clark\" at LAXAMANA-PC: '),(970,3,10,'2024-05-31 14:56:19','for user \"clark\" at LAXAMANA-PC: viewed account details of \"mocksiest\"'),(971,3,2,'2024-05-31 15:01:23','for user \"clark\" at LAXAMANA-PC: '),(972,3,8,'2024-05-31 15:01:31','for user \"clark\" at LAXAMANA-PC: '),(973,3,10,'2024-05-31 15:01:33','for user \"clark\" at LAXAMANA-PC: viewed account details of \"mocksiest\"'),(974,3,10,'2024-05-31 15:01:49','for user \"clark\" at LAXAMANA-PC: viewed account details of \"mocksiest\"'),(975,3,10,'2024-05-31 15:01:52','for user \"clark\" at LAXAMANA-PC: viewed account details of \"mocksiest\"'),(976,3,2,'2024-05-31 15:03:01','for user \"clark\" at LAXAMANA-PC: '),(977,3,8,'2024-05-31 15:03:08','for user \"clark\" at LAXAMANA-PC: '),(978,3,10,'2024-05-31 15:03:10','for user \"clark\" at LAXAMANA-PC: viewed account details of \"mocksiest\"'),(979,3,10,'2024-05-31 15:03:13','for user \"clark\" at LAXAMANA-PC: viewed account details of \"clark\"'),(980,1,1,'2024-05-31 15:03:30','for user \"clark\" at LAXAMANA-PC: '),(981,3,2,'2024-05-31 15:03:36','for user \"clark\" at LAXAMANA-PC: '),(982,3,8,'2024-05-31 15:03:43','for user \"clark\" at LAXAMANA-PC: '),(983,3,10,'2024-05-31 15:03:45','for user \"clark\" at LAXAMANA-PC: viewed account details of \"mocksiest\"'),(984,3,10,'2024-05-31 15:03:47','for user \"clark\" at LAXAMANA-PC: viewed account details of \"clark\"'),(985,3,2,'2024-05-31 16:26:25','for user \"clark\" at LAXAMANA-PC: '),(986,3,8,'2024-05-31 16:26:32','for user \"clark\" at LAXAMANA-PC: '),(987,3,10,'2024-05-31 16:26:35','for user \"clark\" at LAXAMANA-PC: viewed account details of \"mocksiest\"'),(988,3,10,'2024-05-31 16:27:05','for user \"clark\" at LAXAMANA-PC: viewed account details of \"clark\"'),(989,3,10,'2024-05-31 16:27:08','for user \"clark\" at LAXAMANA-PC: viewed account details of \"mocksiest\"'),(990,3,2,'2024-05-31 16:27:24','for user \"clark\" at LAXAMANA-PC: '),(991,3,8,'2024-05-31 16:27:47','for user \"clark\" at LAXAMANA-PC: '),(992,3,10,'2024-05-31 16:28:04','for user \"clark\" at LAXAMANA-PC: viewed account details of \"mocksiest\"'),(993,3,2,'2024-05-31 16:29:57','for user \"clark\" at LAXAMANA-PC: '),(994,3,8,'2024-05-31 16:30:04','for user \"clark\" at LAXAMANA-PC: '),(995,3,10,'2024-05-31 16:30:06','for user \"clark\" at LAXAMANA-PC: viewed account details of \"mocksiest\"'),(996,3,10,'2024-05-31 16:30:15','for user \"clark\" at LAXAMANA-PC: viewed account details of \"clark\"'),(997,3,10,'2024-05-31 16:30:18','for user \"clark\" at LAXAMANA-PC: viewed account details of \"mocksiest\"'),(998,3,10,'2024-05-31 16:30:24','for user \"clark\" at LAXAMANA-PC: viewed account details of \"mocksiest\"'),(999,3,10,'2024-05-31 16:30:40','for user \"clark\" at LAXAMANA-PC: viewed account details of \"mocksiest\"'),(1000,3,2,'2024-05-31 16:32:52','for user \"clark\" at LAXAMANA-PC: '),(1001,3,8,'2024-05-31 16:32:58','for user \"clark\" at LAXAMANA-PC: '),(1002,3,10,'2024-05-31 16:33:00','for user \"clark\" at LAXAMANA-PC: viewed account details of \"mocksiest\"'),(1003,3,2,'2024-05-31 16:34:14','for user \"clark\" at LAXAMANA-PC: '),(1004,3,8,'2024-05-31 16:34:21','for user \"clark\" at LAXAMANA-PC: '),(1005,3,10,'2024-05-31 16:34:23','for user \"clark\" at LAXAMANA-PC: viewed account details of \"mocksiest\"'),(1006,3,2,'2024-05-31 16:34:55','for user \"clark\" at LAXAMANA-PC: '),(1007,3,8,'2024-05-31 16:35:03','for user \"clark\" at LAXAMANA-PC: '),(1008,3,10,'2024-05-31 16:35:04','for user \"clark\" at LAXAMANA-PC: viewed account details of \"mocksiest\"'),(1009,3,2,'2024-05-31 16:35:49','for user \"clark\" at LAXAMANA-PC: '),(1010,3,8,'2024-05-31 16:35:57','for user \"clark\" at LAXAMANA-PC: '),(1011,3,10,'2024-05-31 16:35:59','for user \"clark\" at LAXAMANA-PC: viewed account details of \"mocksiest\"'),(1012,3,10,'2024-05-31 16:36:03','for user \"clark\" at LAXAMANA-PC: viewed account details of \"clark\"'),(1013,3,2,'2024-05-31 16:37:42','for user \"clark\" at LAXAMANA-PC: '),(1014,3,8,'2024-05-31 16:37:49','for user \"clark\" at LAXAMANA-PC: '),(1015,3,10,'2024-05-31 16:37:51','for user \"clark\" at LAXAMANA-PC: viewed account details of \"mocksiest\"'),(1016,3,10,'2024-05-31 16:37:54','for user \"clark\" at LAXAMANA-PC: viewed account details of \"clark\"'),(1017,3,2,'2024-05-31 16:38:45','for user \"clark\" at LAXAMANA-PC: '),(1018,3,8,'2024-05-31 16:38:53','for user \"clark\" at LAXAMANA-PC: '),(1019,3,10,'2024-05-31 16:38:56','for user \"clark\" at LAXAMANA-PC: viewed account details of \"mocksiest\"'),(1020,3,2,'2024-05-31 16:40:09','for user \"clark\" at LAXAMANA-PC: '),(1021,3,8,'2024-05-31 16:40:16','for user \"clark\" at LAXAMANA-PC: '),(1022,3,10,'2024-05-31 16:40:19','for user \"clark\" at LAXAMANA-PC: viewed account details of \"mocksiest\"'),(1023,3,2,'2024-05-31 16:42:19','for user \"clark\" at LAXAMANA-PC: '),(1024,3,8,'2024-05-31 16:42:26','for user \"clark\" at LAXAMANA-PC: '),(1025,3,10,'2024-05-31 16:42:28','for user \"clark\" at LAXAMANA-PC: viewed account details of \"mocksiest\"'),(1026,3,2,'2024-05-31 16:45:38','for user \"clark\" at LAXAMANA-PC: '),(1027,3,8,'2024-05-31 16:45:48','for user \"clark\" at LAXAMANA-PC: '),(1028,3,10,'2024-05-31 16:45:50','for user \"clark\" at LAXAMANA-PC: viewed account details of \"mocksiest\"'),(1029,3,10,'2024-05-31 16:45:54','for user \"clark\" at LAXAMANA-PC: viewed account details of \"clark\"'),(1030,3,10,'2024-05-31 16:46:01','for user \"clark\" at LAXAMANA-PC: viewed account details of \"mocksiest\"'),(1031,2,2,'2024-05-31 17:21:53','for user \"mocksiest\" at LAXAMANA-PC: '),(1032,3,2,'2024-05-31 17:30:53','for user \"clark\" at LAXAMANA-PC: '),(1033,3,8,'2024-05-31 17:30:59','for user \"clark\" at LAXAMANA-PC: '),(1034,3,2,'2024-05-31 17:32:00','for user \"clark\" at LAXAMANA-PC: '),(1035,3,8,'2024-05-31 17:32:07','for user \"clark\" at LAXAMANA-PC: '),(1036,3,2,'2024-05-31 17:39:21','for user \"clark\" at LAXAMANA-PC: '),(1037,3,8,'2024-05-31 17:39:31','for user \"clark\" at LAXAMANA-PC: '),(1038,3,2,'2024-05-31 17:40:11','for user \"clark\" at LAXAMANA-PC: '),(1039,3,8,'2024-05-31 17:40:18','for user \"clark\" at LAXAMANA-PC: '),(1040,3,10,'2024-05-31 17:40:23','for user \"clark\" at LAXAMANA-PC: viewed account details of \"mocksiest\"'),(1041,3,10,'2024-05-31 17:40:29','for user \"clark\" at LAXAMANA-PC: viewed account details of \"clark\"'),(1042,3,10,'2024-05-31 17:40:32','for user \"clark\" at LAXAMANA-PC: viewed account details of \"mocksiest\"'),(1043,3,10,'2024-05-31 17:40:34','for user \"clark\" at LAXAMANA-PC: viewed account details of \"clark\"'),(1044,3,10,'2024-05-31 17:40:48','for user \"clark\" at LAXAMANA-PC: viewed account details of \"clark\"'),(1045,1,7,'2024-05-31 17:40:53','for user \"clark\" at LAXAMANA-PC: updated account details of user \"clark\"'),(1046,3,10,'2024-05-31 17:41:04','for user \"clark\" at LAXAMANA-PC: viewed account details of \"clark\"'),(1047,3,10,'2024-05-31 17:41:38','for user \"clark\" at LAXAMANA-PC: viewed account details of \"mocksiest\"'),(1048,3,2,'2024-05-31 17:42:31','for user \"clark\" at LAXAMANA-PC: '),(1049,3,8,'2024-05-31 17:42:46','for user \"clark\" at LAXAMANA-PC: '),(1050,3,10,'2024-05-31 17:42:51','for user \"clark\" at LAXAMANA-PC: viewed account details of \"mocksiest\"'),(1051,3,2,'2024-05-31 18:17:07','for user \"clark\" at LAXAMANA-PC: '),(1052,3,8,'2024-05-31 18:17:17','for user \"clark\" at LAXAMANA-PC: '),(1053,3,10,'2024-05-31 18:17:21','for user \"clark\" at LAXAMANA-PC: viewed account details of \"mocksiest\"'),(1054,1,7,'2024-05-31 18:18:15','for user \"clark\" at LAXAMANA-PC: updated account details of user \"mocksiest\"'),(1055,3,10,'2024-05-31 18:19:00','for user \"clark\" at LAXAMANA-PC: viewed account details of \"mocksiest\"'),(1056,1,7,'2024-05-31 18:19:02','for user \"clark\" at LAXAMANA-PC: updated account details of user \"mocksiest\"'),(1057,1,7,'2024-05-31 18:19:32','for user \"clark\" at LAXAMANA-PC: updated account details of user \"mocksiest\"'),(1058,3,2,'2024-05-31 18:20:30','for user \"clark\" at LAXAMANA-PC: '),(1059,3,8,'2024-05-31 18:20:40','for user \"clark\" at LAXAMANA-PC: '),(1060,3,10,'2024-05-31 18:20:44','for user \"clark\" at LAXAMANA-PC: viewed account details of \"mocksiest\"'),(1061,3,2,'2024-05-31 18:21:45','for user \"clark\" at LAXAMANA-PC: '),(1062,3,8,'2024-05-31 18:21:52','for user \"clark\" at LAXAMANA-PC: '),(1063,3,10,'2024-05-31 18:21:55','for user \"clark\" at LAXAMANA-PC: viewed account details of \"mocksiest\"'),(1064,3,10,'2024-05-31 18:22:22','for user \"clark\" at LAXAMANA-PC: viewed account details of \"mocksiest\"'),(1065,1,7,'2024-05-31 18:22:23','for user \"clark\" at LAXAMANA-PC: updated account details of user \"mocksiest\"'),(1066,3,2,'2024-05-31 18:24:09','for user \"clark\" at LAXAMANA-PC: '),(1067,3,8,'2024-05-31 18:24:20','for user \"clark\" at LAXAMANA-PC: '),(1068,3,10,'2024-05-31 18:24:34','for user \"clark\" at LAXAMANA-PC: viewed account details of \"mocksiest\"'),(1069,1,7,'2024-05-31 18:24:39','for user \"clark\" at LAXAMANA-PC: updated account details of user \"mocksiest\"'),(1070,3,10,'2024-05-31 18:25:55','for user \"clark\" at LAXAMANA-PC: viewed account details of \"mocksiest\"'),(1071,3,2,'2024-05-31 18:27:06','for user \"clark\" at LAXAMANA-PC: '),(1072,3,8,'2024-05-31 18:27:13','for user \"clark\" at LAXAMANA-PC: '),(1073,3,10,'2024-05-31 18:27:46','for user \"clark\" at LAXAMANA-PC: viewed account details of \"mocksiest\"'),(1074,1,7,'2024-05-31 18:27:48','for user \"clark\" at LAXAMANA-PC: updated account details of user \"mocksiest\"'),(1075,3,2,'2024-05-31 18:29:07','for user \"clark\" at LAXAMANA-PC: '),(1076,3,8,'2024-05-31 18:29:36','for user \"clark\" at LAXAMANA-PC: '),(1077,3,10,'2024-05-31 18:29:42','for user \"clark\" at LAXAMANA-PC: viewed account details of \"mocksiest\"'),(1078,3,10,'2024-05-31 18:30:06','for user \"clark\" at LAXAMANA-PC: viewed account details of \"mocksiest\"'),(1079,1,7,'2024-05-31 18:30:06','for user \"clark\" at LAXAMANA-PC: updated account details of user \"mocksiest\"'),(1080,3,2,'2024-05-31 18:31:13','for user \"clark\" at LAXAMANA-PC: '),(1081,3,8,'2024-05-31 18:31:21','for user \"clark\" at LAXAMANA-PC: '),(1082,3,10,'2024-05-31 18:32:40','for user \"clark\" at LAXAMANA-PC: viewed account details of \"mocksiest\"'),(1083,3,2,'2024-05-31 18:33:18','for user \"clark\" at LAXAMANA-PC: '),(1084,3,8,'2024-05-31 18:33:35','for user \"clark\" at LAXAMANA-PC: '),(1085,3,10,'2024-05-31 18:33:38','for user \"clark\" at LAXAMANA-PC: viewed account details of \"mocksiest\"'),(1086,1,7,'2024-05-31 18:33:38','for user \"clark\" at LAXAMANA-PC: updated account details of user \"mocksiest\"'),(1087,3,2,'2024-05-31 18:35:35','for user \"clark\" at LAXAMANA-PC: '),(1088,3,8,'2024-05-31 18:35:43','for user \"clark\" at LAXAMANA-PC: '),(1089,3,10,'2024-05-31 18:35:45','for user \"clark\" at LAXAMANA-PC: viewed account details of \"mocksiest\"'),(1090,1,7,'2024-05-31 18:35:51','for user \"clark\" at LAXAMANA-PC: updated account details of user \"mocksiest\"'),(1091,3,10,'2024-05-31 18:36:10','for user \"clark\" at LAXAMANA-PC: viewed account details of \"mocksiest\"'),(1092,3,2,'2024-05-31 18:37:58','for user \"clark\" at LAXAMANA-PC: '),(1093,3,8,'2024-05-31 18:38:06','for user \"clark\" at LAXAMANA-PC: '),(1094,3,10,'2024-05-31 18:38:26','for user \"clark\" at LAXAMANA-PC: viewed account details of \"mocksiest\"'),(1095,1,7,'2024-05-31 18:38:27','for user \"clark\" at LAXAMANA-PC: updated account details of user \"mocksiest\"'),(1096,3,10,'2024-05-31 18:38:34','for user \"clark\" at LAXAMANA-PC: viewed account details of \"mocksiest\"'),(1097,1,1,'2024-05-31 18:40:39','for user \"\" at LAXAMANA-PC: '),(1098,3,2,'2024-05-31 18:40:45','for user \"clark\" at LAXAMANA-PC: '),(1099,3,8,'2024-05-31 18:40:53','for user \"clark\" at LAXAMANA-PC: '),(1100,3,10,'2024-05-31 18:41:16','for user \"clark\" at LAXAMANA-PC: viewed account details of \"mocksiest\"'),(1101,1,7,'2024-05-31 18:41:17','for user \"clark\" at LAXAMANA-PC: updated account details of user \"mocksiest\"'),(1102,3,10,'2024-05-31 18:41:57','for user \"clark\" at LAXAMANA-PC: viewed account details of \"mocksiest\"'),(1103,1,7,'2024-05-31 18:42:02','for user \"clark\" at LAXAMANA-PC: updated account details of user \"mocksiest\"'),(1104,3,2,'2024-05-31 18:43:16','for user \"clark\" at LAXAMANA-PC: '),(1105,3,8,'2024-05-31 18:43:46','for user \"clark\" at LAXAMANA-PC: '),(1106,3,10,'2024-05-31 18:43:59','for user \"clark\" at LAXAMANA-PC: viewed account details of \"mocksiest\"'),(1107,1,7,'2024-05-31 18:44:00','for user \"clark\" at LAXAMANA-PC: updated account details of user \"mocksiest\"'),(1108,3,2,'2024-05-31 18:44:48','for user \"clark\" at LAXAMANA-PC: '),(1109,3,8,'2024-05-31 18:44:56','for user \"clark\" at LAXAMANA-PC: '),(1110,3,10,'2024-05-31 18:44:59','for user \"clark\" at LAXAMANA-PC: viewed account details of \"mocksiest\"'),(1111,1,7,'2024-05-31 18:45:01','for user \"clark\" at LAXAMANA-PC: updated account details of user \"mocksiest\"'),(1112,3,2,'2024-05-31 18:45:48','for user \"clark\" at LAXAMANA-PC: '),(1113,3,8,'2024-05-31 18:45:55','for user \"clark\" at LAXAMANA-PC: '),(1114,3,10,'2024-05-31 18:45:57','for user \"clark\" at LAXAMANA-PC: viewed account details of \"mocksiest\"'),(1115,3,10,'2024-05-31 18:46:15','for user \"clark\" at LAXAMANA-PC: viewed account details of \"mocksiest\"'),(1116,3,10,'2024-05-31 18:46:21','for user \"clark\" at LAXAMANA-PC: viewed account details of \"mocksiest\"'),(1117,3,10,'2024-05-31 18:46:32','for user \"clark\" at LAXAMANA-PC: viewed account details of \"mocksiest\"'),(1118,3,10,'2024-05-31 18:46:59','for user \"clark\" at LAXAMANA-PC: viewed account details of \"mocksiest\"'),(1119,3,10,'2024-05-31 18:47:27','for user \"clark\" at LAXAMANA-PC: viewed account details of \"mocksiest\"'),(1120,3,2,'2024-05-31 18:49:37','for user \"clark\" at LAXAMANA-PC: '),(1121,3,8,'2024-05-31 18:49:45','for user \"clark\" at LAXAMANA-PC: '),(1122,3,10,'2024-05-31 18:49:49','for user \"clark\" at LAXAMANA-PC: viewed account details of \"mocksiest\"'),(1123,3,10,'2024-05-31 18:50:06','for user \"clark\" at LAXAMANA-PC: viewed account details of \"clark\"'),(1124,3,10,'2024-05-31 18:50:13','for user \"clark\" at LAXAMANA-PC: viewed account details of \"mocksiest\"'),(1125,3,10,'2024-05-31 18:50:16','for user \"clark\" at LAXAMANA-PC: viewed account details of \"mocksiest\"'),(1126,3,2,'2024-05-31 18:50:54','for user \"clark\" at LAXAMANA-PC: '),(1127,3,8,'2024-05-31 18:51:03','for user \"clark\" at LAXAMANA-PC: '),(1128,3,10,'2024-05-31 18:51:05','for user \"clark\" at LAXAMANA-PC: viewed account details of \"mocksiest\"'),(1129,1,7,'2024-05-31 18:51:06','for user \"clark\" at LAXAMANA-PC: updated account details of user \"mocksiest\"'),(1130,3,2,'2024-05-31 18:51:29','for user \"clark\" at LAXAMANA-PC: '),(1131,3,8,'2024-05-31 18:51:36','for user \"clark\" at LAXAMANA-PC: '),(1132,3,10,'2024-05-31 18:51:49','for user \"clark\" at LAXAMANA-PC: viewed account details of \"mocksiest\"'),(1133,1,7,'2024-05-31 18:51:50','for user \"clark\" at LAXAMANA-PC: updated account details of user \"mocksiest\"'),(1134,3,10,'2024-05-31 18:51:56','for user \"clark\" at LAXAMANA-PC: viewed account details of \"mocksiest\"'),(1135,3,2,'2024-05-31 18:56:07','for user \"clark\" at LAXAMANA-PC: '),(1136,3,8,'2024-05-31 18:56:16','for user \"clark\" at LAXAMANA-PC: '),(1137,3,10,'2024-05-31 18:56:37','for user \"clark\" at LAXAMANA-PC: viewed account details of \"mocksiest\"'),(1138,1,7,'2024-05-31 18:56:38','for user \"clark\" at LAXAMANA-PC: updated account details of user \"mocksiest\"'),(1139,3,2,'2024-05-31 19:05:40','for user \"clark\" at LAXAMANA-PC: '),(1140,3,8,'2024-05-31 19:06:04','for user \"clark\" at LAXAMANA-PC: '),(1141,3,10,'2024-05-31 19:06:06','for user \"clark\" at LAXAMANA-PC: viewed account details of \"mocksiest\"'),(1142,1,7,'2024-05-31 19:06:07','for user \"clark\" at LAXAMANA-PC: updated account details of user \"mocksiest\"'),(1143,3,9,'2024-05-31 19:06:14','for user \"clark\" at LAXAMANA-PC: '),(1144,3,2,'2024-06-03 08:10:24','for user \"clark\" at LAPTOP-NKRJ7O6L: '),(1145,3,8,'2024-06-03 08:10:37','for user \"clark\" at LAPTOP-NKRJ7O6L: '),(1146,3,10,'2024-06-03 08:10:41','for user \"clark\" at LAPTOP-NKRJ7O6L: viewed account details of \"mocksiest\"'),(1147,3,10,'2024-06-03 08:10:49','for user \"clark\" at LAPTOP-NKRJ7O6L: viewed account details of \"clark\"'),(1148,3,10,'2024-06-03 08:10:53','for user \"clark\" at LAPTOP-NKRJ7O6L: viewed account details of \"mocksiest\"'),(1149,3,10,'2024-06-03 08:11:10','for user \"clark\" at LAPTOP-NKRJ7O6L: viewed account details of \"clark\"'),(1150,3,10,'2024-06-03 08:12:31','for user \"clark\" at LAPTOP-NKRJ7O6L: viewed account details of \"mocksiest\"'),(1151,1,7,'2024-06-03 08:12:48','for user \"clark\" at LAPTOP-NKRJ7O6L: updated account details of user \"mocksiest\"'),(1152,3,10,'2024-06-03 08:15:28','for user \"clark\" at LAPTOP-NKRJ7O6L: viewed account details of \"mocksiest\"'),(1153,3,2,'2024-06-03 09:18:09','for user \"clark\" at LAPTOP-NKRJ7O6L: '),(1154,3,8,'2024-06-03 09:18:25','for user \"clark\" at LAPTOP-NKRJ7O6L: '),(1155,3,9,'2024-06-03 09:19:37','for user \"clark\" at LAPTOP-NKRJ7O6L: '),(1156,3,2,'2024-06-03 09:19:44','for user \"clark\" at LAPTOP-NKRJ7O6L: '),(1157,3,8,'2024-06-03 09:19:54','for user \"clark\" at LAPTOP-NKRJ7O6L: '),(1158,3,2,'2024-06-03 09:21:49','for user \"clark\" at LAPTOP-NKRJ7O6L: '),(1159,3,8,'2024-06-03 09:22:00','for user \"clark\" at LAPTOP-NKRJ7O6L: '),(1160,1,1,'2024-06-03 09:23:16','for user \"clark\" at LAPTOP-NKRJ7O6L: '),(1161,3,2,'2024-06-03 09:23:22','for user \"clark\" at LAPTOP-NKRJ7O6L: '),(1162,3,2,'2024-06-03 09:23:46','for user \"clark\" at LAPTOP-NKRJ7O6L: '),(1163,3,8,'2024-06-03 09:24:03','for user \"clark\" at LAPTOP-NKRJ7O6L: '),(1164,3,2,'2024-06-03 09:25:19','for user \"clark\" at LAPTOP-NKRJ7O6L: '),(1165,3,8,'2024-06-03 09:25:26','for user \"clark\" at LAPTOP-NKRJ7O6L: '),(1166,3,2,'2024-06-03 09:26:40','for user \"clark\" at LAPTOP-NKRJ7O6L: '),(1167,3,8,'2024-06-03 09:26:46','for user \"clark\" at LAPTOP-NKRJ7O6L: '),(1168,3,2,'2024-06-03 09:28:13','for user \"clark\" at LAPTOP-NKRJ7O6L: '),(1169,3,8,'2024-06-03 09:28:39','for user \"clark\" at LAPTOP-NKRJ7O6L: '),(1170,3,2,'2024-06-03 09:50:30','for user \"clark\" at LAPTOP-NKRJ7O6L: '),(1171,3,8,'2024-06-03 09:50:45','for user \"clark\" at LAPTOP-NKRJ7O6L: '),(1172,3,10,'2024-06-03 09:50:50','for user \"clark\" at LAPTOP-NKRJ7O6L: viewed account details of \"mocksiest\"'),(1173,1,7,'2024-06-03 09:50:51','for user \"clark\" at LAPTOP-NKRJ7O6L: updated account details of user \"mocksiest\"'),(1174,3,2,'2024-06-03 09:53:47','for user \"clark\" at LAPTOP-NKRJ7O6L: '),(1175,3,8,'2024-06-03 09:53:57','for user \"clark\" at LAPTOP-NKRJ7O6L: '),(1176,3,2,'2024-06-03 09:54:21','for user \"clark\" at LAPTOP-NKRJ7O6L: '),(1177,3,8,'2024-06-03 09:54:30','for user \"clark\" at LAPTOP-NKRJ7O6L: '),(1178,3,10,'2024-06-03 09:54:34','for user \"clark\" at LAPTOP-NKRJ7O6L: viewed account details of \"mocksiest\"'),(1179,1,7,'2024-06-03 09:54:36','for user \"clark\" at LAPTOP-NKRJ7O6L: updated account details of user \"mocksiest\"'),(1180,3,2,'2024-06-03 09:56:41','for user \"clark\" at LAPTOP-NKRJ7O6L: '),(1181,3,8,'2024-06-03 09:56:56','for user \"clark\" at LAPTOP-NKRJ7O6L: '),(1182,3,10,'2024-06-03 09:57:01','for user \"clark\" at LAPTOP-NKRJ7O6L: viewed account details of \"mocksiest\"'),(1183,1,7,'2024-06-03 09:57:03','for user \"clark\" at LAPTOP-NKRJ7O6L: updated account details of user \"mocksiest\"'),(1184,3,2,'2024-06-03 10:04:10','for user \"clark\" at LAPTOP-NKRJ7O6L: '),(1185,3,8,'2024-06-03 10:04:20','for user \"clark\" at LAPTOP-NKRJ7O6L: '),(1186,3,2,'2024-06-03 10:04:42','for user \"clark\" at LAPTOP-NKRJ7O6L: '),(1187,3,8,'2024-06-03 10:04:53','for user \"clark\" at LAPTOP-NKRJ7O6L: '),(1188,3,10,'2024-06-03 10:05:23','for user \"clark\" at LAPTOP-NKRJ7O6L: viewed account details of \"mocksiest\"'),(1189,1,7,'2024-06-03 10:05:26','for user \"clark\" at LAPTOP-NKRJ7O6L: updated account details of user \"mocksiest\"'),(1190,3,2,'2024-06-03 10:08:17','for user \"clark\" at LAPTOP-NKRJ7O6L: '),(1191,3,8,'2024-06-03 10:08:34','for user \"clark\" at LAPTOP-NKRJ7O6L: '),(1192,1,1,'2024-06-03 10:09:23','for user \"clark\" at LAPTOP-NKRJ7O6L: '),(1193,3,2,'2024-06-03 10:09:27','for user \"clark\" at LAPTOP-NKRJ7O6L: '),(1194,3,8,'2024-06-03 10:09:35','for user \"clark\" at LAPTOP-NKRJ7O6L: '),(1195,3,10,'2024-06-03 10:09:40','for user \"clark\" at LAPTOP-NKRJ7O6L: viewed account details of \"mocksiest\"'),(1196,3,10,'2024-06-03 10:10:02','for user \"clark\" at LAPTOP-NKRJ7O6L: viewed account details of \"mocksiest\"'),(1197,1,7,'2024-06-03 10:10:03','for user \"clark\" at LAPTOP-NKRJ7O6L: updated account details of user \"mocksiest\"'),(1198,3,2,'2024-06-03 10:11:52','for user \"clark\" at LAPTOP-NKRJ7O6L: '),(1199,3,8,'2024-06-03 10:12:01','for user \"clark\" at LAPTOP-NKRJ7O6L: '),(1200,3,2,'2024-06-03 10:13:04','for user \"clark\" at LAPTOP-NKRJ7O6L: '),(1201,3,8,'2024-06-03 10:13:13','for user \"clark\" at LAPTOP-NKRJ7O6L: '),(1202,3,2,'2024-06-03 10:15:34','for user \"clark\" at LAPTOP-NKRJ7O6L: '),(1203,3,8,'2024-06-03 10:15:45','for user \"clark\" at LAPTOP-NKRJ7O6L: '),(1204,3,10,'2024-06-03 10:15:51','for user \"clark\" at LAPTOP-NKRJ7O6L: viewed account details of \"mocksiest\"'),(1205,3,10,'2024-06-03 10:16:20','for user \"clark\" at LAPTOP-NKRJ7O6L: viewed account details of \"mocksiest\"'),(1206,1,7,'2024-06-03 10:16:22','for user \"clark\" at LAPTOP-NKRJ7O6L: updated account details of user \"mocksiest\"'),(1207,3,2,'2024-06-03 10:17:18','for user \"clark\" at LAPTOP-NKRJ7O6L: '),(1208,3,8,'2024-06-03 10:17:26','for user \"clark\" at LAPTOP-NKRJ7O6L: '),(1209,3,2,'2024-06-03 10:17:54','for user \"clark\" at LAPTOP-NKRJ7O6L: '),(1210,3,8,'2024-06-03 10:18:04','for user \"clark\" at LAPTOP-NKRJ7O6L: '),(1211,3,10,'2024-06-03 10:18:21','for user \"clark\" at LAPTOP-NKRJ7O6L: viewed account details of \"mocksiest\"'),(1212,1,7,'2024-06-03 10:18:23','for user \"clark\" at LAPTOP-NKRJ7O6L: updated account details of user \"mocksiest\"'),(1213,3,2,'2024-06-03 10:19:16','for user \"clark\" at LAPTOP-NKRJ7O6L: '),(1214,3,8,'2024-06-03 10:19:25','for user \"clark\" at LAPTOP-NKRJ7O6L: '),(1215,3,2,'2024-06-03 10:20:49','for user \"clark\" at LAPTOP-NKRJ7O6L: '),(1216,3,8,'2024-06-03 10:21:11','for user \"clark\" at LAPTOP-NKRJ7O6L: '),(1217,1,1,'2024-06-03 10:22:11','for user \"clark\" at LAPTOP-NKRJ7O6L: '),(1218,3,2,'2024-06-03 10:22:15','for user \"clark\" at LAPTOP-NKRJ7O6L: '),(1219,3,8,'2024-06-03 10:22:23','for user \"clark\" at LAPTOP-NKRJ7O6L: '),(1220,3,2,'2024-06-03 10:22:54','for user \"clark\" at LAPTOP-NKRJ7O6L: '),(1221,3,8,'2024-06-03 10:23:06','for user \"clark\" at LAPTOP-NKRJ7O6L: '),(1222,3,10,'2024-06-03 10:23:26','for user \"clark\" at LAPTOP-NKRJ7O6L: viewed account details of \"mocksiest\"'),(1223,3,2,'2024-06-03 10:25:28','for user \"clark\" at LAPTOP-NKRJ7O6L: '),(1224,3,8,'2024-06-03 10:25:40','for user \"clark\" at LAPTOP-NKRJ7O6L: '),(1225,3,10,'2024-06-03 10:26:09','for user \"clark\" at LAPTOP-NKRJ7O6L: viewed account details of \"mocksiest\"'),(1226,1,7,'2024-06-03 10:26:11','for user \"clark\" at LAPTOP-NKRJ7O6L: updated account details of user \"mocksiest\"'),(1227,3,2,'2024-06-03 10:33:16','for user \"clark\" at LAPTOP-NKRJ7O6L: '),(1228,3,8,'2024-06-03 10:33:37','for user \"clark\" at LAPTOP-NKRJ7O6L: '),(1229,1,1,'2024-06-03 10:37:34','for user \"clark\" at LAPTOP-NKRJ7O6L: '),(1230,3,2,'2024-06-03 10:37:41','for user \"clark\" at LAPTOP-NKRJ7O6L: '),(1231,3,8,'2024-06-03 10:37:53','for user \"clark\" at LAPTOP-NKRJ7O6L: '),(1232,3,10,'2024-06-03 10:38:03','for user \"clark\" at LAPTOP-NKRJ7O6L: viewed account details of \"mocksiest\"'),(1233,1,7,'2024-06-03 10:38:05','for user \"clark\" at LAPTOP-NKRJ7O6L: updated account details of user \"mocksiest\"'),(1234,3,2,'2024-06-03 10:42:08','for user \"clark\" at LAPTOP-NKRJ7O6L: '),(1235,3,8,'2024-06-03 10:42:20','for user \"clark\" at LAPTOP-NKRJ7O6L: '),(1236,3,10,'2024-06-03 10:42:43','for user \"clark\" at LAPTOP-NKRJ7O6L: viewed account details of \"mocksiest\"'),(1237,1,7,'2024-06-03 10:42:45','for user \"clark\" at LAPTOP-NKRJ7O6L: updated account details of user \"mocksiest\"'),(1238,3,2,'2024-06-03 10:44:40','for user \"clark\" at LAPTOP-NKRJ7O6L: '),(1239,3,8,'2024-06-03 10:44:51','for user \"clark\" at LAPTOP-NKRJ7O6L: '),(1240,3,2,'2024-06-03 10:45:31','for user \"clark\" at LAPTOP-NKRJ7O6L: '),(1241,3,8,'2024-06-03 10:45:43','for user \"clark\" at LAPTOP-NKRJ7O6L: '),(1242,3,10,'2024-06-03 10:45:45','for user \"clark\" at LAPTOP-NKRJ7O6L: viewed account details of \"mocksiest\"'),(1243,1,7,'2024-06-03 10:45:47','for user \"clark\" at LAPTOP-NKRJ7O6L: updated account details of user \"mocksiest\"'),(1244,3,2,'2024-06-03 10:54:53','for user \"clark\" at LAPTOP-NKRJ7O6L: '),(1245,3,8,'2024-06-03 10:55:04','for user \"clark\" at LAPTOP-NKRJ7O6L: '),(1246,3,2,'2024-06-03 10:56:41','for user \"clark\" at LAPTOP-NKRJ7O6L: '),(1247,3,8,'2024-06-03 10:56:58','for user \"clark\" at LAPTOP-NKRJ7O6L: '),(1248,3,10,'2024-06-03 10:57:16','for user \"clark\" at LAPTOP-NKRJ7O6L: viewed account details of \"mocksiest\"'),(1249,1,7,'2024-06-03 10:57:30','for user \"clark\" at LAPTOP-NKRJ7O6L: updated account details of user \"mocksiest\"'),(1250,3,10,'2024-06-03 10:58:15','for user \"clark\" at LAPTOP-NKRJ7O6L: viewed account details of \"mocksiest\"'),(1251,3,2,'2024-06-03 11:10:49','for user \"clark\" at LAPTOP-NKRJ7O6L: '),(1252,3,8,'2024-06-03 11:11:04','for user \"clark\" at LAPTOP-NKRJ7O6L: '),(1253,3,10,'2024-06-03 11:11:11','for user \"clark\" at LAPTOP-NKRJ7O6L: viewed account details of \"mocksiest\"'),(1254,3,11,'2024-06-03 11:11:13','for user \"clark\" at LAPTOP-NKRJ7O6L: updated account details of user \"mocksiest\"'),(1255,3,10,'2024-06-03 11:11:19','for user \"clark\" at LAPTOP-NKRJ7O6L: viewed account details of \"mocksiest\"'),(1256,3,11,'2024-06-03 11:11:23','for user \"clark\" at LAPTOP-NKRJ7O6L: updated account details of user \"mocksiest\"'),(1257,3,10,'2024-06-03 11:14:50','for user \"clark\" at LAPTOP-NKRJ7O6L: viewed account details of \"mocksiest\"'),(1258,3,11,'2024-06-03 11:14:52','for user \"clark\" at LAPTOP-NKRJ7O6L: updated account details of user \"mocksiest\"'),(1259,3,2,'2024-06-03 11:34:56','for user \"clark\" at LAPTOP-NKRJ7O6L: '),(1260,3,8,'2024-06-03 11:35:07','for user \"clark\" at LAPTOP-NKRJ7O6L: '),(1261,3,10,'2024-06-03 11:35:10','for user \"clark\" at LAPTOP-NKRJ7O6L: viewed account details of \"mocksiest\"'),(1262,3,11,'2024-06-03 11:35:11','for user \"clark\" at LAPTOP-NKRJ7O6L: updated account details of user \"mocksiest\"'),(1263,3,2,'2024-06-03 11:43:02','for user \"clark\" at LAPTOP-NKRJ7O6L: '),(1264,3,8,'2024-06-03 11:43:19','for user \"clark\" at LAPTOP-NKRJ7O6L: '),(1265,3,10,'2024-06-03 11:43:22','for user \"clark\" at LAPTOP-NKRJ7O6L: viewed account details of \"mocksiest\"'),(1266,3,11,'2024-06-03 11:43:23','for user \"clark\" at LAPTOP-NKRJ7O6L: updated account details of user \"mocksiest\"'),(1267,3,2,'2024-06-03 11:49:02','for user \"clark\" at LAPTOP-NKRJ7O6L: '),(1268,3,8,'2024-06-03 11:49:10','for user \"clark\" at LAPTOP-NKRJ7O6L: '),(1269,3,10,'2024-06-03 11:49:13','for user \"clark\" at LAPTOP-NKRJ7O6L: viewed account details of \"mocksiest\"'),(1270,3,11,'2024-06-03 11:49:14','for user \"clark\" at LAPTOP-NKRJ7O6L: updated account details of user \"mocksiest\"'),(1271,3,2,'2024-06-03 11:52:22','for user \"clark\" at LAPTOP-NKRJ7O6L: '),(1272,3,8,'2024-06-03 11:52:31','for user \"clark\" at LAPTOP-NKRJ7O6L: '),(1273,3,10,'2024-06-03 11:52:35','for user \"clark\" at LAPTOP-NKRJ7O6L: viewed account details of \"mocksiest\"'),(1274,3,11,'2024-06-03 11:52:37','for user \"clark\" at LAPTOP-NKRJ7O6L: updated account details of user \"mocksiest\"'),(1275,3,2,'2024-06-03 12:04:52','for user \"clark\" at LAPTOP-NKRJ7O6L: '),(1276,3,8,'2024-06-03 12:05:00','for user \"clark\" at LAPTOP-NKRJ7O6L: '),(1277,3,10,'2024-06-03 12:05:10','for user \"clark\" at LAPTOP-NKRJ7O6L: viewed account details of \"clark\"'),(1278,3,10,'2024-06-03 12:05:18','for user \"clark\" at LAPTOP-NKRJ7O6L: viewed account details of \"clark\"'),(1279,3,10,'2024-06-03 12:05:23','for user \"clark\" at LAPTOP-NKRJ7O6L: viewed account details of \"mocksiest\"'),(1280,3,2,'2024-06-03 12:06:51','for user \"clark\" at LAPTOP-NKRJ7O6L: '),(1281,3,8,'2024-06-03 12:06:58','for user \"clark\" at LAPTOP-NKRJ7O6L: '),(1282,3,10,'2024-06-03 12:07:07','for user \"clark\" at LAPTOP-NKRJ7O6L: viewed account details of \"mocksiest\"'),(1283,3,2,'2024-06-03 12:08:47','for user \"clark\" at LAPTOP-NKRJ7O6L: '),(1284,3,8,'2024-06-03 12:08:58','for user \"clark\" at LAPTOP-NKRJ7O6L: '),(1285,3,10,'2024-06-03 12:09:02','for user \"clark\" at LAPTOP-NKRJ7O6L: viewed account details of \"mocksiest\"'),(1286,1,1,'2024-06-03 12:10:47','for user \"clark\" at LAPTOP-NKRJ7O6L: '),(1287,3,2,'2024-06-03 12:10:50','for user \"clark\" at LAPTOP-NKRJ7O6L: '),(1288,3,8,'2024-06-03 12:10:59','for user \"clark\" at LAPTOP-NKRJ7O6L: '),(1289,3,10,'2024-06-03 12:11:01','for user \"clark\" at LAPTOP-NKRJ7O6L: viewed account details of \"mocksiest\"'),(1290,3,11,'2024-06-03 12:11:02','for user \"clark\" at LAPTOP-NKRJ7O6L: updated account details of user \"mocksiest\"; changed private int models.schemas.User.account_status_id from 2 to 1, '),(1291,1,1,'2024-06-03 12:11:59','for user \"clark\" at LAPTOP-NKRJ7O6L: '),(1292,3,2,'2024-06-03 12:12:02','for user \"clark\" at LAPTOP-NKRJ7O6L: '),(1293,3,8,'2024-06-03 12:12:12','for user \"clark\" at LAPTOP-NKRJ7O6L: '),(1294,3,10,'2024-06-03 12:12:14','for user \"clark\" at LAPTOP-NKRJ7O6L: viewed account details of \"mocksiest\"'),(1295,3,11,'2024-06-03 12:12:16','for user \"clark\" at LAPTOP-NKRJ7O6L: updated account details of user \"mocksiest\"; changed private int models.schemas.User.account_status_id from 1 to 2, '),(1296,3,2,'2024-06-03 12:13:07','for user \"clark\" at LAPTOP-NKRJ7O6L: '),(1297,3,8,'2024-06-03 12:13:19','for user \"clark\" at LAPTOP-NKRJ7O6L: '),(1298,3,10,'2024-06-03 12:13:22','for user \"clark\" at LAPTOP-NKRJ7O6L: viewed account details of \"mocksiest\"'),(1299,3,11,'2024-06-03 12:13:23','for user \"clark\" at LAPTOP-NKRJ7O6L: updated account details of user \"mocksiest\"; changed account_status_id from 2 to 1, '),(1300,3,2,'2024-06-03 16:04:24','for user \"clark\" at LAPTOP-NKRJ7O6L: '),(1301,3,8,'2024-06-03 16:04:42','for user \"clark\" at LAPTOP-NKRJ7O6L: '),(1302,3,10,'2024-06-03 16:08:53','for user \"clark\" at LAPTOP-NKRJ7O6L: viewed account details of \"mocksiest\"'),(1303,3,11,'2024-06-03 16:08:55','for user \"clark\" at LAPTOP-NKRJ7O6L: updated account details of user \"mocksiest\"; changed account status from Enabled to Disabled, '),(1304,3,2,'2024-06-03 16:15:19','for user \"clark\" at LAPTOP-NKRJ7O6L: '),(1305,3,8,'2024-06-03 16:15:30','for user \"clark\" at LAPTOP-NKRJ7O6L: '),(1306,3,10,'2024-06-03 16:18:21','for user \"clark\" at LAPTOP-NKRJ7O6L: viewed account details of \"mocksiest\"'),(1307,3,11,'2024-06-03 16:18:22','for user \"clark\" at LAPTOP-NKRJ7O6L: updated account details of user \"mocksiest\"; changed account status from Disabled to Enabled, '),(1308,3,10,'2024-06-03 16:19:15','for user \"clark\" at LAPTOP-NKRJ7O6L: viewed account details of \"mocksiest\"'),(1309,1,1,'2024-06-03 16:32:38','for user \"clark\" at LAPTOP-NKRJ7O6L: '),(1310,3,2,'2024-06-03 16:32:41','for user \"clark\" at LAPTOP-NKRJ7O6L: '),(1311,3,8,'2024-06-03 16:32:51','for user \"clark\" at LAPTOP-NKRJ7O6L: '),(1312,3,10,'2024-06-03 16:32:54','for user \"clark\" at LAPTOP-NKRJ7O6L: viewed account details of \"mocksiest\"'),(1313,3,11,'2024-06-03 16:32:58','for user \"clark\" at LAPTOP-NKRJ7O6L: updated account details of user \"mocksiest\"; changed account status from Enabled to Disabled, '),(1314,3,10,'2024-06-03 16:33:00','for user \"clark\" at LAPTOP-NKRJ7O6L: viewed account details of \"mocksiest\"'),(1315,3,10,'2024-06-03 16:33:21','for user \"clark\" at LAPTOP-NKRJ7O6L: viewed account details of \"mocksiest\"'),(1316,3,10,'2024-06-03 16:33:45','for user \"clark\" at LAPTOP-NKRJ7O6L: viewed account details of \"mocksiest\"'),(1317,3,10,'2024-06-03 16:33:53','for user \"clark\" at LAPTOP-NKRJ7O6L: viewed account details of \"mocksiest\"'),(1318,3,2,'2024-06-03 16:37:26','for user \"clark\" at LAPTOP-NKRJ7O6L: '),(1319,3,8,'2024-06-03 16:37:37','for user \"clark\" at LAPTOP-NKRJ7O6L: '),(1320,3,10,'2024-06-03 16:37:40','for user \"clark\" at LAPTOP-NKRJ7O6L: viewed account details of \"mocksiest\"'),(1321,3,2,'2024-06-05 08:43:48','for user \"clark\" at LAXAMANA-PC: '),(1322,3,8,'2024-06-05 08:43:57','for user \"clark\" at LAXAMANA-PC: '),(1323,3,10,'2024-06-05 08:44:03','for user \"clark\" at LAXAMANA-PC: viewed account details of \"mocksiest\"'),(1324,3,10,'2024-06-05 08:51:05','for user \"clark\" at LAXAMANA-PC: viewed account details of \"mocksiest\"'),(1325,3,10,'2024-06-05 08:52:08','for user \"clark\" at LAXAMANA-PC: viewed account details of \"mocksiest\"'),(1326,3,11,'2024-06-05 08:52:56','for user \"clark\" at LAXAMANA-PC: updated account details of user \"mocksiest\"; changed level_of_access_id from 3 to 1, changed uname from mocksiest to mox, changed email from junelllaxamana@gmail.com to junjunrantz@gmail.com, changed unique_question_answer from ishy to trisha, changed level_of_access_id_string from Cashier to Admin, '),(1327,3,2,'2024-06-05 08:54:02','for user \"clark\" at LAXAMANA-PC: '),(1328,3,8,'2024-06-05 08:54:16','for user \"clark\" at LAXAMANA-PC: '),(1329,3,10,'2024-06-05 08:54:21','for user \"clark\" at LAXAMANA-PC: viewed account details of \"mocksiest\"'),(1330,3,11,'2024-06-05 08:54:47','for user \"clark\" at LAXAMANA-PC: updated account details of user \"mocksiest\"; changed level_of_access_id from 3 to 1, changed uname from mocksiest to mox, changed email from junelllaxamana@gmail.com to junjunrantz@gmail.com, changed unique_question_answer from ishy to trisha, changed level_of_access_id_string from Cashier to Admin, '),(1331,3,2,'2024-06-05 08:59:21','for user \"clark\" at LAXAMANA-PC: '),(1332,3,8,'2024-06-05 09:03:51','for user \"clark\" at LAXAMANA-PC: '),(1333,3,10,'2024-06-05 09:04:00','for user \"clark\" at LAXAMANA-PC: viewed account details of \"mocksiest\"'),(1334,3,11,'2024-06-05 09:05:11','for user \"clark\" at LAXAMANA-PC: updated account details of user \"mox\"; changed level_of_access_id from 3 to 1, changed uname from mocksiest to mox, changed email from junelllaxamana@gmail.com to junjunrantz@gmail.com, changed unique_question_answer from ishy to trisha, changed level_of_access_id_string from Cashier to Admin, '),(1335,3,2,'2024-06-05 09:11:13','for user \"clark\" at LAXAMANA-PC: '),(1336,3,8,'2024-06-05 09:11:25','for user \"clark\" at LAXAMANA-PC: '),(1337,3,10,'2024-06-05 09:11:29','for user \"clark\" at LAXAMANA-PC: viewed account details of \"mox\"'),(1338,3,11,'2024-06-05 09:11:32','for user \"clark\" at LAXAMANA-PC: updated account details of user \"mox\"; changed account status from Disabled to Enabled, '),(1339,3,10,'2024-06-05 09:11:38','for user \"clark\" at LAXAMANA-PC: viewed account details of \"clark\"'),(1340,3,11,'2024-06-05 09:11:56','for user \"clark\" at LAXAMANA-PC: updated account details of user \"clark\"; changed level_of_access_id from 1 to 3, changed unique_question_id from 2 to 1, changed level_of_access_id_string from Admin to Cashier, '),(1341,3,9,'2024-06-05 09:12:30','for user \"clark\" at LAXAMANA-PC: '),(1342,2,2,'2024-06-05 09:12:44','for user \"mox\" at LAXAMANA-PC: '),(1343,2,8,'2024-06-05 09:12:55','for user \"mox\" at LAXAMANA-PC: '),(1344,2,10,'2024-06-05 09:13:12','for user \"mox\" at LAXAMANA-PC: viewed account details of \"clark\"'),(1345,2,10,'2024-06-05 09:13:19','for user \"mox\" at LAXAMANA-PC: viewed account details of \"clark\"'),(1346,2,10,'2024-06-05 09:13:28','for user \"mox\" at LAXAMANA-PC: viewed account details of \"clark\"'),(1347,2,10,'2024-06-05 09:13:33','for user \"mox\" at LAXAMANA-PC: viewed account details of \"mox\"'),(1348,2,2,'2024-06-05 09:28:54','for user \"mox\" at LAXAMANA-PC: '),(1349,2,8,'2024-06-05 09:29:04','for user \"mox\" at LAXAMANA-PC: '),(1350,2,10,'2024-06-05 09:29:10','for user \"mox\" at LAXAMANA-PC: viewed account details of \"mox\"'),(1351,2,10,'2024-06-05 09:29:18','for user \"mox\" at LAXAMANA-PC: viewed account details of \"clark\"'),(1352,2,10,'2024-06-05 09:29:35','for user \"mox\" at LAXAMANA-PC: viewed account details of \"mox\"'),(1353,2,10,'2024-06-05 09:33:14','for user \"mox\" at LAXAMANA-PC: viewed account details of \"mox\"'),(1354,2,10,'2024-06-05 09:33:19','for user \"mox\" at LAXAMANA-PC: viewed account details of \"clark\"'),(1355,2,10,'2024-06-05 09:33:23','for user \"mox\" at LAXAMANA-PC: viewed account details of \"clark\"'),(1356,2,10,'2024-06-05 09:33:30','for user \"mox\" at LAXAMANA-PC: viewed account details of \"mox\"'),(1357,2,10,'2024-06-05 09:33:59','for user \"mox\" at LAXAMANA-PC: viewed account details of \"clark\"'),(1358,2,10,'2024-06-05 09:36:01','for user \"mox\" at LAXAMANA-PC: viewed account details of \"clark\"'),(1359,1,1,'2024-06-05 09:40:02','for user \"clark\" at LAXAMANA-PC: '),(1360,2,2,'2024-06-05 09:40:22','for user \"mox\" at LAXAMANA-PC: '),(1361,2,8,'2024-06-05 09:40:33','for user \"mox\" at LAXAMANA-PC: '),(1362,2,2,'2024-06-05 09:46:43','for user \"mox\" at LAXAMANA-PC: '),(1363,2,8,'2024-06-05 09:46:52','for user \"mox\" at LAXAMANA-PC: '),(1364,2,10,'2024-06-05 09:47:02','for user \"mox\" at LAXAMANA-PC: viewed account details of \"mox\"'),(1365,2,10,'2024-06-05 09:47:13','for user \"mox\" at LAXAMANA-PC: viewed account details of \"mox\"'),(1366,2,10,'2024-06-05 09:47:18','for user \"mox\" at LAXAMANA-PC: viewed account details of \"clark\"'),(1367,2,10,'2024-06-05 09:47:23','for user \"mox\" at LAXAMANA-PC: viewed account details of \"mox\"'),(1368,2,11,'2024-06-05 09:47:27','for user \"mox\" at LAXAMANA-PC: updated account details of user \"mox\"; changed unique_question_id from 1 to 0, changed uname from mox to moxy, '),(1369,2,10,'2024-06-05 09:48:03','for user \"mox\" at LAXAMANA-PC: viewed account details of \"moxy\"'),(1370,2,10,'2024-06-05 09:48:18','for user \"mox\" at LAXAMANA-PC: viewed account details of \"moxy\"'),(1371,2,10,'2024-06-05 09:49:01','for user \"mox\" at LAXAMANA-PC: viewed account details of \"moxy\"'),(1372,2,10,'2024-06-05 09:53:12','for user \"mox\" at LAXAMANA-PC: viewed account details of \"moxy\"'),(1373,2,9,'2024-06-05 09:53:30','for user \"mox\" at LAXAMANA-PC: '),(1374,2,2,'2024-06-05 09:53:44','for user \"moxy\" at LAXAMANA-PC: '),(1375,2,8,'2024-06-05 09:53:51','for user \"moxy\" at LAXAMANA-PC: '),(1376,2,10,'2024-06-05 09:54:01','for user \"moxy\" at LAXAMANA-PC: viewed account details of \"moxy\"'),(1377,2,10,'2024-06-05 09:54:20','for user \"moxy\" at LAXAMANA-PC: viewed account details of \"clark\"'),(1378,2,10,'2024-06-05 09:54:25','for user \"moxy\" at LAXAMANA-PC: viewed account details of \"moxy\"'),(1379,2,10,'2024-06-05 09:58:00','for user \"moxy\" at LAXAMANA-PC: viewed account details of \"moxy\"'),(1380,2,9,'2024-06-05 09:58:11','for user \"moxy\" at LAXAMANA-PC: '),(1381,2,2,'2024-06-05 09:58:23','for user \"moxy\" at LAXAMANA-PC: '),(1382,2,8,'2024-06-05 09:58:38','for user \"moxy\" at LAXAMANA-PC: '),(1383,2,10,'2024-06-05 09:58:44','for user \"moxy\" at LAXAMANA-PC: viewed account details of \"moxy\"'),(1384,2,10,'2024-06-05 09:58:51','for user \"moxy\" at LAXAMANA-PC: viewed account details of \"clark\"'),(1385,2,10,'2024-06-05 09:58:56','for user \"moxy\" at LAXAMANA-PC: viewed account details of \"moxy\"'),(1386,2,2,'2024-06-05 09:59:35','for user \"moxy\" at LAXAMANA-PC: '),(1387,2,8,'2024-06-05 09:59:44','for user \"moxy\" at LAXAMANA-PC: '),(1388,2,10,'2024-06-05 09:59:48','for user \"moxy\" at LAXAMANA-PC: viewed account details of \"moxy\"'),(1389,2,2,'2024-06-05 10:00:48','for user \"moxy\" at LAXAMANA-PC: '),(1390,2,8,'2024-06-05 10:00:58','for user \"moxy\" at LAXAMANA-PC: '),(1391,2,10,'2024-06-05 10:01:02','for user \"moxy\" at LAXAMANA-PC: viewed account details of \"moxy\"'),(1392,2,10,'2024-06-05 10:01:08','for user \"moxy\" at LAXAMANA-PC: viewed account details of \"clark\"'),(1393,2,11,'2024-06-05 10:01:15','for user \"moxy\" at LAXAMANA-PC: updated account details of user \"clark\"; changed unique_question_id from 1 to 0, changed uname from clark to clarky, '),(1394,2,10,'2024-06-05 10:01:22','for user \"moxy\" at LAXAMANA-PC: viewed account details of \"clarky\"'),(1395,2,10,'2024-06-05 10:11:56','for user \"moxy\" at LAXAMANA-PC: viewed account details of \"moxy\"'),(1396,2,11,'2024-06-05 10:12:10','for user \"moxy\" at LAXAMANA-PC: updated account details of user \"moxy\"; changed unique_question_id from 0 to 1, '),(1397,2,10,'2024-06-05 10:12:21','for user \"moxy\" at LAXAMANA-PC: viewed account details of \"moxy\"'),(1398,2,10,'2024-06-05 10:12:33','for user \"moxy\" at LAXAMANA-PC: viewed account details of \"moxy\"'),(1399,2,11,'2024-06-05 10:12:43','for user \"moxy\" at LAXAMANA-PC: updated account details of user \"moxy\"; changed unique_question_id from 1 to 0, changed uname from moxy to moxyy, '),(1400,1,1,'2024-06-05 10:14:41','for user \"moxy\" at LAXAMANA-PC: '),(1401,2,2,'2024-06-05 10:15:04','for user \"moxyy\" at LAXAMANA-PC: '),(1402,2,8,'2024-06-05 10:15:20','for user \"moxyy\" at LAXAMANA-PC: '),(1403,2,10,'2024-06-05 10:15:28','for user \"moxyy\" at LAXAMANA-PC: viewed account details of \"moxyy\"'),(1404,2,11,'2024-06-05 10:15:39','for user \"moxyy\" at LAXAMANA-PC: updated account details of user \"moxyy\"; changed unique_question_id from 0 to 1, changed uname from moxyy to mox, '),(1405,2,10,'2024-06-05 10:15:50','for user \"moxyy\" at LAXAMANA-PC: viewed account details of \"mox\"'),(1406,2,11,'2024-06-05 10:15:54','for user \"moxyy\" at LAXAMANA-PC: updated account details of user \"mox\"; changed unique_question_id from 1 to 0, changed uname from mox to moxy, '),(1407,1,1,'2024-06-05 10:20:59','for user \"mox\" at LAXAMANA-PC: '),(1408,2,2,'2024-06-05 10:21:09','for user \"moxy\" at LAXAMANA-PC: '),(1409,2,8,'2024-06-05 10:21:23','for user \"moxy\" at LAXAMANA-PC: '),(1410,2,10,'2024-06-05 10:21:54','for user \"moxy\" at LAXAMANA-PC: viewed account details of \"moxy\"'),(1411,2,11,'2024-06-05 10:22:11','for user \"moxy\" at LAXAMANA-PC: updated account details of user \"moxy\"; changed unique_question_id from 0 to 1, '),(1412,2,10,'2024-06-05 10:22:22','for user \"moxy\" at LAXAMANA-PC: viewed account details of \"moxy\"'),(1413,2,11,'2024-06-05 10:22:28','for user \"moxy\" at LAXAMANA-PC: updated account details of user \"moxy\"; changed unique_question_id from 1 to 0, changed uname from moxy to moxyy, '),(1414,2,10,'2024-06-05 10:22:42','for user \"moxy\" at LAXAMANA-PC: viewed account details of \"moxyy\"'),(1415,2,2,'2024-06-05 10:25:24','for user \"moxyy\" at LAXAMANA-PC: '),(1416,2,8,'2024-06-05 10:25:38','for user \"moxyy\" at LAXAMANA-PC: '),(1417,2,10,'2024-06-05 10:25:42','for user \"moxyy\" at LAXAMANA-PC: viewed account details of \"moxyy\"'),(1418,2,11,'2024-06-05 10:25:47','for user \"moxyy\" at LAXAMANA-PC: updated account details of user \"moxyy\"; changed unique_question_id from 1 to 0, changed uname from moxyy to mox, '),(1419,2,10,'2024-06-05 10:26:07','for user \"moxyy\" at LAXAMANA-PC: viewed account details of \"mox\"'),(1420,2,11,'2024-06-05 10:26:15','for user \"moxyy\" at LAXAMANA-PC: updated account details of user \"mox\"; changed unique_question_id from 0 to 1, '),(1421,2,10,'2024-06-05 10:26:21','for user \"moxyy\" at LAXAMANA-PC: viewed account details of \"mox\"'),(1422,2,2,'2024-06-05 10:27:22','for user \"mox\" at LAXAMANA-PC: '),(1423,2,8,'2024-06-05 10:27:37','for user \"mox\" at LAXAMANA-PC: '),(1424,2,10,'2024-06-05 10:27:42','for user \"mox\" at LAXAMANA-PC: viewed account details of \"mox\"'),(1425,2,11,'2024-06-05 10:27:49','for user \"mox\" at LAXAMANA-PC: updated account details of user \"mox\"; changed uname from mox to moxy, '),(1426,2,10,'2024-06-05 10:27:55','for user \"mox\" at LAXAMANA-PC: viewed account details of \"moxy\"'),(1427,2,11,'2024-06-05 10:28:02','for user \"mox\" at LAXAMANA-PC: updated account details of user \"moxy\"; changed uname from moxy to moxyy, '),(1428,2,10,'2024-06-05 10:28:06','for user \"mox\" at LAXAMANA-PC: viewed account details of \"moxyy\"'),(1429,2,10,'2024-06-05 10:29:04','for user \"mox\" at LAXAMANA-PC: viewed account details of \"clarky\"'),(1430,2,11,'2024-06-05 10:30:52','for user \"mox\" at LAXAMANA-PC: updated account details of user \"clarky\"; '),(1431,2,2,'2024-06-05 10:41:06','for user \"moxyy\" at LAXAMANA-PC: '),(1432,2,8,'2024-06-05 10:41:17','for user \"moxyy\" at LAXAMANA-PC: '),(1433,2,10,'2024-06-05 10:41:22','for user \"moxyy\" at LAXAMANA-PC: viewed account details of \"moxyy\"'),(1434,2,10,'2024-06-05 10:41:27','for user \"moxyy\" at LAXAMANA-PC: viewed account details of \"clarky\"'),(1435,2,11,'2024-06-05 10:41:36','for user \"moxyy\" at LAXAMANA-PC: updated account details of user \"clarky\"; changed uname from clarky to clark, '),(1436,2,10,'2024-06-05 10:41:40','for user \"moxyy\" at LAXAMANA-PC: viewed account details of \"clark\"'),(1437,2,11,'2024-06-05 10:41:57','for user \"moxyy\" at LAXAMANA-PC: updated account details of user \"clark\"; changed uname from clark to clarky, '),(1438,2,10,'2024-06-05 10:42:02','for user \"moxyy\" at LAXAMANA-PC: viewed account details of \"clarky\"'),(1439,2,11,'2024-06-05 10:42:11','for user \"moxyy\" at LAXAMANA-PC: updated account details of user \"clarky\"; changed uname from clarky to clark, '),(1440,2,2,'2024-06-05 10:43:48','for user \"moxyy\" at LAXAMANA-PC: '),(1441,2,8,'2024-06-05 10:44:00','for user \"moxyy\" at LAXAMANA-PC: '),(1442,2,10,'2024-06-05 10:44:06','for user \"moxyy\" at LAXAMANA-PC: viewed account details of \"clark\"'),(1443,2,11,'2024-06-05 10:44:18','for user \"moxyy\" at LAXAMANA-PC: updated account details of user \"clark\"; changed uname from clark to clarky, '),(1444,2,10,'2024-06-05 10:44:23','for user \"moxyy\" at LAXAMANA-PC: viewed account details of \"moxyy\"'),(1445,2,11,'2024-06-05 10:44:30','for user \"moxyy\" at LAXAMANA-PC: updated account details of user \"moxyy\"; changed uname from moxyy to mox, '),(1446,2,9,'2024-06-05 10:44:36','for user \"moxyy\" at LAXAMANA-PC: '),(1447,2,2,'2024-06-05 10:44:46','for user \"mox\" at LAXAMANA-PC: '),(1448,2,8,'2024-06-05 10:44:55','for user \"mox\" at LAXAMANA-PC: '),(1449,2,10,'2024-06-05 10:45:18','for user \"mox\" at LAXAMANA-PC: viewed account details of \"mox\"'),(1450,2,11,'2024-06-05 10:45:26','for user \"mox\" at LAXAMANA-PC: updated account details of user \"mox\"; changed unique_question_answer from trisha to gwen, '),(1451,2,9,'2024-06-05 10:45:33','for user \"mox\" at LAXAMANA-PC: '),(1452,2,2,'2024-06-05 10:45:43','for user \"mox\" at LAXAMANA-PC: '),(1453,2,8,'2024-06-05 10:45:52','for user \"mox\" at LAXAMANA-PC: '),(1454,2,10,'2024-06-05 10:45:56','for user \"mox\" at LAXAMANA-PC: viewed account details of \"mox\"'),(1455,2,2,'2024-06-05 11:10:36','for user \"mox\" at LAXAMANA-PC: '),(1456,2,8,'2024-06-05 11:10:53','for user \"mox\" at LAXAMANA-PC: '),(1457,2,10,'2024-06-05 11:11:00','for user \"mox\" at LAXAMANA-PC: viewed account details of \"mox\"'),(1458,2,2,'2024-06-05 11:14:52','for user \"mox\" at LAXAMANA-PC: '),(1459,2,8,'2024-06-05 11:15:01','for user \"mox\" at LAXAMANA-PC: '),(1460,2,10,'2024-06-05 11:15:06','for user \"mox\" at LAXAMANA-PC: viewed account details of \"mox\"'),(1461,2,11,'2024-06-05 11:15:26','for user \"mox\" at LAXAMANA-PC: updated account details of user \"mox\"; changed fname from Junell to Jun, changed lname from Laxamana to Laxy, '),(1462,2,9,'2024-06-05 11:15:32','for user \"mox\" at LAXAMANA-PC: '),(1463,2,2,'2024-06-05 11:15:45','for user \"mox\" at LAXAMANA-PC: '),(1464,2,8,'2024-06-05 11:15:55','for user \"mox\" at LAXAMANA-PC: '),(1465,2,10,'2024-06-05 11:16:07','for user \"mox\" at LAXAMANA-PC: viewed account details of \"mox\"'),(1466,2,11,'2024-06-05 11:17:13','for user \"mox\" at LAXAMANA-PC: updated account details of user \"mox\"; changed fname from Junell to Jun, changed lname from Laxamana to Laxy, '),(1467,2,9,'2024-06-05 11:17:46','for user \"mox\" at LAXAMANA-PC: '),(1468,2,2,'2024-06-05 11:19:19','for user \"mox\" at LAXAMANA-PC: '),(1469,2,8,'2024-06-05 11:19:26','for user \"mox\" at LAXAMANA-PC: '),(1470,2,10,'2024-06-05 11:19:30','for user \"mox\" at LAXAMANA-PC: viewed account details of \"mox\"'),(1471,2,11,'2024-06-05 11:19:41','for user \"mox\" at LAXAMANA-PC: updated account details of user \"mox\"; changed fname from Junell to Jun, changed lname from Laxamana to Laxy, '),(1472,2,9,'2024-06-05 11:20:26','for user \"mox\" at LAXAMANA-PC: '),(1473,2,2,'2024-06-05 11:21:00','for user \"mox\" at LAXAMANA-PC: '),(1474,2,8,'2024-06-05 11:21:12','for user \"mox\" at LAXAMANA-PC: '),(1475,2,10,'2024-06-05 11:21:16','for user \"mox\" at LAXAMANA-PC: viewed account details of \"clarky\"'),(1476,2,11,'2024-06-05 11:21:27','for user \"mox\" at LAXAMANA-PC: updated account details of user \"clarky\"; changed fname from Clark to Czedrick, '),(1477,2,10,'2024-06-05 11:21:33','for user \"mox\" at LAXAMANA-PC: viewed account details of \"clarky\"'),(1478,2,2,'2024-06-05 11:24:54','for user \"mox\" at LAXAMANA-PC: '),(1479,2,8,'2024-06-05 11:25:03','for user \"mox\" at LAXAMANA-PC: '),(1480,2,10,'2024-06-05 11:25:09','for user \"mox\" at LAXAMANA-PC: viewed account details of \"clarky\"'),(1481,2,11,'2024-06-05 11:25:18','for user \"mox\" at LAXAMANA-PC: updated account details of user \"clarky\"; changed fname from Clark to Czedrick, '),(1482,2,10,'2024-06-05 11:25:23','for user \"mox\" at LAXAMANA-PC: viewed account details of \"clarky\"'),(1483,2,2,'2024-06-05 11:58:32','for user \"mox\" at LAXAMANA-PC: '),(1484,2,8,'2024-06-05 11:58:43','for user \"mox\" at LAXAMANA-PC: '),(1485,2,2,'2024-06-05 12:19:14','for user \"mox\" at LAXAMANA-PC: '),(1486,2,8,'2024-06-05 12:19:21','for user \"mox\" at LAXAMANA-PC: '),(1487,2,2,'2024-06-05 12:21:03','for user \"mox\" at LAXAMANA-PC: '),(1488,2,8,'2024-06-05 12:21:35','for user \"mox\" at LAXAMANA-PC: '),(1489,2,2,'2024-06-05 14:46:38','for user \"mox\" at LAXAMANA-PC: '),(1490,2,8,'2024-06-05 14:46:46','for user \"mox\" at LAXAMANA-PC: '),(1491,2,10,'2024-06-05 14:47:03','for user \"mox\" at LAXAMANA-PC: viewed account details of \"mox\"'),(1492,2,11,'2024-06-05 14:47:32','for user \"mox\" at LAXAMANA-PC: updated account details of user \"mox\"; changed fname from Junell to Jun, changed lname from Laxamana to Laxy, '),(1493,2,9,'2024-06-05 14:47:36','for user \"mox\" at LAXAMANA-PC: '),(1494,2,2,'2024-06-05 14:47:48','for user \"mox\" at LAXAMANA-PC: '),(1495,2,8,'2024-06-05 14:47:57','for user \"mox\" at LAXAMANA-PC: '),(1496,2,10,'2024-06-05 15:04:42','for user \"mox\" at LAXAMANA-PC: viewed account details of \"clarky\"'),(1497,2,2,'2024-06-05 15:13:25','for user \"mox\" at LAXAMANA-PC: '),(1498,2,8,'2024-06-05 15:14:04','for user \"mox\" at LAXAMANA-PC: '),(1499,2,12,'2024-06-05 15:16:28','for user \"mox\" at LAXAMANA-PC: registered new user \"Andrea\"'),(1500,2,10,'2024-06-05 15:17:35','for user \"mox\" at LAXAMANA-PC: viewed account details of \"Andrea\"'),(1501,2,10,'2024-06-05 15:17:47','for user \"mox\" at LAXAMANA-PC: viewed account details of \"Andrea\"'),(1502,2,2,'2024-06-05 15:20:35','for user \"mox\" at LAXAMANA-PC: '),(1503,2,8,'2024-06-05 15:20:54','for user \"mox\" at LAXAMANA-PC: '),(1504,2,10,'2024-06-05 15:20:59','for user \"mox\" at LAXAMANA-PC: viewed account details of \"Andrea\"'),(1505,2,10,'2024-06-05 15:21:09','for user \"mox\" at LAXAMANA-PC: viewed account details of \"clarky\"'),(1506,2,10,'2024-06-05 15:21:13','for user \"mox\" at LAXAMANA-PC: viewed account details of \"mox\"'),(1507,2,10,'2024-06-05 15:21:18','for user \"mox\" at LAXAMANA-PC: viewed account details of \"Andrea\"'),(1508,2,2,'2024-06-05 15:28:15','for user \"mox\" at LAXAMANA-PC: '),(1509,2,8,'2024-06-05 15:28:26','for user \"mox\" at LAXAMANA-PC: '),(1510,2,10,'2024-06-05 15:28:32','for user \"mox\" at LAXAMANA-PC: viewed account details of \"Andrea\"'),(1511,2,11,'2024-06-05 15:28:40','for user \"mox\" at LAXAMANA-PC: updated account details of user \"Andrea\"; changed unique_question_id from 0 to 1, '),(1512,2,10,'2024-06-05 15:28:45','for user \"mox\" at LAXAMANA-PC: viewed account details of \"Andrea\"'),(1513,2,10,'2024-06-05 15:28:50','for user \"mox\" at LAXAMANA-PC: viewed account details of \"mox\"'),(1514,2,10,'2024-06-05 15:28:54','for user \"mox\" at LAXAMANA-PC: viewed account details of \"clarky\"'),(1515,2,11,'2024-06-05 15:29:02','for user \"mox\" at LAXAMANA-PC: updated account details of user \"clarky\"; changed level of access from Cashier to Admin, changed level_of_access_id_string from Cashier to Admin, '),(1516,2,12,'2024-06-05 15:31:12','for user \"mox\" at LAXAMANA-PC: registered new user \"ak47\"'),(1517,2,10,'2024-06-05 15:31:25','for user \"mox\" at LAXAMANA-PC: viewed account details of \"ak47\"'),(1518,2,10,'2024-06-05 15:31:44','for user \"mox\" at LAXAMANA-PC: viewed account details of \"Andrea\"'),(1519,2,9,'2024-06-05 15:36:47','for user \"mox\" at LAXAMANA-PC: '),(1520,1,1,'2024-06-05 17:14:12','for user \"mox\" at LAXAMANA-PC: '),(1521,2,2,'2024-06-05 17:14:20','for user \"mox\" at LAXAMANA-PC: '),(1522,2,8,'2024-06-05 17:14:28','for user \"mox\" at LAXAMANA-PC: '),(1523,2,2,'2024-06-05 17:17:59','for user \"mox\" at LAXAMANA-PC: '),(1524,2,8,'2024-06-05 17:18:08','for user \"mox\" at LAXAMANA-PC: '),(1525,2,10,'2024-06-05 17:18:18','for user \"mox\" at LAXAMANA-PC: viewed account details of \"ak47\"'),(1526,2,11,'2024-06-05 17:18:24','for user \"mox\" at LAXAMANA-PC: updated account details of user \"ak47\"; changed uname from ak47 to ak477, '),(1527,2,2,'2024-06-05 17:20:38','for user \"mox\" at LAXAMANA-PC: '),(1528,2,8,'2024-06-05 17:20:47','for user \"mox\" at LAXAMANA-PC: '),(1529,2,2,'2024-06-05 17:23:16','for user \"mox\" at LAXAMANA-PC: '),(1530,2,8,'2024-06-05 17:23:24','for user \"mox\" at LAXAMANA-PC: '),(1531,2,2,'2024-06-05 17:24:32','for user \"mox\" at LAXAMANA-PC: '),(1532,2,8,'2024-06-05 17:24:42','for user \"mox\" at LAXAMANA-PC: '),(1533,2,10,'2024-06-05 17:25:51','for user \"mox\" at LAXAMANA-PC: viewed account details of \"ak477\"'),(1534,2,11,'2024-06-05 17:25:56','for user \"mox\" at LAXAMANA-PC: updated account details of user \"ak477\"; changed account status from Active to Active, '),(1535,2,10,'2024-06-05 17:27:23','for user \"mox\" at LAXAMANA-PC: viewed account details of \"ak477\"'),(1536,2,11,'2024-06-05 17:27:26','for user \"mox\" at LAXAMANA-PC: updated account details of user \"ak477\"; changed account status from Disabled to Disabled, '),(1537,2,10,'2024-06-05 17:27:37','for user \"mox\" at LAXAMANA-PC: viewed account details of \"ak477\"'),(1538,2,11,'2024-06-05 17:27:44','for user \"mox\" at LAXAMANA-PC: updated account details of user \"ak477\"; changed account status from Active to Active, '),(1539,2,10,'2024-06-05 17:30:03','for user \"mox\" at LAXAMANA-PC: viewed account details of \"ak477\"'),(1540,2,11,'2024-06-05 17:30:10','for user \"mox\" at LAXAMANA-PC: updated account details of user \"ak477\"; changed uname from ak477 to ak47, '),(1541,2,2,'2024-06-05 17:33:46','for user \"mox\" at LAXAMANA-PC: '),(1542,2,8,'2024-06-05 17:33:56','for user \"mox\" at LAXAMANA-PC: '),(1543,2,10,'2024-06-05 17:34:01','for user \"mox\" at LAXAMANA-PC: viewed account details of \"Andrea\"'),(1544,2,11,'2024-06-05 17:34:07','for user \"mox\" at LAXAMANA-PC: updated account details of user \"Andrea\"; changed account status from Active to Disabled, changed account_status_id_string from Active to Disabled, '),(1545,2,10,'2024-06-05 17:34:13','for user \"mox\" at LAXAMANA-PC: viewed account details of \"Andrea\"'),(1546,2,11,'2024-06-05 17:35:25','for user \"mox\" at LAXAMANA-PC: updated account details of user \"Andrea\"; changed level of access from Admin to Cashier, changed level_of_access_id_string from Admin to Cashier, '),(1547,2,9,'2024-06-05 17:37:12','for user \"mox\" at LAXAMANA-PC: '),(1548,2,2,'2024-06-07 09:04:09','for user \"mox\" at LAXAMANA-PC: '),(1549,2,8,'2024-06-07 09:04:23','for user \"mox\" at LAXAMANA-PC: '),(1550,2,2,'2024-06-07 10:52:58','for user \"mox\" at LAXAMANA-PC: '),(1551,2,8,'2024-06-07 10:53:10','for user \"mox\" at LAXAMANA-PC: '),(1552,2,2,'2024-06-07 10:54:41','for user \"mox\" at LAXAMANA-PC: '),(1553,2,8,'2024-06-07 10:54:50','for user \"mox\" at LAXAMANA-PC: '),(1554,2,2,'2024-06-07 10:56:22','for user \"mox\" at LAXAMANA-PC: '),(1555,2,8,'2024-06-07 10:56:31','for user \"mox\" at LAXAMANA-PC: '),(1556,2,2,'2024-06-07 10:57:22','for user \"mox\" at LAXAMANA-PC: '),(1557,2,8,'2024-06-07 10:57:31','for user \"mox\" at LAXAMANA-PC: '),(1558,1,1,'2024-06-07 15:49:57','for user \"mox\" at LAXAMANA-PC: '),(1559,2,2,'2024-06-07 15:50:10','for user \"mox\" at LAXAMANA-PC: '),(1560,2,8,'2024-06-07 15:50:22','for user \"mox\" at LAXAMANA-PC: '),(1561,2,2,'2024-06-07 15:53:58','for user \"mox\" at LAXAMANA-PC: '),(1562,2,8,'2024-06-07 15:54:17','for user \"mox\" at LAXAMANA-PC: '),(1563,1,1,'2024-06-07 15:55:28','for user \"mox\" at LAXAMANA-PC: '),(1564,1,1,'2024-06-07 15:55:44','for user \"mox\" at LAXAMANA-PC: '),(1565,1,1,'2024-06-07 15:55:46','for user \"mox\" at LAXAMANA-PC: '),(1566,1,1,'2024-06-07 15:56:45','for user \"\" at LAXAMANA-PC: '),(1567,2,2,'2024-06-07 15:57:09','for user \"mox\" at LAXAMANA-PC: '),(1568,2,8,'2024-06-07 15:57:17','for user \"mox\" at LAXAMANA-PC: '),(1569,2,2,'2024-06-07 16:02:42','for user \"mox\" at LAXAMANA-PC: '),(1570,2,8,'2024-06-07 16:02:55','for user \"mox\" at LAXAMANA-PC: '),(1571,2,2,'2024-06-07 16:06:23','for user \"mox\" at LAXAMANA-PC: '),(1572,2,8,'2024-06-07 16:06:36','for user \"mox\" at LAXAMANA-PC: '),(1573,2,2,'2024-06-07 16:08:23','for user \"mox\" at LAXAMANA-PC: '),(1574,2,8,'2024-06-07 16:08:33','for user \"mox\" at LAXAMANA-PC: '),(1575,2,2,'2024-06-07 16:30:37','for user \"mox\" at LAXAMANA-PC: '),(1576,2,8,'2024-06-07 16:30:48','for user \"mox\" at LAXAMANA-PC: '),(1577,2,2,'2024-06-07 16:34:12','for user \"mox\" at LAXAMANA-PC: '),(1578,2,8,'2024-06-07 16:34:21','for user \"mox\" at LAXAMANA-PC: '),(1579,2,2,'2024-06-07 16:36:18','for user \"mox\" at LAXAMANA-PC: '),(1580,2,8,'2024-06-07 16:36:30','for user \"mox\" at LAXAMANA-PC: '),(1581,2,2,'2024-06-07 16:43:02','for user \"mox\" at LAXAMANA-PC: '),(1582,2,8,'2024-06-07 16:43:15','for user \"mox\" at LAXAMANA-PC: '),(1583,2,2,'2024-06-07 16:45:37','for user \"mox\" at LAXAMANA-PC: '),(1584,2,8,'2024-06-07 16:45:49','for user \"mox\" at LAXAMANA-PC: '),(1585,2,2,'2024-06-07 16:49:09','for user \"mox\" at LAXAMANA-PC: '),(1586,2,8,'2024-06-07 16:49:18','for user \"mox\" at LAXAMANA-PC: '),(1587,2,2,'2024-06-07 16:52:02','for user \"mox\" at LAXAMANA-PC: '),(1588,2,8,'2024-06-07 16:52:12','for user \"mox\" at LAXAMANA-PC: '),(1589,2,2,'2024-06-07 16:53:05','for user \"mox\" at LAXAMANA-PC: '),(1590,2,8,'2024-06-07 16:53:16','for user \"mox\" at LAXAMANA-PC: '),(1591,2,2,'2024-06-07 16:54:08','for user \"mox\" at LAXAMANA-PC: '),(1592,2,8,'2024-06-07 16:54:22','for user \"mox\" at LAXAMANA-PC: '),(1593,2,2,'2024-06-07 16:56:35','for user \"mox\" at LAXAMANA-PC: '),(1594,2,8,'2024-06-07 16:56:48','for user \"mox\" at LAXAMANA-PC: '),(1595,2,2,'2024-06-07 16:58:28','for user \"mox\" at LAXAMANA-PC: '),(1596,2,8,'2024-06-07 16:58:40','for user \"mox\" at LAXAMANA-PC: '),(1597,2,2,'2024-06-07 17:01:02','for user \"mox\" at LAXAMANA-PC: '),(1598,2,8,'2024-06-07 17:01:12','for user \"mox\" at LAXAMANA-PC: '),(1599,2,2,'2024-06-07 17:02:04','for user \"mox\" at LAXAMANA-PC: '),(1600,2,8,'2024-06-07 17:02:21','for user \"mox\" at LAXAMANA-PC: '),(1601,2,2,'2024-06-07 17:03:24','for user \"mox\" at LAXAMANA-PC: '),(1602,2,8,'2024-06-07 17:03:42','for user \"mox\" at LAXAMANA-PC: '),(1603,2,2,'2024-06-07 17:05:23','for user \"mox\" at LAXAMANA-PC: '),(1604,2,8,'2024-06-07 17:05:44','for user \"mox\" at LAXAMANA-PC: '),(1605,2,2,'2024-06-07 17:06:34','for user \"mox\" at LAXAMANA-PC: '),(1606,2,8,'2024-06-07 17:06:47','for user \"mox\" at LAXAMANA-PC: '),(1607,2,2,'2024-06-07 17:07:21','for user \"mox\" at LAXAMANA-PC: '),(1608,2,8,'2024-06-07 17:07:35','for user \"mox\" at LAXAMANA-PC: '),(1609,2,2,'2024-06-07 17:08:11','for user \"mox\" at LAXAMANA-PC: '),(1610,2,8,'2024-06-07 17:08:25','for user \"mox\" at LAXAMANA-PC: '),(1611,2,2,'2024-06-07 17:09:15','for user \"mox\" at LAXAMANA-PC: '),(1612,2,8,'2024-06-07 17:09:27','for user \"mox\" at LAXAMANA-PC: '),(1613,2,2,'2024-06-07 17:10:07','for user \"mox\" at LAXAMANA-PC: '),(1614,2,8,'2024-06-07 17:10:16','for user \"mox\" at LAXAMANA-PC: '),(1615,2,2,'2024-06-07 17:10:51','for user \"mox\" at LAXAMANA-PC: '),(1616,2,8,'2024-06-07 17:11:02','for user \"mox\" at LAXAMANA-PC: '),(1617,1,1,'2024-06-07 17:12:16','for user \"mox\" at LAXAMANA-PC: '),(1618,1,1,'2024-06-07 17:14:02','for user \"mox\" at LAXAMANA-PC: '),(1619,2,2,'2024-06-07 17:14:21','for user \"mox\" at LAXAMANA-PC: '),(1620,2,8,'2024-06-07 17:14:31','for user \"mox\" at LAXAMANA-PC: '),(1621,2,2,'2024-06-07 17:15:03','for user \"mox\" at LAXAMANA-PC: '),(1622,2,8,'2024-06-07 17:15:14','for user \"mox\" at LAXAMANA-PC: '),(1623,2,2,'2024-06-07 17:15:53','for user \"mox\" at LAXAMANA-PC: '),(1624,2,8,'2024-06-07 17:16:04','for user \"mox\" at LAXAMANA-PC: '),(1625,2,2,'2024-06-07 17:16:52','for user \"mox\" at LAXAMANA-PC: '),(1626,2,8,'2024-06-07 17:17:03','for user \"mox\" at LAXAMANA-PC: '),(1627,2,2,'2024-06-07 17:18:52','for user \"mox\" at LAXAMANA-PC: '),(1628,2,8,'2024-06-07 17:19:03','for user \"mox\" at LAXAMANA-PC: '),(1629,2,2,'2024-06-07 17:20:34','for user \"mox\" at LAXAMANA-PC: '),(1630,2,8,'2024-06-07 17:20:44','for user \"mox\" at LAXAMANA-PC: '),(1631,2,2,'2024-06-07 17:21:47','for user \"mox\" at LAXAMANA-PC: '),(1632,2,8,'2024-06-07 17:21:58','for user \"mox\" at LAXAMANA-PC: '),(1633,2,2,'2024-06-07 17:25:04','for user \"mox\" at LAXAMANA-PC: '),(1634,2,8,'2024-06-07 17:25:53','for user \"mox\" at LAXAMANA-PC: '),(1635,2,2,'2024-06-07 18:22:18','for user \"mox\" at LAXAMANA-PC: '),(1636,2,8,'2024-06-07 18:22:28','for user \"mox\" at LAXAMANA-PC: '),(1637,2,2,'2024-06-08 10:37:01','for user \"mox\" at LAXAMANA-PC: '),(1638,2,8,'2024-06-08 10:37:12','for user \"mox\" at LAXAMANA-PC: '),(1639,2,2,'2024-06-08 10:44:54','for user \"mox\" at LAXAMANA-PC: '),(1640,2,8,'2024-06-08 10:45:05','for user \"mox\" at LAXAMANA-PC: '),(1641,2,2,'2024-06-08 10:47:47','for user \"mox\" at LAXAMANA-PC: '),(1642,2,8,'2024-06-08 10:48:01','for user \"mox\" at LAXAMANA-PC: '),(1643,2,2,'2024-06-08 10:50:37','for user \"mox\" at LAXAMANA-PC: '),(1644,2,8,'2024-06-08 10:50:46','for user \"mox\" at LAXAMANA-PC: '),(1645,2,2,'2024-06-08 11:17:37','for user \"mox\" at LAXAMANA-PC: '),(1646,2,8,'2024-06-08 11:17:46','for user \"mox\" at LAXAMANA-PC: '),(1647,2,13,'2024-06-08 11:17:49','for user \"mox\" at LAXAMANA-PC: '),(1648,2,2,'2024-06-08 11:18:43','for user \"mox\" at LAXAMANA-PC: '),(1649,2,8,'2024-06-08 11:18:51','for user \"mox\" at LAXAMANA-PC: '),(1650,2,13,'2024-06-08 11:18:52','for user \"mox\" at LAXAMANA-PC: '),(1651,2,2,'2024-06-08 11:19:34','for user \"mox\" at LAXAMANA-PC: '),(1652,2,8,'2024-06-08 11:19:49','for user \"mox\" at LAXAMANA-PC: '),(1653,2,13,'2024-06-08 11:19:51','for user \"mox\" at LAXAMANA-PC: '),(1654,2,2,'2024-06-08 11:27:52','for user \"mox\" at LAXAMANA-PC: '),(1655,2,8,'2024-06-08 11:27:59','for user \"mox\" at LAXAMANA-PC: '),(1656,2,13,'2024-06-08 11:28:00','for user \"mox\" at LAXAMANA-PC: '),(1657,2,2,'2024-06-08 11:28:16','for user \"mox\" at LAXAMANA-PC: '),(1658,2,8,'2024-06-08 11:28:25','for user \"mox\" at LAXAMANA-PC: '),(1659,2,13,'2024-06-08 11:28:26','for user \"mox\" at LAXAMANA-PC: '),(1660,2,2,'2024-06-08 11:29:20','for user \"mox\" at LAXAMANA-PC: '),(1661,2,8,'2024-06-08 11:29:26','for user \"mox\" at LAXAMANA-PC: '),(1662,2,13,'2024-06-08 11:29:27','for user \"mox\" at LAXAMANA-PC: '),(1663,2,2,'2024-06-08 11:30:21','for user \"mox\" at LAXAMANA-PC: '),(1664,2,8,'2024-06-08 11:30:30','for user \"mox\" at LAXAMANA-PC: '),(1665,2,13,'2024-06-08 11:30:31','for user \"mox\" at LAXAMANA-PC: '),(1666,2,2,'2024-06-08 11:33:46','for user \"mox\" at LAXAMANA-PC: '),(1667,2,8,'2024-06-08 11:33:53','for user \"mox\" at LAXAMANA-PC: '),(1668,2,13,'2024-06-08 11:33:54','for user \"mox\" at LAXAMANA-PC: '),(1669,2,2,'2024-06-08 11:34:24','for user \"mox\" at LAXAMANA-PC: '),(1670,2,8,'2024-06-08 11:34:30','for user \"mox\" at LAXAMANA-PC: '),(1671,2,13,'2024-06-08 11:34:31','for user \"mox\" at LAXAMANA-PC: '),(1672,2,2,'2024-06-08 11:35:29','for user \"mox\" at LAXAMANA-PC: '),(1673,2,8,'2024-06-08 11:35:37','for user \"mox\" at LAXAMANA-PC: '),(1674,2,13,'2024-06-08 11:35:38','for user \"mox\" at LAXAMANA-PC: '),(1675,2,2,'2024-06-08 11:36:11','for user \"mox\" at LAXAMANA-PC: '),(1676,2,8,'2024-06-08 11:36:19','for user \"mox\" at LAXAMANA-PC: '),(1677,2,13,'2024-06-08 11:36:20','for user \"mox\" at LAXAMANA-PC: '),(1678,2,2,'2024-06-08 11:40:58','for user \"mox\" at LAXAMANA-PC: '),(1679,2,8,'2024-06-08 11:41:05','for user \"mox\" at LAXAMANA-PC: '),(1680,2,13,'2024-06-08 11:41:06','for user \"mox\" at LAXAMANA-PC: '),(1681,2,2,'2024-06-08 11:43:28','for user \"mox\" at LAXAMANA-PC: '),(1682,2,8,'2024-06-08 11:43:36','for user \"mox\" at LAXAMANA-PC: '),(1683,2,13,'2024-06-08 11:43:38','for user \"mox\" at LAXAMANA-PC: '),(1684,2,2,'2024-06-08 11:51:08','for user \"mox\" at LAXAMANA-PC: '),(1685,2,2,'2024-06-08 11:51:19','for user \"mox\" at LAXAMANA-PC: '),(1686,2,8,'2024-06-08 11:51:28','for user \"mox\" at LAXAMANA-PC: '),(1687,2,13,'2024-06-08 11:51:29','for user \"mox\" at LAXAMANA-PC: '),(1688,2,2,'2024-06-08 11:52:43','for user \"mox\" at LAXAMANA-PC: '),(1689,2,8,'2024-06-08 11:52:51','for user \"mox\" at LAXAMANA-PC: '),(1690,2,13,'2024-06-08 11:52:52','for user \"mox\" at LAXAMANA-PC: '),(1691,2,2,'2024-06-08 11:57:25','for user \"mox\" at LAXAMANA-PC: '),(1692,2,8,'2024-06-08 11:57:32','for user \"mox\" at LAXAMANA-PC: '),(1693,2,13,'2024-06-08 11:57:34','for user \"mox\" at LAXAMANA-PC: '),(1694,2,2,'2024-06-08 11:58:33','for user \"mox\" at LAXAMANA-PC: '),(1695,2,8,'2024-06-08 11:58:39','for user \"mox\" at LAXAMANA-PC: '),(1696,2,13,'2024-06-08 11:58:41','for user \"mox\" at LAXAMANA-PC: '),(1697,2,2,'2024-06-08 12:02:09','for user \"mox\" at LAXAMANA-PC: '),(1698,2,8,'2024-06-08 12:02:16','for user \"mox\" at LAXAMANA-PC: '),(1699,2,2,'2024-06-08 12:02:35','for user \"mox\" at LAXAMANA-PC: '),(1700,2,8,'2024-06-08 12:02:42','for user \"mox\" at LAXAMANA-PC: '),(1701,2,2,'2024-06-08 12:03:04','for user \"mox\" at LAXAMANA-PC: '),(1702,2,8,'2024-06-08 12:03:11','for user \"mox\" at LAXAMANA-PC: '),(1703,2,13,'2024-06-08 12:03:13','for user \"mox\" at LAXAMANA-PC: '),(1704,2,2,'2024-06-08 12:17:44','for user \"mox\" at LAXAMANA-PC: '),(1705,2,8,'2024-06-08 12:18:05','for user \"mox\" at LAXAMANA-PC: '),(1706,2,13,'2024-06-08 12:18:07','for user \"mox\" at LAXAMANA-PC: '),(1707,2,2,'2024-06-08 12:19:23','for user \"mox\" at LAXAMANA-PC: '),(1708,2,8,'2024-06-08 12:19:31','for user \"mox\" at LAXAMANA-PC: '),(1709,2,13,'2024-06-08 12:19:32','for user \"mox\" at LAXAMANA-PC: '),(1710,2,2,'2024-06-08 12:21:25','for user \"mox\" at LAXAMANA-PC: '),(1711,2,8,'2024-06-08 12:21:32','for user \"mox\" at LAXAMANA-PC: '),(1712,2,13,'2024-06-08 12:21:34','for user \"mox\" at LAXAMANA-PC: '),(1713,2,2,'2024-06-08 13:13:26','for user \"mox\" at LAXAMANA-PC: '),(1714,2,8,'2024-06-08 13:13:33','for user \"mox\" at LAXAMANA-PC: '),(1715,2,13,'2024-06-08 13:13:34','for user \"mox\" at LAXAMANA-PC: '),(1716,2,2,'2024-06-08 13:21:37','for user \"mox\" at LAXAMANA-PC: '),(1717,2,8,'2024-06-08 13:21:45','for user \"mox\" at LAXAMANA-PC: '),(1718,2,13,'2024-06-08 13:21:46','for user \"mox\" at LAXAMANA-PC: '),(1719,2,2,'2024-06-08 13:34:57','for user \"mox\" at LAXAMANA-PC: '),(1720,2,8,'2024-06-08 13:35:09','for user \"mox\" at LAXAMANA-PC: '),(1721,2,13,'2024-06-08 13:35:10','for user \"mox\" at LAXAMANA-PC: '),(1722,2,13,'2024-06-08 13:35:35','for user \"mox\" at LAXAMANA-PC: '),(1723,2,2,'2024-06-08 13:35:59','for user \"mox\" at LAXAMANA-PC: '),(1724,2,8,'2024-06-08 13:36:06','for user \"mox\" at LAXAMANA-PC: '),(1725,2,13,'2024-06-08 13:36:08','for user \"mox\" at LAXAMANA-PC: '),(1726,2,2,'2024-06-08 13:37:31','for user \"mox\" at LAXAMANA-PC: '),(1727,2,8,'2024-06-08 13:37:40','for user \"mox\" at LAXAMANA-PC: '),(1728,2,13,'2024-06-08 13:37:41','for user \"mox\" at LAXAMANA-PC: '),(1729,2,2,'2024-06-08 13:39:01','for user \"mox\" at LAXAMANA-PC: '),(1730,2,8,'2024-06-08 13:39:08','for user \"mox\" at LAXAMANA-PC: '),(1731,2,13,'2024-06-08 13:39:09','for user \"mox\" at LAXAMANA-PC: '),(1732,2,2,'2024-06-08 13:40:26','for user \"mox\" at LAXAMANA-PC: '),(1733,2,8,'2024-06-08 13:40:34','for user \"mox\" at LAXAMANA-PC: '),(1734,2,13,'2024-06-08 13:40:35','for user \"mox\" at LAXAMANA-PC: '),(1735,2,2,'2024-06-08 13:41:41','for user \"mox\" at LAXAMANA-PC: '),(1736,2,8,'2024-06-08 13:41:50','for user \"mox\" at LAXAMANA-PC: '),(1737,2,13,'2024-06-08 13:41:52','for user \"mox\" at LAXAMANA-PC: '),(1738,2,2,'2024-06-08 13:44:07','for user \"mox\" at LAXAMANA-PC: '),(1739,2,8,'2024-06-08 13:44:18','for user \"mox\" at LAXAMANA-PC: '),(1740,2,13,'2024-06-08 13:44:20','for user \"mox\" at LAXAMANA-PC: '),(1741,2,2,'2024-06-08 13:45:34','for user \"mox\" at LAXAMANA-PC: '),(1742,2,8,'2024-06-08 13:45:41','for user \"mox\" at LAXAMANA-PC: '),(1743,2,13,'2024-06-08 13:45:43','for user \"mox\" at LAXAMANA-PC: '),(1744,2,2,'2024-06-08 13:47:56','for user \"mox\" at LAXAMANA-PC: '),(1745,2,8,'2024-06-08 13:48:06','for user \"mox\" at LAXAMANA-PC: '),(1746,2,13,'2024-06-08 13:48:07','for user \"mox\" at LAXAMANA-PC: '),(1747,2,2,'2024-06-08 13:56:51','for user \"mox\" at LAXAMANA-PC: '),(1748,2,8,'2024-06-08 13:56:58','for user \"mox\" at LAXAMANA-PC: '),(1749,2,13,'2024-06-08 13:56:59','for user \"mox\" at LAXAMANA-PC: '),(1750,2,2,'2024-06-08 13:58:38','for user \"mox\" at LAXAMANA-PC: '),(1751,2,8,'2024-06-08 13:58:47','for user \"mox\" at LAXAMANA-PC: '),(1752,2,13,'2024-06-08 13:58:48','for user \"mox\" at LAXAMANA-PC: '),(1753,2,2,'2024-06-08 14:00:07','for user \"mox\" at LAXAMANA-PC: '),(1754,2,8,'2024-06-08 14:00:14','for user \"mox\" at LAXAMANA-PC: '),(1755,2,13,'2024-06-08 14:00:15','for user \"mox\" at LAXAMANA-PC: '),(1756,2,2,'2024-06-08 14:04:04','for user \"mox\" at LAXAMANA-PC: '),(1757,2,8,'2024-06-08 14:04:12','for user \"mox\" at LAXAMANA-PC: '),(1758,2,13,'2024-06-08 14:04:14','for user \"mox\" at LAXAMANA-PC: '),(1759,2,2,'2024-06-08 14:07:02','for user \"mox\" at LAXAMANA-PC: '),(1760,2,8,'2024-06-08 14:07:09','for user \"mox\" at LAXAMANA-PC: '),(1761,2,13,'2024-06-08 14:07:10','for user \"mox\" at LAXAMANA-PC: '),(1762,2,2,'2024-06-08 14:15:05','for user \"mox\" at LAXAMANA-PC: '),(1763,2,8,'2024-06-08 14:15:18','for user \"mox\" at LAXAMANA-PC: '),(1764,2,13,'2024-06-08 14:15:21','for user \"mox\" at LAXAMANA-PC: '),(1765,2,2,'2024-06-08 14:17:35','for user \"mox\" at LAXAMANA-PC: '),(1766,2,8,'2024-06-08 14:17:43','for user \"mox\" at LAXAMANA-PC: '),(1767,2,13,'2024-06-08 14:17:44','for user \"mox\" at LAXAMANA-PC: '),(1768,2,13,'2024-06-08 14:18:29','for user \"mox\" at LAXAMANA-PC: '),(1769,2,9,'2024-06-08 14:18:35','for user \"mox\" at LAXAMANA-PC: '),(1770,2,2,'2024-06-08 14:19:40','for user \"mox\" at LAXAMANA-PC: '),(1771,2,8,'2024-06-08 14:19:51','for user \"mox\" at LAXAMANA-PC: '),(1772,2,13,'2024-06-08 14:19:54','for user \"mox\" at LAXAMANA-PC: '),(1773,2,13,'2024-06-08 14:20:04','for user \"mox\" at LAXAMANA-PC: '),(1774,3,2,'2024-06-09 02:23:39','for user \"clarky\" at LAPTOP-NKRJ7O6L: '),(1775,3,8,'2024-06-09 02:23:58','for user \"clarky\" at LAPTOP-NKRJ7O6L: '),(1776,3,13,'2024-06-09 02:24:07','for user \"clarky\" at LAPTOP-NKRJ7O6L: '),(1777,2,2,'2024-06-09 03:20:17','for user \"mox\" at LAPTOP-NKRJ7O6L: '),(1778,2,8,'2024-06-09 03:20:28','for user \"mox\" at LAPTOP-NKRJ7O6L: '),(1779,2,2,'2024-06-09 04:02:29','for user \"mox\" at LAPTOP-NKRJ7O6L: '),(1780,2,8,'2024-06-09 04:02:37','for user \"mox\" at LAPTOP-NKRJ7O6L: '),(1781,2,2,'2024-06-09 17:37:36','for user \"mox\" at LAPTOP-NKRJ7O6L: '),(1782,2,8,'2024-06-09 17:37:43','for user \"mox\" at LAPTOP-NKRJ7O6L: '),(1783,2,2,'2024-06-09 19:26:48','for user \"mox\" at LAPTOP-NKRJ7O6L: '),(1784,2,8,'2024-06-09 19:26:53','for user \"mox\" at LAPTOP-NKRJ7O6L: '),(1785,2,2,'2024-06-09 19:28:22','for user \"mox\" at LAPTOP-NKRJ7O6L: '),(1786,2,8,'2024-06-09 19:28:27','for user \"mox\" at LAPTOP-NKRJ7O6L: '),(1787,2,2,'2024-06-09 19:31:29','for user \"mox\" at LAPTOP-NKRJ7O6L: '),(1788,2,8,'2024-06-09 19:31:35','for user \"mox\" at LAPTOP-NKRJ7O6L: '),(1789,2,2,'2024-06-09 19:34:01','for user \"mox\" at LAPTOP-NKRJ7O6L: '),(1790,2,8,'2024-06-09 19:34:24','for user \"mox\" at LAPTOP-NKRJ7O6L: '),(1791,2,2,'2024-06-09 19:38:16','for user \"mox\" at LAPTOP-NKRJ7O6L: '),(1792,2,8,'2024-06-09 19:38:21','for user \"mox\" at LAPTOP-NKRJ7O6L: '),(1793,2,2,'2024-06-09 19:39:20','for user \"mox\" at LAPTOP-NKRJ7O6L: '),(1794,2,8,'2024-06-09 19:39:29','for user \"mox\" at LAPTOP-NKRJ7O6L: '),(1795,2,2,'2024-06-09 19:41:24','for user \"mox\" at LAPTOP-NKRJ7O6L: '),(1796,2,8,'2024-06-09 19:41:30','for user \"mox\" at LAPTOP-NKRJ7O6L: '),(1797,2,2,'2024-06-09 19:46:12','for user \"mox\" at LAPTOP-NKRJ7O6L: '),(1798,2,8,'2024-06-09 19:46:17','for user \"mox\" at LAPTOP-NKRJ7O6L: '),(1799,2,2,'2024-06-09 19:47:10','for user \"mox\" at LAPTOP-NKRJ7O6L: '),(1800,2,8,'2024-06-09 19:47:15','for user \"mox\" at LAPTOP-NKRJ7O6L: '),(1801,2,2,'2024-06-09 22:40:42','for user \"mox\" at LAPTOP-NKRJ7O6L: '),(1802,2,8,'2024-06-09 22:41:17','for user \"mox\" at LAPTOP-NKRJ7O6L: '),(1803,2,12,'2024-06-09 22:41:25','for user \"mox\" at LAPTOP-NKRJ7O6L: registered new stock type \"sdas\"'),(1804,2,2,'2024-06-09 23:06:17','for user \"mox\" at LAPTOP-NKRJ7O6L: '),(1805,2,8,'2024-06-09 23:06:22','for user \"mox\" at LAPTOP-NKRJ7O6L: '),(1806,2,14,'2024-06-09 23:06:41','for user \"mox\" at LAPTOP-NKRJ7O6L: registered new stock type \"dsadas\"'),(1807,2,2,'2024-06-09 23:13:22','for user \"mox\" at LAPTOP-NKRJ7O6L: '),(1808,2,8,'2024-06-09 23:13:42','for user \"mox\" at LAPTOP-NKRJ7O6L: '),(1809,2,14,'2024-06-09 23:14:00','for user \"mox\" at LAPTOP-NKRJ7O6L: registered new stock type \"dasdsa\"'),(1810,2,2,'2024-06-09 23:27:20','for user \"mox\" at LAPTOP-NKRJ7O6L: '),(1811,2,8,'2024-06-09 23:27:28','for user \"mox\" at LAPTOP-NKRJ7O6L: '),(1812,2,14,'2024-06-09 23:27:39','for user \"mox\" at LAPTOP-NKRJ7O6L: registered new stock type \"clark\"'),(1813,2,2,'2024-06-09 23:31:56','for user \"mox\" at LAPTOP-NKRJ7O6L: '),(1814,2,8,'2024-06-09 23:32:01','for user \"mox\" at LAPTOP-NKRJ7O6L: '),(1815,2,14,'2024-06-09 23:32:12','for user \"mox\" at LAPTOP-NKRJ7O6L: registered new stock type \"he\"'),(1816,2,2,'2024-06-09 23:37:17','for user \"mox\" at LAPTOP-NKRJ7O6L: '),(1817,2,8,'2024-06-09 23:37:21','for user \"mox\" at LAPTOP-NKRJ7O6L: '),(1818,2,10,'2024-06-09 23:39:37','for user \"mox\" at LAPTOP-NKRJ7O6L: viewed account details of \"clarky\"'),(1819,2,11,'2024-06-09 23:40:00','for user \"mox\" at LAPTOP-NKRJ7O6L: updated account details of user \"clarky\"; changed uname from clarky to clark, '),(1820,2,2,'2024-06-10 08:10:02','for user \"mox\" at LAPTOP-NKRJ7O6L: '),(1821,2,2,'2024-06-10 08:17:59','for user \"mox\" at LAPTOP-NKRJ7O6L: '),(1822,2,8,'2024-06-10 08:18:07','for user \"mox\" at LAPTOP-NKRJ7O6L: '),(1823,2,14,'2024-06-10 08:18:23','for user \"mox\" at LAPTOP-NKRJ7O6L: registered new stock type \"rrjstg\"'),(1824,2,2,'2024-06-10 08:26:16','for user \"mox\" at LAPTOP-NKRJ7O6L: '),(1825,1,1,'2024-06-10 08:54:34','for user \"mocksiest\" at LAPTOP-NKRJ7O6L: '),(1826,2,2,'2024-06-10 08:55:08','for user \"mox\" at LAPTOP-NKRJ7O6L: '),(1827,2,8,'2024-06-10 08:55:40','for user \"mox\" at LAPTOP-NKRJ7O6L: '),(1828,2,14,'2024-06-10 08:55:59','for user \"mox\" at LAPTOP-NKRJ7O6L: registered new stock type \"sasd\"'),(1829,2,9,'2024-06-10 08:56:17','for user \"mox\" at LAPTOP-NKRJ7O6L: '),(1830,1,1,'2024-06-10 11:31:00','for user \"mocksiest\" at LAPTOP-NKRJ7O6L: '),(1831,2,2,'2024-06-10 11:31:04','for user \"mox\" at LAPTOP-NKRJ7O6L: '),(1832,2,8,'2024-06-10 11:31:12','for user \"mox\" at LAPTOP-NKRJ7O6L: '),(1833,2,2,'2024-06-10 11:39:42','for user \"mox\" at LAPTOP-NKRJ7O6L: '),(1834,2,8,'2024-06-10 11:39:49','for user \"mox\" at LAPTOP-NKRJ7O6L: '),(1835,1,1,'2024-06-10 11:56:19','for user \"mocksiest\" at LAPTOP-NKRJ7O6L: '),(1836,2,2,'2024-06-10 11:56:22','for user \"mox\" at LAPTOP-NKRJ7O6L: '),(1837,2,8,'2024-06-10 11:56:34','for user \"mox\" at LAPTOP-NKRJ7O6L: '),(1838,2,13,'2024-06-10 11:57:14','for user \"mox\" at LAPTOP-NKRJ7O6L: '),(1839,2,10,'2024-06-10 11:57:33','for user \"mox\" at LAPTOP-NKRJ7O6L: viewed account details of \"ak47\"'),(1840,2,2,'2024-06-10 12:06:44','for user \"mox\" at LAPTOP-NKRJ7O6L: '),(1841,2,8,'2024-06-10 12:06:50','for user \"mox\" at LAPTOP-NKRJ7O6L: '),(1842,2,2,'2024-06-10 12:08:18','for user \"mox\" at LAPTOP-NKRJ7O6L: '),(1843,2,8,'2024-06-10 12:08:25','for user \"mox\" at LAPTOP-NKRJ7O6L: '),(1844,2,2,'2024-06-10 12:15:09','for user \"mox\" at LAPTOP-NKRJ7O6L: '),(1845,2,8,'2024-06-10 12:15:22','for user \"mox\" at LAPTOP-NKRJ7O6L: '),(1846,2,2,'2024-06-10 13:54:36','for user \"mox\" at LAPTOP-NKRJ7O6L: '),(1847,2,8,'2024-06-10 13:55:00','for user \"mox\" at LAPTOP-NKRJ7O6L: '),(1848,2,2,'2024-06-10 14:02:40','for user \"mox\" at LAPTOP-NKRJ7O6L: '),(1849,2,8,'2024-06-10 14:02:52','for user \"mox\" at LAPTOP-NKRJ7O6L: '),(1850,2,2,'2024-06-10 14:12:05','for user \"mox\" at LAPTOP-NKRJ7O6L: '),(1851,2,8,'2024-06-10 14:12:20','for user \"mox\" at LAPTOP-NKRJ7O6L: '),(1852,2,2,'2024-06-10 14:33:17','for user \"mox\" at LAPTOP-NKRJ7O6L: '),(1853,2,8,'2024-06-10 14:33:27','for user \"mox\" at LAPTOP-NKRJ7O6L: '),(1854,2,2,'2024-06-10 16:33:37','for user \"mox\" at LAPTOP-NKRJ7O6L: '),(1855,2,8,'2024-06-10 16:33:47','for user \"mox\" at LAPTOP-NKRJ7O6L: '),(1856,2,2,'2024-06-10 16:36:58','for user \"mox\" at LAPTOP-NKRJ7O6L: '),(1857,2,8,'2024-06-10 16:37:04','for user \"mox\" at LAPTOP-NKRJ7O6L: '),(1858,2,2,'2024-06-10 16:42:27','for user \"mox\" at LAPTOP-NKRJ7O6L: '),(1859,2,8,'2024-06-10 16:42:37','for user \"mox\" at LAPTOP-NKRJ7O6L: '),(1860,2,2,'2024-06-10 17:53:47','for user \"mox\" at LAPTOP-NKRJ7O6L: '),(1861,2,8,'2024-06-10 17:53:52','for user \"mox\" at LAPTOP-NKRJ7O6L: '),(1862,2,2,'2024-06-10 17:57:12','for user \"mox\" at LAPTOP-NKRJ7O6L: '),(1863,2,8,'2024-06-10 17:57:20','for user \"mox\" at LAPTOP-NKRJ7O6L: '),(1864,2,2,'2024-06-10 18:10:39','for user \"mox\" at LAPTOP-NKRJ7O6L: '),(1865,2,8,'2024-06-10 18:10:47','for user \"mox\" at LAPTOP-NKRJ7O6L: '),(1866,2,2,'2024-06-10 23:28:02','for user \"mox\" at LAPTOP-NKRJ7O6L: '),(1867,2,8,'2024-06-10 23:28:14','for user \"mox\" at LAPTOP-NKRJ7O6L: '),(1868,2,2,'2024-06-11 00:39:09','for user \"mox\" at LAPTOP-NKRJ7O6L: '),(1869,2,8,'2024-06-11 00:39:19','for user \"mox\" at LAPTOP-NKRJ7O6L: '),(1870,2,2,'2024-06-11 00:43:43','for user \"mox\" at LAPTOP-NKRJ7O6L: '),(1871,2,8,'2024-06-11 00:43:50','for user \"mox\" at LAPTOP-NKRJ7O6L: '),(1872,2,2,'2024-06-11 00:46:15','for user \"mox\" at LAPTOP-NKRJ7O6L: '),(1873,2,8,'2024-06-11 00:46:27','for user \"mox\" at LAPTOP-NKRJ7O6L: '),(1874,2,2,'2024-06-11 00:46:58','for user \"mox\" at LAPTOP-NKRJ7O6L: '),(1875,2,8,'2024-06-11 00:47:19','for user \"mox\" at LAPTOP-NKRJ7O6L: '),(1876,2,2,'2024-06-11 00:48:10','for user \"mox\" at LAPTOP-NKRJ7O6L: '),(1877,2,8,'2024-06-11 00:48:15','for user \"mox\" at LAPTOP-NKRJ7O6L: '),(1878,2,2,'2024-06-11 00:50:22','for user \"mox\" at LAPTOP-NKRJ7O6L: '),(1879,2,8,'2024-06-11 00:50:30','for user \"mox\" at LAPTOP-NKRJ7O6L: '),(1880,2,2,'2024-06-11 00:52:08','for user \"mox\" at LAPTOP-NKRJ7O6L: '),(1881,2,8,'2024-06-11 00:52:20','for user \"mox\" at LAPTOP-NKRJ7O6L: '),(1882,2,2,'2024-06-11 00:55:40','for user \"mox\" at LAPTOP-NKRJ7O6L: '),(1883,2,8,'2024-06-11 00:55:47','for user \"mox\" at LAPTOP-NKRJ7O6L: '),(1884,2,2,'2024-06-11 00:59:37','for user \"mox\" at LAPTOP-NKRJ7O6L: '),(1885,2,8,'2024-06-11 00:59:50','for user \"mox\" at LAPTOP-NKRJ7O6L: '),(1886,2,2,'2024-06-11 01:03:41','for user \"mox\" at LAPTOP-NKRJ7O6L: '),(1887,2,8,'2024-06-11 01:03:58','for user \"mox\" at LAPTOP-NKRJ7O6L: '),(1888,2,2,'2024-06-11 01:26:12','for user \"mox\" at LAPTOP-NKRJ7O6L: '),(1889,2,8,'2024-06-11 01:26:17','for user \"mox\" at LAPTOP-NKRJ7O6L: '),(1890,2,2,'2024-06-11 01:32:00','for user \"mox\" at LAPTOP-NKRJ7O6L: '),(1891,2,8,'2024-06-11 01:32:05','for user \"mox\" at LAPTOP-NKRJ7O6L: '),(1892,2,2,'2024-06-11 01:41:00','for user \"mox\" at LAPTOP-NKRJ7O6L: '),(1893,2,8,'2024-06-11 01:41:07','for user \"mox\" at LAPTOP-NKRJ7O6L: '),(1894,1,1,'2024-06-11 01:41:44','for user \"mocksiest\" at LAPTOP-NKRJ7O6L: '),(1895,2,2,'2024-06-11 01:41:49','for user \"mox\" at LAPTOP-NKRJ7O6L: '),(1896,2,8,'2024-06-11 01:42:08','for user \"mox\" at LAPTOP-NKRJ7O6L: '),(1897,2,2,'2024-06-11 22:13:42','for user \"mox\" at LAPTOP-NKRJ7O6L: '),(1898,2,8,'2024-06-11 22:13:52','for user \"mox\" at LAPTOP-NKRJ7O6L: '),(1899,2,2,'2024-06-11 23:40:59','for user \"mox\" at LAPTOP-NKRJ7O6L: '),(1900,2,8,'2024-06-11 23:41:09','for user \"mox\" at LAPTOP-NKRJ7O6L: '),(1901,3,2,'2024-06-11 23:49:53','for user \"clark\" at LAPTOP-NKRJ7O6L: '),(1902,3,8,'2024-06-11 23:50:01','for user \"clark\" at LAPTOP-NKRJ7O6L: '),(1903,3,2,'2024-06-11 23:52:38','for user \"clark\" at LAPTOP-NKRJ7O6L: '),(1904,3,8,'2024-06-11 23:52:51','for user \"clark\" at LAPTOP-NKRJ7O6L: '),(1905,3,2,'2024-06-11 23:53:33','for user \"clark\" at LAPTOP-NKRJ7O6L: '),(1906,3,8,'2024-06-11 23:53:43','for user \"clark\" at LAPTOP-NKRJ7O6L: '),(1907,3,2,'2024-06-11 23:56:04','for user \"clark\" at LAPTOP-NKRJ7O6L: '),(1908,3,8,'2024-06-11 23:56:15','for user \"clark\" at LAPTOP-NKRJ7O6L: '),(1909,3,2,'2024-06-11 23:58:33','for user \"clark\" at LAPTOP-NKRJ7O6L: '),(1910,3,8,'2024-06-11 23:58:43','for user \"clark\" at LAPTOP-NKRJ7O6L: '),(1911,3,2,'2024-06-11 23:59:22','for user \"clark\" at LAPTOP-NKRJ7O6L: '),(1912,3,8,'2024-06-11 23:59:31','for user \"clark\" at LAPTOP-NKRJ7O6L: '),(1913,3,2,'2024-06-12 00:01:33','for user \"clark\" at LAPTOP-NKRJ7O6L: '),(1914,3,2,'2024-06-12 00:02:10','for user \"clark\" at LAPTOP-NKRJ7O6L: '),(1915,3,8,'2024-06-12 00:02:22','for user \"clark\" at LAPTOP-NKRJ7O6L: '),(1916,3,15,'2024-06-12 00:02:33','for user \"clark\" at LAPTOP-NKRJ7O6L: registered new user \"daw\"'),(1917,3,2,'2024-06-12 00:04:20','for user \"clark\" at LAPTOP-NKRJ7O6L: '),(1918,3,2,'2024-06-12 00:04:49','for user \"clark\" at LAPTOP-NKRJ7O6L: '),(1919,3,8,'2024-06-12 00:05:37','for user \"clark\" at LAPTOP-NKRJ7O6L: '),(1920,3,15,'2024-06-12 00:05:54','for user \"clark\" at LAPTOP-NKRJ7O6L: registered new user \"kare kare\"'),(1921,3,15,'2024-06-12 00:06:45','for user \"clark\" at LAPTOP-NKRJ7O6L: registered new user \"hehe\"'),(1922,3,15,'2024-06-12 00:07:23','for user \"clark\" at LAPTOP-NKRJ7O6L: registered new user \"shanghai\"'),(1923,3,15,'2024-06-12 00:08:10','for user \"clark\" at LAPTOP-NKRJ7O6L: registered new user \"clark\"'),(1924,3,2,'2024-06-12 00:11:29','for user \"clark\" at LAPTOP-NKRJ7O6L: '),(1925,3,8,'2024-06-12 00:11:36','for user \"clark\" at LAPTOP-NKRJ7O6L: '),(1926,3,15,'2024-06-12 00:13:24','for user \"clark\" at LAPTOP-NKRJ7O6L: registered new user \"toyo\"'),(1927,2,2,'2024-06-12 21:39:36','for user \"mox\" at LAPTOP-NKRJ7O6L: '),(1928,2,8,'2024-06-12 21:39:46','for user \"mox\" at LAPTOP-NKRJ7O6L: '),(1929,3,2,'2024-06-12 21:45:37','for user \"clark\" at LAPTOP-NKRJ7O6L: '),(1930,3,8,'2024-06-12 21:45:46','for user \"clark\" at LAPTOP-NKRJ7O6L: '),(1931,3,2,'2024-06-12 21:53:40','for user \"clark\" at LAPTOP-NKRJ7O6L: '),(1932,3,8,'2024-06-12 21:53:59','for user \"clark\" at LAPTOP-NKRJ7O6L: '),(1933,3,15,'2024-06-12 21:55:10','for user \"clark\" at LAPTOP-NKRJ7O6L: registered new user \"toyo\"'),(1934,3,15,'2024-06-12 21:56:11','for user \"clark\" at LAPTOP-NKRJ7O6L: registered new user \"toyo1\"'),(1935,3,2,'2024-06-12 22:20:55','for user \"clark\" at LAPTOP-NKRJ7O6L: '),(1936,3,8,'2024-06-12 22:21:50','for user \"clark\" at LAPTOP-NKRJ7O6L: '),(1937,3,2,'2024-06-12 22:24:06','for user \"clark\" at LAPTOP-NKRJ7O6L: '),(1938,3,8,'2024-06-12 22:24:20','for user \"clark\" at LAPTOP-NKRJ7O6L: '),(1939,3,2,'2024-06-12 22:25:02','for user \"clark\" at LAPTOP-NKRJ7O6L: '),(1940,3,8,'2024-06-12 22:25:12','for user \"clark\" at LAPTOP-NKRJ7O6L: '),(1941,3,15,'2024-06-12 22:25:29','for user \"clark\" at LAPTOP-NKRJ7O6L: registered new user \"toyo2\"'),(1942,3,2,'2024-06-12 22:29:49','for user \"clark\" at LAPTOP-NKRJ7O6L: '),(1943,3,8,'2024-06-12 22:30:03','for user \"clark\" at LAPTOP-NKRJ7O6L: '),(1944,3,15,'2024-06-12 22:30:52','for user \"clark\" at LAPTOP-NKRJ7O6L: registered new user \"dasda\"'),(1945,3,15,'2024-06-12 22:33:07','for user \"clark\" at LAPTOP-NKRJ7O6L: registered new user \"ayoko na\"'),(1946,3,2,'2024-06-12 22:47:56','for user \"clark\" at LAPTOP-NKRJ7O6L: '),(1947,3,8,'2024-06-12 22:48:06','for user \"clark\" at LAPTOP-NKRJ7O6L: '),(1948,3,14,'2024-06-12 22:48:33','for user \"clark\" at LAPTOP-NKRJ7O6L: registered new stock type \"hehe\"'),(1949,3,2,'2024-06-12 23:10:32','for user \"clark\" at LAPTOP-NKRJ7O6L: '),(1950,3,8,'2024-06-12 23:10:39','for user \"clark\" at LAPTOP-NKRJ7O6L: '),(1951,3,15,'2024-06-12 23:11:06','for user \"clark\" at LAPTOP-NKRJ7O6L: registered new user \"sugar\"'),(1952,1,1,'2024-06-13 20:49:28','for user \"mocksiest\" at LAXAMANA-PC: '),(1953,2,2,'2024-06-13 20:49:42','for user \"mox\" at LAXAMANA-PC: '),(1954,2,8,'2024-06-13 20:50:02','for user \"mox\" at LAXAMANA-PC: '),(1955,2,14,'2024-06-13 20:52:03','for user \"mox\" at LAXAMANA-PC: registered new stock type \"myStocktype\"'),(1956,2,15,'2024-06-13 21:11:20','for user \"mox\" at LAXAMANA-PC: registered new user \"teststock\"'),(1957,2,15,'2024-06-13 21:12:06','for user \"mox\" at LAXAMANA-PC: registered new user \"teststock222\"'),(1958,1,1,'2024-06-13 21:13:26','for user \"mocksiest\" at LAXAMANA-PC: '),(1959,1,1,'2024-06-13 21:13:26','for user \"mocksiest\" at LAXAMANA-PC: '),(1960,2,2,'2024-06-13 21:13:31','for user \"mox\" at LAXAMANA-PC: '),(1961,2,8,'2024-06-13 21:13:40','for user \"mox\" at LAXAMANA-PC: '),(1962,2,15,'2024-06-13 21:14:06','for user \"mox\" at LAXAMANA-PC: registered new user \"testStocksss\"'),(1963,2,2,'2024-06-13 21:16:54','for user \"mocksiest\" at LAXAMANA-PC: '),(1964,2,8,'2024-06-13 21:17:05','for user \"mocksiest\" at LAXAMANA-PC: '),(1965,2,2,'2024-06-13 21:58:15','for user \"mocksiest\" at LAXAMANA-PC: '),(1966,2,8,'2024-06-13 21:58:23','for user \"mocksiest\" at LAXAMANA-PC: '),(1967,2,2,'2024-06-13 21:59:41','for user \"mocksiest\" at LAXAMANA-PC: '),(1968,2,8,'2024-06-13 21:59:50','for user \"mocksiest\" at LAXAMANA-PC: '),(1969,2,2,'2024-06-14 02:19:51','for user \"mocksiest\" at LAXAMANA-PC: '),(1970,2,8,'2024-06-14 02:19:59','for user \"mocksiest\" at LAXAMANA-PC: '),(1971,2,2,'2024-06-14 04:27:55','for user \"mocksiest\" at LAXAMANA-PC: '),(1972,2,8,'2024-06-14 04:28:04','for user \"mocksiest\" at LAXAMANA-PC: '),(1973,2,2,'2024-06-14 04:29:55','for user \"mocksiest\" at LAXAMANA-PC: '),(1974,2,8,'2024-06-14 04:30:02','for user \"mocksiest\" at LAXAMANA-PC: '),(1975,2,9,'2024-06-14 05:43:36','for user \"mocksiest\" at LAXAMANA-PC: '),(1976,2,13,'2024-06-14 05:44:42','for user \"mocksiest\" at LAXAMANA-PC: '),(1977,2,9,'2024-06-14 05:45:08','for user \"mocksiest\" at LAXAMANA-PC: '),(1978,2,13,'2024-06-14 08:11:22','for user \"mocksiest\" at LAXAMANA-PC: '),(1979,2,13,'2024-06-14 09:07:06','for user \"mocksiest\" at LAXAMANA-PC: '),(1980,2,13,'2024-06-14 09:08:24','for user \"mocksiest\" at LAXAMANA-PC: '),(1981,2,13,'2024-06-14 09:09:09','for user \"mocksiest\" at LAXAMANA-PC: '),(1982,2,13,'2024-06-14 09:13:32','for user \"mocksiest\" at LAXAMANA-PC: '),(1983,1,1,'2024-06-14 10:13:10','for user \"mocksiest\" at LAXAMANA-PC: '),(1984,2,2,'2024-06-14 10:13:13','for user \"mocksiest\" at LAXAMANA-PC: '),(1985,2,8,'2024-06-14 10:13:23','for user \"mocksiest\" at LAXAMANA-PC: '),(1986,2,20,'2024-06-14 10:13:37','for user \"mocksiest\" at LAXAMANA-PC: '),(1987,2,21,'2024-06-14 10:13:40','for user \"mocksiest\" at LAXAMANA-PC: '),(1988,2,2,'2024-06-14 10:15:15','for user \"mocksiest\" at LAXAMANA-PC: '),(1989,2,8,'2024-06-14 10:15:26','for user \"mocksiest\" at LAXAMANA-PC: '),(1990,2,13,'2024-06-14 10:16:00','for user \"mocksiest\" at LAXAMANA-PC: '),(1991,2,13,'2024-06-14 10:16:10','for user \"mocksiest\" at LAXAMANA-PC: '),(1992,2,13,'2024-06-14 10:16:23','for user \"mocksiest\" at LAXAMANA-PC: '),(1993,2,13,'2024-06-14 10:16:36','for user \"mocksiest\" at LAXAMANA-PC: '),(1994,2,9,'2024-06-14 10:17:51','for user \"mocksiest\" at LAXAMANA-PC: '),(1995,1,1,'2024-06-14 11:40:39','for user \"mocksiest\" at LAXAMANA-PC: '),(1996,1,1,'2024-06-14 11:40:46','for user \"mocksiest\" at LAXAMANA-PC: '),(1997,1,1,'2024-06-14 11:40:49','for user \"mocksiest\" at LAXAMANA-PC: '),(1998,2,2,'2024-06-14 11:41:54','for user \"mocksiest\" at LAXAMANA-PC: '),(1999,2,3,'2024-06-14 11:42:59','for user \"mocksiest\" at LAXAMANA-PC: '),(2000,2,2,'2024-06-14 11:43:12','for user \"mocksiest\" at LAXAMANA-PC: '),(2001,2,8,'2024-06-14 11:43:22','for user \"mocksiest\" at LAXAMANA-PC: '),(2002,2,10,'2024-06-14 11:43:30','for user \"mocksiest\" at LAXAMANA-PC: viewed account details of \"clark\"'),(2003,2,10,'2024-06-14 11:43:50','for user \"mocksiest\" at LAXAMANA-PC: viewed account details of \"clark\"'),(2004,2,11,'2024-06-14 11:44:28','for user \"mocksiest\" at LAXAMANA-PC: updated account details of user \"clark\"; changed level_of_access_id_string from Admin to Kitchen Staff, '),(2005,2,9,'2024-06-14 11:44:38','for user \"mocksiest\" at LAXAMANA-PC: '),(2006,3,2,'2024-06-14 11:44:51','for user \"clark\" at LAXAMANA-PC: '),(2007,3,8,'2024-06-14 11:45:04','for user \"clark\" at LAXAMANA-PC: '),(2008,3,9,'2024-06-14 11:45:14','for user \"clark\" at LAXAMANA-PC: '),(2009,4,2,'2024-06-14 11:46:17','for user \"Andrea\" at LAXAMANA-PC: '),(2010,4,8,'2024-06-14 11:46:31','for user \"Andrea\" at LAXAMANA-PC: '),(2011,4,9,'2024-06-14 11:46:57','for user \"Andrea\" at LAXAMANA-PC: '),(2012,2,2,'2024-06-14 11:47:11','for user \"mocksiest\" at LAXAMANA-PC: '),(2013,2,8,'2024-06-14 11:47:21','for user \"mocksiest\" at LAXAMANA-PC: '),(2014,2,10,'2024-06-14 11:47:43','for user \"mocksiest\" at LAXAMANA-PC: viewed account details of \"ak47\"'),(2015,2,10,'2024-06-14 11:48:15','for user \"mocksiest\" at LAXAMANA-PC: viewed account details of \"ak47\"'),(2016,2,12,'2024-06-14 11:49:47','for user \"mocksiest\" at LAXAMANA-PC: registered new user \"zion\"'),(2017,2,13,'2024-06-14 11:50:34','for user \"mocksiest\" at LAXAMANA-PC: '),(2018,2,13,'2024-06-14 11:50:42','for user \"mocksiest\" at LAXAMANA-PC: '),(2019,2,18,'2024-06-14 11:53:13','for user \"mocksiest\" at LAXAMANA-PC: to path \"F:\\Jownjown\\Education\\3rd Year\\Summer\\Software Engineering 2\\Final Project\\zav-pms\\databaseexport\"'),(2020,2,16,'2024-06-14 11:53:52','for user \"mocksiest\" at LAXAMANA-PC: '),(2021,2,20,'2024-06-14 11:54:30','for user \"mocksiest\" at LAXAMANA-PC: '),(2022,2,21,'2024-06-14 11:54:32','for user \"mocksiest\" at LAXAMANA-PC: '),(2023,2,20,'2024-06-14 11:54:33','for user \"mocksiest\" at LAXAMANA-PC: '),(2024,2,21,'2024-06-14 11:54:46','for user \"mocksiest\" at LAXAMANA-PC: '),(2025,2,20,'2024-06-14 11:54:47','for user \"mocksiest\" at LAXAMANA-PC: '),(2026,2,15,'2024-06-14 11:56:32','for user \"mocksiest\" at LAXAMANA-PC: registered new user \"pechay\"'),(2027,2,9,'2024-06-14 11:57:20','for user \"mocksiest\" at LAXAMANA-PC: '),(2028,6,5,'2024-06-14 11:57:50','for user \"zion\" at LAXAMANA-PC: '),(2029,6,6,'2024-06-14 11:58:02','for user \"zion\" at LAXAMANA-PC: '),(2030,3,5,'2024-06-14 11:58:13','for user \"clark\" at LAXAMANA-PC: '),(2031,1,7,'2024-06-14 11:58:51','for user \"clark\" at LAXAMANA-PC: '),(2032,3,2,'2024-06-14 11:59:04','for user \"clark\" at LAXAMANA-PC: '),(2033,3,8,'2024-06-14 11:59:33','for user \"clark\" at LAXAMANA-PC: '),(2034,3,9,'2024-06-14 11:59:45','for user \"clark\" at LAXAMANA-PC: '),(2035,6,5,'2024-06-14 12:01:47','for user \"zion\" at LAXAMANA-PC: '),(2036,1,7,'2024-06-14 12:03:42','for user \"zion\" at LAXAMANA-PC: '),(2037,6,2,'2024-06-14 12:03:59','for user \"zion\" at LAXAMANA-PC: '),(2038,6,8,'2024-06-14 12:04:10','for user \"zion\" at LAXAMANA-PC: '),(2039,6,9,'2024-06-14 12:04:16','for user \"zion\" at LAXAMANA-PC: '),(2040,6,5,'2024-06-14 12:06:06','for user \"zion\" at LAXAMANA-PC: '),(2041,6,6,'2024-06-14 12:06:10','for user \"zion\" at LAXAMANA-PC: '),(2042,1,1,'2024-06-14 12:06:41','for user \"zion\" at LAXAMANA-PC: '),(2043,6,2,'2024-06-14 12:06:59','for user \"zion\" at LAXAMANA-PC: '),(2044,6,8,'2024-06-14 12:07:15','for user \"zion\" at LAXAMANA-PC: '),(2045,6,10,'2024-06-14 12:07:22','for user \"zion\" at LAXAMANA-PC: viewed account details of \"clark\"'),(2046,6,11,'2024-06-14 12:07:34','for user \"zion\" at LAXAMANA-PC: updated account details of user \"clark\"; changed unique_question_id from 1 to 2, '),(2047,6,9,'2024-06-14 12:07:50','for user \"zion\" at LAXAMANA-PC: '),(2048,3,5,'2024-06-14 12:08:09','for user \"clark\" at LAXAMANA-PC: '),(2049,3,6,'2024-06-14 12:08:13','for user \"clark\" at LAXAMANA-PC: '),(2050,4,2,'2024-06-14 12:09:47','for user \"Andrea\" at LAXAMANA-PC: '),(2051,4,8,'2024-06-14 12:10:00','for user \"Andrea\" at LAXAMANA-PC: '),(2052,4,9,'2024-06-14 12:10:18','for user \"Andrea\" at LAXAMANA-PC: '),(2053,2,2,'2024-06-14 15:42:26','for user \"mocksiest\" at LAXAMANA-PC: '),(2054,2,8,'2024-06-14 15:42:37','for user \"mocksiest\" at LAXAMANA-PC: '),(2055,2,9,'2024-06-14 15:43:51','for user \"mocksiest\" at LAXAMANA-PC: '),(2056,4,2,'2024-06-14 15:43:57','for user \"Andrea\" at LAXAMANA-PC: '),(2057,4,8,'2024-06-14 15:48:00','for user \"Andrea\" at LAXAMANA-PC: '),(2058,4,9,'2024-06-14 15:48:35','for user \"Andrea\" at LAXAMANA-PC: '),(2059,2,9,'2024-06-14 15:56:16','for user \"mocksiest\" at LAXAMANA-PC: '),(2060,1,1,'2024-06-14 15:56:34','for user \"Andrea\" at LAXAMANA-PC: '),(2061,3,9,'2024-06-14 15:57:19','for user \"clark\" at LAXAMANA-PC: '),(2062,4,9,'2024-06-14 15:58:17','for user \"Andrea\" at LAXAMANA-PC: '),(2063,2,22,'2024-06-15 20:17:36','for user \"mocksiest\" at LAXAMANA-PC: changed isVoided from false to true, '),(2064,2,22,'2024-06-15 22:26:23','for user \"mocksiest\" at LAXAMANA-PC: changed isVoided from false to true, '),(2065,2,22,'2024-06-15 22:26:41','for user \"mocksiest\" at LAXAMANA-PC: changed isVoided from false to true, '),(2066,2,22,'2024-06-16 12:19:31','for user \"mocksiest\" at LAXAMANA-PC: changed isVoided from false to true, '),(2067,2,13,'2024-06-16 12:19:46','for user \"mocksiest\" at LAXAMANA-PC: '),(2068,2,13,'2024-06-16 12:20:22','for user \"mocksiest\" at LAXAMANA-PC: '),(2069,2,15,'2024-06-16 16:22:57','for user \"mocksiest\" at LAXAMANA-PC: incremented stock \"sugar\"'),(2070,2,22,'2024-06-16 16:22:57','for user \"mocksiest\" at LAXAMANA-PC: changed quantity from 0 to 4, '),(2071,2,13,'2024-06-16 16:23:48','for user \"mocksiest\" at LAXAMANA-PC: '),(2072,2,22,'2024-06-16 16:35:19','for user \"mocksiest\" at LAXAMANA-PC: changed isVoided from false to true, '),(2073,2,15,'2024-06-16 16:36:07','for user \"mocksiest\" at LAXAMANA-PC: registered new user \"soy sauce\"'),(2074,2,23,'2024-06-16 16:36:27','for user \"mocksiest\" at LAXAMANA-PC: registered stock/product purchase of \"soy sauce\"'),(2075,2,22,'2024-06-16 16:36:27','for user \"mocksiest\" at LAXAMANA-PC: changed quantity from 0 to 5, '),(2076,2,15,'2024-06-16 16:38:44','for user \"mocksiest\" at LAXAMANA-PC: registered new user \"vinegar\"'),(2077,2,23,'2024-06-16 16:39:37','for user \"mocksiest\" at LAXAMANA-PC: registered stock/product purchase of \"vinegar\"'),(2078,2,22,'2024-06-16 16:39:37','for user \"mocksiest\" at LAXAMANA-PC: changed quantity from 0 to 7, '),(2079,2,13,'2024-06-16 16:40:51','for user \"mocksiest\" at LAXAMANA-PC: '),(2080,2,23,'2024-06-16 16:44:40','for user \"mocksiest\" at LAXAMANA-PC: registered stock/product purchase of \"teststock\"'),(2081,2,22,'2024-06-16 16:44:40','for user \"mocksiest\" at LAXAMANA-PC: updated details of stock \"teststock\";changed quantity from 0 to 3, '),(2082,2,13,'2024-06-16 16:45:55','for user \"mocksiest\" at LAXAMANA-PC: '),(2083,2,23,'2024-06-16 16:47:14','for user \"mocksiest\" at LAXAMANA-PC: registered stock/product purchase of \"teststock\"'),(2084,2,22,'2024-06-16 16:47:14','for user \"mocksiest\" at LAXAMANA-PC: updated details of stock \"teststock\";changed quantity from 3 to 4, '),(2085,2,23,'2024-06-16 16:48:49','for user \"mocksiest\" at LAXAMANA-PC: registered stock/product purchase of \"ayoko na\"'),(2086,2,22,'2024-06-16 16:48:49','for user \"mocksiest\" at LAXAMANA-PC: updated details of stock \"ayoko na\";changed quantity from 0 to 6, '),(2087,2,13,'2024-06-16 16:49:41','for user \"mocksiest\" at LAXAMANA-PC: '),(2088,2,9,'2024-06-16 17:10:08','for user \"mocksiest\" at LAXAMANA-PC: '),(2089,1,17,'2024-06-16 17:10:10','for user \"SYSTEM\" at LAXAMANA-PC: '),(2090,2,13,'2024-06-16 17:13:28','for user \"mocksiest\" at LAXAMANA-PC: '),(2091,2,13,'2024-06-16 17:14:51','for user \"mocksiest\" at LAXAMANA-PC: '),(2092,1,17,'2024-06-16 17:15:06','for user \"SYSTEM\" at LAXAMANA-PC: saved as \"data.sql\";'),(2093,2,13,'2024-06-16 17:15:15','for user \"mocksiest\" at LAXAMANA-PC: '),(2094,1,17,'2024-06-16 17:15:25','for user \"SYSTEM\" at LAXAMANA-PC: saved as \"data.sql\";'),(2095,1,17,'2024-06-16 17:16:30','for user \"SYSTEM\" at LAXAMANA-PC: saved as \"data.sql\";'),(2096,2,13,'2024-06-16 17:16:47','for user \"mocksiest\" at LAXAMANA-PC: '),(2097,2,16,'2024-06-16 17:17:06','for user \"mocksiest\" at LAXAMANA-PC: '),(2098,2,13,'2024-06-16 17:17:11','for user \"mocksiest\" at LAXAMANA-PC: '),(2099,1,17,'2024-06-16 17:22:00','for user \"SYSTEM\" at LAXAMANA-PC: saved as \"data.sql\";'),(2100,1,17,'2024-06-16 17:22:02','for user \"SYSTEM\" at LAXAMANA-PC: saved as \"data.sql\";'),(2101,2,13,'2024-06-16 17:22:35','for user \"mocksiest\" at LAXAMANA-PC: '),(2102,2,16,'2024-06-16 17:22:43','for user \"mocksiest\" at LAXAMANA-PC: saved as \"2024-06-16 17-22-42.sql\"'),(2103,2,13,'2024-06-16 17:22:47','for user \"mocksiest\" at LAXAMANA-PC: '),(2104,2,16,'2024-06-16 17:25:49','for user \"mocksiest\" at LAXAMANA-PC: saved as \"2024-06-16 17-25-49.sql\"; at location \"F:\\Jownjown\\Education\\3rd Year\\Summer\\Software Engineering 2\\Final Project\\zav-pms\\databaseexport\"'),(2105,1,17,'2024-06-16 17:25:59','for user \"SYSTEM\" at LAXAMANA-PC: saved as \"data.sql\"; at location \"F:\\Jownjown\\Education\\3rd Year\\Summer\\Software Engineering 2\\Final Project\\zav-pms\\databaseexport\"'),(2106,2,13,'2024-06-16 17:26:11','for user \"mocksiest\" at LAXAMANA-PC: '),(2107,1,17,'2024-06-16 17:26:31','for user \"SYSTEM\" at LAXAMANA-PC: saved as \"data.sql\"; at location \"F:\\Jownjown\\Education\\3rd Year\\Summer\\Software Engineering 2\\Final Project\\zav-pms\\databaseexport\"'),(2108,2,15,'2024-06-16 17:32:45','for user \"mocksiest\" at LAXAMANA-PC: registered new user \"pepper\"'),(2109,2,23,'2024-06-16 17:35:51','for user \"mocksiest\" at LAXAMANA-PC: registered stock/product purchase of \"pepper\"'),(2110,2,22,'2024-06-16 17:35:51','for user \"mocksiest\" at LAXAMANA-PC: updated details of stock \"pepper\";changed quantity from 0 to 10, '),(2111,2,13,'2024-06-16 17:36:04','for user \"mocksiest\" at LAXAMANA-PC: '),(2112,2,9,'2024-06-16 17:37:13','for user \"mocksiest\" at LAXAMANA-PC: '),(2113,1,17,'2024-06-16 17:37:15','for user \"SYSTEM\" at LAXAMANA-PC: saved as \"data.sql\"; at location \"F:\\Jownjown\\Education\\3rd Year\\Summer\\Software Engineering 2\\Final Project\\zav-pms\\databaseexport\"'),(2114,2,21,'2024-06-16 17:48:04','for user \"mocksiest\" at LAXAMANA-PC: '),(2115,5,5,'2024-06-16 18:14:05','for user \"ak47\" at LAXAMANA-PC: '),(2116,5,6,'2024-06-16 18:14:15','for user \"ak47\" at LAXAMANA-PC: '),(2117,5,5,'2024-06-16 18:14:47','for user \"ak47\" at LAXAMANA-PC: '),(2118,1,7,'2024-06-16 18:15:34','for user \"ak47\" at LAXAMANA-PC: '),(2119,2,2,'2024-06-16 18:16:41','for user \"mocksiest\" at LAXAMANA-PC: '),(2120,2,8,'2024-06-16 18:17:02','for user \"mocksiest\" at LAXAMANA-PC: '),(2121,2,16,'2024-06-16 18:19:13','for user \"mocksiest\" at LAXAMANA-PC: saved as \"2024-06-16 18-19-13.sql\"; at location \"F:\\Jownjown\\Education\\3rd Year\\Summer\\Software Engineering 2\\Final Project\\zav-pms\\databaseexport\"'),(2122,2,20,'2024-06-16 18:19:26','for user \"mocksiest\" at LAXAMANA-PC: '),(2123,2,21,'2024-06-16 18:19:26','for user \"mocksiest\" at LAXAMANA-PC: '),(2124,2,13,'2024-06-16 18:19:29','for user \"mocksiest\" at LAXAMANA-PC: '),(2125,2,13,'2024-06-16 18:21:38','for user \"mocksiest\" at LAXAMANA-PC: '),(2126,2,12,'2024-06-16 18:24:13','for user \"mocksiest\" at LAXAMANA-PC: registered new user \"apolloVL\"'),(2127,2,10,'2024-06-16 18:24:20','for user \"mocksiest\" at LAXAMANA-PC: viewed account details of \"apolloVL\"'),(2128,2,11,'2024-06-16 18:24:36','for user \"mocksiest\" at LAXAMANA-PC: updated account details of user \"apolloVL\"; changed account_status_id_string from Active to Disabled, '),(2129,2,10,'2024-06-16 18:24:39','for user \"mocksiest\" at LAXAMANA-PC: viewed account details of \"apolloVL\"'),(2130,2,11,'2024-06-16 18:24:39','for user \"mocksiest\" at LAXAMANA-PC: updated account details of user \"apolloVL\"; changed account_status_id_string from Disabled to Active, '),(2131,2,10,'2024-06-16 18:40:40','for user \"mocksiest\" at LAXAMANA-PC: viewed account details of \"clark\"'),(2132,2,9,'2024-06-16 18:40:47','for user \"mocksiest\" at LAXAMANA-PC: '),(2133,3,9,'2024-06-16 18:40:56','for user \"clark\" at LAXAMANA-PC: '),(2134,4,9,'2024-06-16 18:42:56','for user \"Andrea\" at LAXAMANA-PC: '),(2135,2,20,'2024-06-16 18:48:11','for user \"mocksiest\" at LAXAMANA-PC: '),(2136,1,17,'2024-06-16 18:48:14','for user \"SYSTEM\" at LAXAMANA-PC: saved as \"data.sql\"; at location \"F:\\Jownjown\\Education\\3rd Year\\Summer\\Software Engineering 2\\Final Project\\zav-pms\\databaseexport\"'),(2137,2,13,'2024-06-16 18:53:44','for user \"mocksiest\" at LAXAMANA-PC: '),(2138,2,13,'2024-06-16 18:54:35','for user \"mocksiest\" at LAXAMANA-PC: '),(2139,1,17,'2024-06-16 20:54:57','for user \"SYSTEM\" at LAXAMANA-PC: saved as \"data.sql\"; at location \"F:\\Jownjown\\Education\\3rd Year\\Summer\\Software Engineering 2\\Final Project\\zav-pms\\databaseexport\"'),(2140,1,17,'2024-06-17 09:28:54','for user \"SYSTEM\" at LAXAMANA-PC: saved as \"data.sql\"; at location \"F:\\Jownjown\\Education\\3rd Year\\Summer\\Software Engineering 2\\Final Project\\zav-pms\\databaseexport\"'),(2141,1,17,'2024-06-17 09:35:17','for user \"SYSTEM\" at LAXAMANA-PC: saved as \"data.sql\"; at location \"F:\\Jownjown\\Education\\3rd Year\\Summer\\Software Engineering 2\\Final Project\\zav-pms\\databaseexport\"'),(2142,1,17,'2024-06-17 09:56:51','for user \"SYSTEM\" at LAXAMANA-PC: saved as \"data.sql\"; at location \"F:\\Jownjown\\Education\\3rd Year\\Summer\\Software Engineering 2\\Final Project\\zav-pms\\databaseexport\"'),(2143,1,17,'2024-06-17 10:34:50','for user \"SYSTEM\" at LAXAMANA-PC: saved as \"data.sql\"; at location \"F:\\Jownjown\\Education\\3rd Year\\Summer\\Software Engineering 2\\Final Project\\zav-pms\\databaseexport\"'),(2144,1,17,'2024-06-17 10:35:52','for user \"SYSTEM\" at LAXAMANA-PC: saved as \"data.sql\"; at location \"F:\\Jownjown\\Education\\3rd Year\\Summer\\Software Engineering 2\\Final Project\\zav-pms\\databaseexport\"'),(2145,1,17,'2024-06-17 11:06:33','for user \"SYSTEM\" at LAXAMANA-PC: saved as \"data.sql\"; at location \"F:\\Jownjown\\Education\\3rd Year\\Summer\\Software Engineering 2\\Final Project\\zav-pms\\databaseexport\"'),(2146,1,17,'2024-06-17 11:25:49','for user \"SYSTEM\" at LAXAMANA-PC: saved as \"data.sql\"; at location \"F:\\Jownjown\\Education\\3rd Year\\Summer\\Software Engineering 2\\Final Project\\zav-pms\\databaseexport\"'),(2147,1,17,'2024-06-17 11:26:28','for user \"SYSTEM\" at LAXAMANA-PC: saved as \"data.sql\"; at location \"F:\\Jownjown\\Education\\3rd Year\\Summer\\Software Engineering 2\\Final Project\\zav-pms\\databaseexport\"'),(2148,1,17,'2024-06-17 11:26:47','for user \"SYSTEM\" at LAXAMANA-PC: saved as \"data.sql\"; at location \"F:\\Jownjown\\Education\\3rd Year\\Summer\\Software Engineering 2\\Final Project\\zav-pms\\databaseexport\"'),(2149,2,23,'2024-06-17 11:48:18','for user \"mocksiest\" at LAXAMANA-PC: registered stock/product purchase of \"pepper\"'),(2150,2,22,'2024-06-17 11:48:18','for user \"mocksiest\" at LAXAMANA-PC: updated details of stock \"pepper\";changed quantity from 10 to 15, '),(2151,1,17,'2024-06-17 13:04:29','for user \"SYSTEM\" at LAXAMANA-PC: saved as \"data.sql\"; at location \"F:\\Jownjown\\Education\\3rd Year\\Summer\\Software Engineering 2\\Final Project\\zav-pms\\databaseexport\"'),(2152,1,17,'2024-06-17 13:33:53','for user \"SYSTEM\" at LAXAMANA-PC: saved as \"data.sql\"; at location \"F:\\Jownjown\\Education\\3rd Year\\Summer\\Software Engineering 2\\Final Project\\zav-pms\\databaseexport\"'),(2153,1,17,'2024-06-17 14:32:39','for user \"SYSTEM\" at LAXAMANA-PC: saved as \"data.sql\"; at location \"F:\\Jownjown\\Education\\3rd Year\\Summer\\Software Engineering 2\\Final Project\\zav-pms\\databaseexport\"'),(2154,1,17,'2024-06-17 14:41:38','for user \"SYSTEM\" at LAXAMANA-PC: saved as \"data.sql\"; at location \"F:\\Jownjown\\Education\\3rd Year\\Summer\\Software Engineering 2\\Final Project\\zav-pms\\databaseexport\"'),(2155,1,17,'2024-06-17 14:49:39','for user \"SYSTEM\" at LAXAMANA-PC: saved as \"data.sql\"; at location \"F:\\Jownjown\\Education\\3rd Year\\Summer\\Software Engineering 2\\Final Project\\zav-pms\\databaseexport\"'),(2156,2,9,'2024-06-17 15:26:44','for user \"mocksiest\" at LAXAMANA-PC: '),(2157,1,17,'2024-06-17 15:26:56','for user \"SYSTEM\" at LAXAMANA-PC: saved as \"data.sql\"; at location \"F:\\Jownjown\\Education\\3rd Year\\Summer\\Software Engineering 2\\Final Project\\zav-pms\\databaseexport\"'),(2158,2,9,'2024-06-17 15:37:53','for user \"mocksiest\" at LAXAMANA-PC: '),(2159,2,9,'2024-06-17 15:38:13','for user \"mocksiest\" at LAXAMANA-PC: '),(2160,1,17,'2024-06-17 15:38:17','for user \"SYSTEM\" at LAXAMANA-PC: saved as \"data.sql\"; at location \"F:\\Jownjown\\Education\\3rd Year\\Summer\\Software Engineering 2\\Final Project\\zav-pms\\databaseexport\"'),(2161,1,17,'2024-06-17 15:52:43','for user \"SYSTEM\" at LAXAMANA-PC: saved as \"data.sql\"; at location \"F:\\Jownjown\\Education\\3rd Year\\Summer\\Software Engineering 2\\Final Project\\zav-pms\\databaseexport\"'),(2162,1,17,'2024-06-17 17:07:11','for user \"SYSTEM\" at LAXAMANA-PC: saved as \"data.sql\"; at location \"F:\\Jownjown\\Education\\3rd Year\\Summer\\Software Engineering 2\\Final Project\\zav-pms\\databaseexport\"'),(2163,1,17,'2024-06-17 17:08:49','for user \"SYSTEM\" at LAXAMANA-PC: saved as \"data.sql\"; at location \"F:\\Jownjown\\Education\\3rd Year\\Summer\\Software Engineering 2\\Final Project\\zav-pms\\databaseexport\"'),(2164,1,17,'2024-06-17 17:10:39','for user \"SYSTEM\" at LAXAMANA-PC: saved as \"data.sql\"; at location \"F:\\Jownjown\\Education\\3rd Year\\Summer\\Software Engineering 2\\Final Project\\zav-pms\\databaseexport\"'),(2165,1,17,'2024-06-17 17:20:13','for user \"SYSTEM\" at LAXAMANA-PC: saved as \"data.sql\"; at location \"F:\\Jownjown\\Education\\3rd Year\\Summer\\Software Engineering 2\\Final Project\\zav-pms\\databaseexport\"'),(2166,1,17,'2024-06-17 18:58:00','for user \"SYSTEM\" at LAXAMANA-PC: saved as \"data.sql\"; at location \"F:\\Jownjown\\Education\\3rd Year\\Summer\\Software Engineering 2\\Final Project\\zav-pms\\databaseexport\"'),(2167,1,17,'2024-06-17 19:42:44','for user \"SYSTEM\" at LAXAMANA-PC: saved as \"data.sql\"; at location \"F:\\Jownjown\\Education\\3rd Year\\Summer\\Software Engineering 2\\Final Project\\zav-pms\\databaseexport\"'),(2168,1,17,'2024-06-17 19:44:41','for user \"SYSTEM\" at LAXAMANA-PC: saved as \"data.sql\"; at location \"F:\\Jownjown\\Education\\3rd Year\\Summer\\Software Engineering 2\\Final Project\\zav-pms\\databaseexport\"'),(2169,1,17,'2024-06-17 19:47:02','for user \"SYSTEM\" at LAXAMANA-PC: saved as \"data.sql\"; at location \"F:\\Jownjown\\Education\\3rd Year\\Summer\\Software Engineering 2\\Final Project\\zav-pms\\databaseexport\"'),(2170,2,13,'2024-06-17 19:52:11','for user \"mocksiest\" at LAXAMANA-PC: '),(2171,2,23,'2024-06-17 19:52:49','for user \"mocksiest\" at LAXAMANA-PC: registered stock/product purchase of \"soy sauce\"'),(2172,2,22,'2024-06-17 19:52:49','for user \"mocksiest\" at LAXAMANA-PC: updated details of stock \"soy sauce\";changed quantity from 5 to 8, '),(2173,2,13,'2024-06-17 19:53:20','for user \"mocksiest\" at LAXAMANA-PC: '),(2174,2,9,'2024-06-17 19:53:46','for user \"mocksiest\" at LAXAMANA-PC: '),(2175,1,17,'2024-06-17 19:53:48','for user \"SYSTEM\" at LAXAMANA-PC: saved as \"data.sql\"; at location \"F:\\Jownjown\\Education\\3rd Year\\Summer\\Software Engineering 2\\Final Project\\zav-pms\\databaseexport\"'),(2176,2,22,'2024-06-19 10:06:58','for user \"mocksiest\" at LAXAMANA-PC: updated details of stock \"ayoko na\";changed isVoided from false to true, '),(2177,2,23,'2024-06-19 10:08:25','for user \"mocksiest\" at LAXAMANA-PC: registered stock/product purchase of \"sugar\"'),(2178,2,22,'2024-06-19 10:08:25','for user \"mocksiest\" at LAXAMANA-PC: updated details of stock \"sugar\";changed quantity from 4 to 9, '),(2179,1,17,'2024-06-19 13:48:01','for user \"SYSTEM\" at LAXAMANA-PC: saved as \"data.sql\"; at location \"F:\\Jownjown\\Education\\3rd Year\\Summer\\Software Engineering 2\\Final Project\\zav-pms\\databaseexport\"'),(2180,2,15,'2024-06-20 14:42:55','for user \"mocksiest\" at LAXAMANA-PC: registered new user \"bay leaf\"'),(2181,2,23,'2024-06-20 14:44:18','for user \"mocksiest\" at LAXAMANA-PC: registered stock/product purchase of \"bay leaf\"'),(2182,2,22,'2024-06-20 14:44:18','for user \"mocksiest\" at LAXAMANA-PC: updated details of stock \"bay leaf\";changed quantity from 0 to 10, '),(2183,1,17,'2024-06-20 14:45:32','for user \"SYSTEM\" at LAXAMANA-PC: saved as \"data.sql\"; at location \"F:\\Jownjown\\Education\\3rd Year\\Summer\\Software Engineering 2\\Final Project\\zav-pms\\databaseexport\"'),(2184,2,12,'2024-06-21 23:13:34','for user \"mocksiest\" at LAXAMANA-PC: registered new product \"Pepsi\"'),(2185,1,17,'2024-06-21 23:47:18','for user \"SYSTEM\" at LAXAMANA-PC: saved as \"data.sql\"; at location \"F:\\Jownjown\\Education\\3rd Year\\Summer\\Software Engineering 2\\Final Project\\zav-pms\\databaseexport\"'),(2186,2,25,'2024-06-22 00:03:04','for user \"mocksiest\" at LAXAMANA-PC: registered new product variant of \"Coke Zero\"'),(2187,1,17,'2024-06-22 08:52:25','for user \"SYSTEM\" at LAXAMANA-PC: saved as \"data.sql\"; at location \"F:\\Jownjown\\Education\\3rd Year\\Summer\\Software Engineering 2\\Final Project\\zav-pms\\databaseexport\"'),(2188,1,17,'2024-06-22 08:58:06','for user \"SYSTEM\" at LAXAMANA-PC: saved as \"data.sql\"; at location \"F:\\Jownjown\\Education\\3rd Year\\Summer\\Software Engineering 2\\Final Project\\zav-pms\\databaseexport\"'),(2189,1,17,'2024-06-22 09:07:48','for user \"SYSTEM\" at LAXAMANA-PC: saved as \"data.sql\"; at location \"F:\\Jownjown\\Education\\3rd Year\\Summer\\Software Engineering 2\\Final Project\\zav-pms\\databaseexport\"'),(2190,2,25,'2024-06-22 09:25:21','for user \"mocksiest\" at LAXAMANA-PC: registered new product variant of \"Pepsi\"'),(2191,2,13,'2024-06-22 09:25:59','for user \"mocksiest\" at LAXAMANA-PC: '),(2192,2,25,'2024-06-22 09:27:30','for user \"mocksiest\" at LAXAMANA-PC: registered new product variant of \"Sprite\"'),(2193,2,24,'2024-06-22 09:30:39','for user \"mocksiest\" at LAXAMANA-PC: registered new product \"Royal\"'),(2194,2,25,'2024-06-22 09:30:39','for user \"mocksiest\" at LAXAMANA-PC: registered new product variant of \"Royal\"'),(2195,2,13,'2024-06-22 09:30:45','for user \"mocksiest\" at LAXAMANA-PC: '),(2196,2,25,'2024-06-22 09:53:41','for user \"mocksiest\" at LAXAMANA-PC: registered new product variant of \"Coke Zero\"'),(2197,2,13,'2024-06-22 09:54:00','for user \"mocksiest\" at LAXAMANA-PC: '),(2198,2,24,'2024-06-22 09:55:34','for user \"mocksiest\" at LAXAMANA-PC: registered new product \"Sarsi\"'),(2199,2,25,'2024-06-22 09:55:34','for user \"mocksiest\" at LAXAMANA-PC: registered new product variant of \"Sarsi\"'),(2200,2,13,'2024-06-22 09:55:38','for user \"mocksiest\" at LAXAMANA-PC: '),(2201,2,13,'2024-06-22 09:56:34','for user \"mocksiest\" at LAXAMANA-PC: '),(2202,2,24,'2024-06-22 10:12:09','for user \"mocksiest\" at LAXAMANA-PC: registered new product \"Kelp Juice\"'),(2203,2,25,'2024-06-22 10:12:09','for user \"mocksiest\" at LAXAMANA-PC: registered new product variant of \"Kelp Juice\"'),(2204,2,13,'2024-06-22 10:12:14','for user \"mocksiest\" at LAXAMANA-PC: '),(2205,2,13,'2024-06-22 10:18:07','for user \"mocksiest\" at LAXAMANA-PC: '),(2206,2,13,'2024-06-22 10:19:30','for user \"mocksiest\" at LAXAMANA-PC: '),(2207,2,13,'2024-06-22 10:20:51','for user \"mocksiest\" at LAXAMANA-PC: '),(2208,2,13,'2024-06-22 10:21:53','for user \"mocksiest\" at LAXAMANA-PC: '),(2209,1,17,'2024-06-22 10:23:02','for user \"SYSTEM\" at LAXAMANA-PC: saved as \"data.sql\"; at location \"F:\\Jownjown\\Education\\3rd Year\\Summer\\Software Engineering 2\\Final Project\\zav-pms\\databaseexport\"'),(2210,2,13,'2024-06-22 10:23:26','for user \"mocksiest\" at LAXAMANA-PC: '),(2211,1,17,'2024-06-22 10:23:45','for user \"SYSTEM\" at LAXAMANA-PC: saved as \"data.sql\"; at location \"F:\\Jownjown\\Education\\3rd Year\\Summer\\Software Engineering 2\\Final Project\\zav-pms\\databaseexport\"'),(2212,1,17,'2024-06-22 10:24:34','for user \"SYSTEM\" at LAXAMANA-PC: saved as \"data.sql\"; at location \"F:\\Jownjown\\Education\\3rd Year\\Summer\\Software Engineering 2\\Final Project\\zav-pms\\databaseexport\"'),(2213,1,17,'2024-06-22 10:26:10','for user \"SYSTEM\" at LAXAMANA-PC: saved as \"data.sql\"; at location \"F:\\Jownjown\\Education\\3rd Year\\Summer\\Software Engineering 2\\Final Project\\zav-pms\\databaseexport\"'),(2214,1,17,'2024-06-22 12:27:26','for user \"SYSTEM\" at LAXAMANA-PC: saved as \"data.sql\"; at location \"F:\\Jownjown\\Education\\3rd Year\\Summer\\Software Engineering 2\\Final Project\\zav-pms\\databaseexport\"'),(2215,1,17,'2024-06-22 12:59:08','for user \"SYSTEM\" at LAXAMANA-PC: saved as \"data.sql\"; at location \"F:\\Jownjown\\Education\\3rd Year\\Summer\\Software Engineering 2\\Final Project\\zav-pms\\databaseexport\"'),(2216,1,17,'2024-06-22 12:59:36','for user \"SYSTEM\" at LAXAMANA-PC: saved as \"data.sql\"; at location \"F:\\Jownjown\\Education\\3rd Year\\Summer\\Software Engineering 2\\Final Project\\zav-pms\\databaseexport\"'),(2217,1,17,'2024-06-22 13:41:06','for user \"SYSTEM\" at LAXAMANA-PC: saved as \"data.sql\"; at location \"F:\\Jownjown\\Education\\3rd Year\\Summer\\Software Engineering 2\\Final Project\\zav-pms\\databaseexport\"'),(2218,2,13,'2024-06-22 15:26:13','for user \"mocksiest\" at LAXAMANA-PC: '),(2219,2,13,'2024-06-22 15:26:18','for user \"mocksiest\" at LAXAMANA-PC: '),(2220,2,28,'2024-06-22 15:40:24','for user \"mocksiest\" at LAXAMANA-PC: updated details of beverage variant \"Coke Zero, 250.00mL\";changed isVoided from false to true, '),(2221,2,13,'2024-06-22 15:40:46','for user \"mocksiest\" at LAXAMANA-PC: '),(2222,2,28,'2024-06-22 15:42:25','for user \"mocksiest\" at LAXAMANA-PC: updated details of beverage variant \"Coke Zero 250.00mL\";changed isVoided from false to true, '),(2223,2,13,'2024-06-22 15:42:41','for user \"mocksiest\" at LAXAMANA-PC: '),(2224,1,17,'2024-06-22 15:49:38','for user \"SYSTEM\" at LAXAMANA-PC: saved as \"data.sql\"; at location \"F:\\Jownjown\\Education\\3rd Year\\Summer\\Software Engineering 2\\Final Project\\zav-pms\\databaseexport\"'),(2225,2,23,'2024-06-22 17:43:01','for user \"mocksiest\" at LAXAMANA-PC: registered stock/product purchase of \"Coke Zero\"'),(2226,2,28,'2024-06-22 17:43:01','for user \"mocksiest\" at LAXAMANA-PC: updated details of beverage variant \"Coke Zero 1.00L\";changed available_count from 0 to 5, '),(2227,2,13,'2024-06-22 17:43:09','for user \"mocksiest\" at LAXAMANA-PC: '),(2228,2,23,'2024-06-22 18:03:03','for user \"mocksiest\" at LAXAMANA-PC: registered stock/product purchase of \"Sarsi\"'),(2229,2,28,'2024-06-22 18:03:03','for user \"mocksiest\" at LAXAMANA-PC: updated details of beverage variant \"Sarsi 290.00mL\";changed available_count from 0 to 5, '),(2230,2,13,'2024-06-22 18:13:47','for user \"mocksiest\" at LAXAMANA-PC: '),(2231,1,17,'2024-06-22 18:14:42','for user \"SYSTEM\" at LAXAMANA-PC: saved as \"data.sql\"; at location \"F:\\Jownjown\\Education\\3rd Year\\Summer\\Software Engineering 2\\Final Project\\zav-pms\\databaseexport\"'),(2232,1,17,'2024-06-22 18:25:21','for user \"SYSTEM\" at LAXAMANA-PC: saved as \"data.sql\"; at location \"F:\\Jownjown\\Education\\3rd Year\\Summer\\Software Engineering 2\\Final Project\\zav-pms\\databaseexport\"'),(2233,1,17,'2024-06-22 18:58:36','for user \"SYSTEM\" at LAXAMANA-PC: saved as \"data.sql\"; at location \"F:\\Jownjown\\Education\\3rd Year\\Summer\\Software Engineering 2\\Final Project\\zav-pms\\databaseexport\"'),(2234,1,17,'2024-06-22 19:37:03','for user \"SYSTEM\" at LAXAMANA-PC: saved as \"data.sql\"; at location \"F:\\Jownjown\\Education\\3rd Year\\Summer\\Software Engineering 2\\Final Project\\zav-pms\\databaseexport\"'),(2235,2,26,'2024-06-22 23:54:29','for user \"mocksiest\" at LAXAMANA-PC: registered new product \"Asdasd\"'),(2236,2,26,'2024-06-23 01:09:47','for user \"mocksiest\" at LAXAMANA-PC: registered new product \"Sisig\"'),(2237,2,13,'2024-06-23 01:11:31','for user \"mocksiest\" at LAXAMANA-PC: '),(2238,2,9,'2024-06-23 01:11:42','for user \"mocksiest\" at LAXAMANA-PC: '),(2239,1,17,'2024-06-23 01:12:00','for user \"SYSTEM\" at LAXAMANA-PC: saved as \"data.sql\"; at location \"F:\\Jownjown\\Education\\3rd Year\\Summer\\Software Engineering 2\\Final Project\\zav-pms\\databaseexport\"'),(2240,2,26,'2024-06-23 01:13:44','for user \"mocksiest\" at LAXAMANA-PC: registered new product \"Sisig\"'),(2241,2,27,'2024-06-23 01:13:44','for user \"mocksiest\" at LAXAMANA-PC: registered new product variant of \"Sisig\"'),(2242,2,13,'2024-06-23 01:15:09','for user \"mocksiest\" at LAXAMANA-PC: '),(2243,2,13,'2024-06-23 01:15:19','for user \"mocksiest\" at LAXAMANA-PC: '),(2244,2,26,'2024-06-23 01:40:36','for user \"mocksiest\" at LAXAMANA-PC: registered new product \"Sisig\"'),(2245,2,27,'2024-06-23 01:40:36','for user \"mocksiest\" at LAXAMANA-PC: registered new product variant of \"Sisig\"'),(2246,2,26,'2024-06-23 01:42:45','for user \"mocksiest\" at LAXAMANA-PC: registered new product \"Sisig\"'),(2247,2,27,'2024-06-23 01:42:45','for user \"mocksiest\" at LAXAMANA-PC: registered new product variant of \"Sisig\"'),(2248,2,26,'2024-06-23 01:48:55','for user \"mocksiest\" at LAXAMANA-PC: registered new product \"Sisig\"'),(2249,2,27,'2024-06-23 01:48:55','for user \"mocksiest\" at LAXAMANA-PC: registered new product variant of \"Sisig\"'),(2250,2,13,'2024-06-23 01:49:18','for user \"mocksiest\" at LAXAMANA-PC: '),(2251,2,26,'2024-06-23 01:53:16','for user \"mocksiest\" at LAXAMANA-PC: registered new product \"Tapsilog\"'),(2252,2,27,'2024-06-23 01:53:16','for user \"mocksiest\" at LAXAMANA-PC: registered new product variant of \"Tapsilog\"'),(2253,1,17,'2024-06-23 02:11:09','for user \"SYSTEM\" at LAXAMANA-PC: saved as \"data.sql\"; at location \"F:\\Jownjown\\Education\\3rd Year\\Summer\\Software Engineering 2\\Final Project\\zav-pms\\databaseexport\"'),(2254,1,17,'2024-06-23 02:37:24','for user \"SYSTEM\" at LAXAMANA-PC: saved as \"data.sql\"; at location \"F:\\Jownjown\\Education\\3rd Year\\Summer\\Software Engineering 2\\Final Project\\zav-pms\\databaseexport\"'),(2255,1,17,'2024-06-23 02:43:28','for user \"SYSTEM\" at LAXAMANA-PC: saved as \"data.sql\"; at location \"F:\\Jownjown\\Education\\3rd Year\\Summer\\Software Engineering 2\\Final Project\\zav-pms\\databaseexport\"'),(2256,1,17,'2024-06-23 03:01:38','for user \"SYSTEM\" at LAXAMANA-PC: saved as \"data.sql\"; at location \"F:\\Jownjown\\Education\\3rd Year\\Summer\\Software Engineering 2\\Final Project\\zav-pms\\databaseexport\"'),(2257,5,5,'2024-06-24 09:54:51','for user \"ak47\" at LAXAMANA-PC: '),(2258,1,7,'2024-06-24 09:57:00','for user \"ak47\" at LAXAMANA-PC: '),(2259,1,17,'2024-06-24 10:26:56','for user \"SYSTEM\" at LAXAMANA-PC: saved as \"data.sql\"; at location \"F:\\Jownjown\\Education\\3rd Year\\Summer\\Software Engineering 2\\Final Project\\zav-pms\\databaseexport\"'),(2260,2,15,'2024-06-24 14:33:13','for user \"mocksiest\" at LAXAMANA-PC: registered new user \"labuyo chili\"'),(2261,1,17,'2024-06-25 00:27:12','for user \"SYSTEM\" at LAXAMANA-PC: saved as \"data.sql\"; at location \"F:\\Jownjown\\Education\\3rd Year\\Summer\\Software Engineering 2\\Final Project\\zav-pms\\databaseexport\"'),(2262,2,23,'2024-06-25 16:57:34','for user \"mocksiest\" at LAXAMANA-PC: registered stock/product purchase of \"labuyo chili\"'),(2263,2,22,'2024-06-25 16:57:34','for user \"mocksiest\" at LAXAMANA-PC: updated details of stock \"labuyo chili\";changed quantity from 0 to 10, '),(2264,2,13,'2024-06-25 16:57:39','for user \"mocksiest\" at LAXAMANA-PC: '),(2265,1,17,'2024-06-25 17:13:18','for user \"SYSTEM\" at LAXAMANA-PC: saved as \"data.sql\"; at location \"F:\\Jownjown\\Education\\3rd Year\\Summer\\Software Engineering 2\\Final Project\\zav-pms\\databaseexport\"'),(2266,2,27,'2024-06-25 17:39:45','for user \"mocksiest\" at LAXAMANA-PC: registered new product variant of \"Sisig\"'),(2267,2,27,'2024-06-25 18:51:57','for user \"mocksiest\" at LAXAMANA-PC: registered new product variant of \"Sisig\"'),(2268,2,29,'2024-06-25 18:51:57','for user \"mocksiest\" at LAXAMANA-PC: added stock(s) required on new food product variant \"null\";labuyo chili'),(2269,2,27,'2024-06-25 18:57:28','for user \"mocksiest\" at LAXAMANA-PC: registered new product variant of \"Sisig\"'),(2270,2,29,'2024-06-25 18:57:28','for user \"mocksiest\" at LAXAMANA-PC: added stock(s) required on new food product variant \"Sisig\";labuyo chili, bay leaf'),(2271,2,13,'2024-06-25 18:58:07','for user \"mocksiest\" at LAXAMANA-PC: '),(2272,2,27,'2024-06-25 19:00:49','for user \"mocksiest\" at LAXAMANA-PC: registered new product variant of \"Sisig\"'),(2273,2,29,'2024-06-25 19:00:49','for user \"mocksiest\" at LAXAMANA-PC: added stock(s) required on new food product variant \"Sisig\"; labuyo chili, vinegar'),(2274,1,17,'2024-06-25 19:01:58','for user \"SYSTEM\" at LAXAMANA-PC: saved as \"data.sql\"; at location \"F:\\Jownjown\\Education\\3rd Year\\Summer\\Software Engineering 2\\Final Project\\zav-pms\\databaseexport\"'),(2275,2,27,'2024-06-25 19:49:55','for user \"mocksiest\" at LAXAMANA-PC: registered new product variant of \"Sisig\"'),(2276,2,29,'2024-06-25 19:49:55','for user \"mocksiest\" at LAXAMANA-PC: added stock(s) required on new food product variant \"Sisig\"; labuyo chili, bay leaf'),(2277,1,17,'2024-06-25 19:54:17','for user \"SYSTEM\" at LAXAMANA-PC: saved as \"data.sql\"; at location \"F:\\Jownjown\\Education\\3rd Year\\Summer\\Software Engineering 2\\Final Project\\zav-pms\\databaseexport\"'),(2278,2,27,'2024-06-25 19:55:13','for user \"mocksiest\" at LAXAMANA-PC: registered new product variant of \"Sisig\"'),(2279,2,29,'2024-06-25 19:55:13','for user \"mocksiest\" at LAXAMANA-PC: added stock(s) required on new food product variant \"Sisig\"; labuyo chili, bay leaf'),(2280,2,27,'2024-06-25 19:58:06','for user \"mocksiest\" at LAXAMANA-PC: registered new product variant of \"Sisig\"'),(2281,2,29,'2024-06-25 19:58:06','for user \"mocksiest\" at LAXAMANA-PC: added stock(s) required on new food product variant \"Sisig\"; soy sauce, labuyo chili'),(2282,2,27,'2024-06-25 20:03:24','for user \"mocksiest\" at LAXAMANA-PC: registered new product variant of \"Tapsilog\"'),(2283,2,29,'2024-06-25 20:03:24','for user \"mocksiest\" at LAXAMANA-PC: added stock(s) required on new food product variant \"Tapsilog\"; labuyo chili, soy sauce, sugar'),(2284,2,15,'2024-06-25 20:05:33','for user \"mocksiest\" at LAXAMANA-PC: registered new user \"egg\"'),(2285,2,23,'2024-06-25 20:06:51','for user \"mocksiest\" at LAXAMANA-PC: registered stock/product purchase of \"egg\"'),(2286,2,22,'2024-06-25 20:06:51','for user \"mocksiest\" at LAXAMANA-PC: updated details of stock \"egg\";changed quantity from 0 to 24, '),(2287,2,26,'2024-06-25 20:07:33','for user \"mocksiest\" at LAXAMANA-PC: registered new product \"Tocilog\"'),(2288,2,27,'2024-06-25 20:07:33','for user \"mocksiest\" at LAXAMANA-PC: registered new product variant of \"Tocilog\"'),(2289,2,29,'2024-06-25 20:07:34','for user \"mocksiest\" at LAXAMANA-PC: added stock(s) required on new food product variant \"Tocilog\"; egg, soy sauce, labuyo chili'),(2290,2,9,'2024-06-25 20:08:55','for user \"mocksiest\" at LAXAMANA-PC: '),(2291,1,17,'2024-06-25 20:08:59','for user \"SYSTEM\" at LAXAMANA-PC: saved as \"data.sql\"; at location \"F:\\Jownjown\\Education\\3rd Year\\Summer\\Software Engineering 2\\Final Project\\zav-pms\\databaseexport\"'),(2292,2,13,'2024-06-25 20:09:37','for user \"mocksiest\" at LAXAMANA-PC: '),(2293,1,17,'2024-06-25 20:10:17','for user \"SYSTEM\" at LAXAMANA-PC: saved as \"data.sql\"; at location \"F:\\Jownjown\\Education\\3rd Year\\Summer\\Software Engineering 2\\Final Project\\zav-pms\\databaseexport\"'),(2294,2,26,'2024-06-25 20:16:33','for user \"mocksiest\" at LAXAMANA-PC: registered new product \"Hotsilog\"'),(2295,2,27,'2024-06-25 20:16:33','for user \"mocksiest\" at LAXAMANA-PC: registered new product variant of \"Hotsilog\"'),(2296,2,29,'2024-06-25 20:16:33','for user \"mocksiest\" at LAXAMANA-PC: added stock(s) required on new food product variant \"Hotsilog\"; egg, labuyo chili, sugar'),(2297,2,13,'2024-06-25 20:16:40','for user \"mocksiest\" at LAXAMANA-PC: '),(2298,2,9,'2024-06-25 20:17:29','for user \"mocksiest\" at LAXAMANA-PC: '),(2299,1,17,'2024-06-25 20:17:30','for user \"SYSTEM\" at LAXAMANA-PC: saved as \"data.sql\"; at location \"F:\\Jownjown\\Education\\3rd Year\\Summer\\Software Engineering 2\\Final Project\\zav-pms\\databaseexport\"'),(2300,1,17,'2024-06-26 00:04:29','for user \"SYSTEM\" at LAXAMANA-PC: saved as \"data.sql\"; at location \"F:\\Jownjown\\Education\\3rd Year\\Summer\\Software Engineering 2\\Final Project\\zav-pms\\databaseexport\"'),(2301,2,10,'2024-06-26 00:12:10','for user \"mocksiest\" at LAPTOP-NKRJ7O6L: viewed account details of \"clark\"'),(2302,2,11,'2024-06-26 00:12:16','for user \"mocksiest\" at LAPTOP-NKRJ7O6L: updated account details of user \"clark\"; changed level_of_access_id_string from Kitchen Staff to Admin, '),(2303,2,13,'2024-06-26 00:12:20','for user \"mocksiest\" at LAXAMANA-PC: '),(2304,2,9,'2024-06-26 00:12:36','for user \"mocksiest\" at LAPTOP-NKRJ7O6L: '),(2305,1,1,'2024-06-26 00:12:46','for user \"clark\" at LAPTOP-NKRJ7O6L: '),(2306,2,10,'2024-06-26 00:12:47','for user \"mocksiest\" at LAXAMANA-PC: viewed account details of \"clark\"'),(2307,1,1,'2024-06-26 00:13:00','for user \"clark\" at LAPTOP-NKRJ7O6L: '),(2308,2,10,'2024-06-26 00:13:07','for user \"mocksiest\" at LAXAMANA-PC: viewed account details of \"mocksiest\"'),(2309,2,26,'2024-06-26 00:14:19','for user \"mocksiest\" at LAXAMANA-PC: registered new product \"Cornsilog\"'),(2310,2,27,'2024-06-26 00:14:19','for user \"mocksiest\" at LAXAMANA-PC: registered new product variant of \"Cornsilog\"'),(2311,2,29,'2024-06-26 00:14:20','for user \"mocksiest\" at LAXAMANA-PC: added stock(s) required on new food product variant \"Cornsilog\"; egg, pepper, sugar'),(2312,3,13,'2024-06-26 00:14:42','for user \"clark\" at LAPTOP-NKRJ7O6L: '),(2313,1,17,'2024-06-26 00:21:06','for user \"SYSTEM\" at LAXAMANA-PC: saved as \"data.sql\"; at location \"F:\\Jownjown\\Education\\3rd Year\\Summer\\Software Engineering 2\\Final Project\\zav-pms\\databaseexport\"'),(2314,1,17,'2024-06-26 00:40:38','for user \"SYSTEM\" at LAXAMANA-PC: saved as \"data.sql\"; at location \"F:\\Jownjown\\Education\\3rd Year\\Summer\\Software Engineering 2\\Final Project\\zav-pms\\databaseexport\"'),(2315,1,17,'2024-06-26 01:10:52','for user \"SYSTEM\" at LAXAMANA-PC: saved as \"data.sql\"; at location \"F:\\Jownjown\\Education\\3rd Year\\Summer\\Software Engineering 2\\Final Project\\zav-pms\\databaseexport\"'),(2316,2,30,'2024-06-26 01:19:33','for user \"mocksiest\" at LAXAMANA-PC: updated details of food variant \"Hotsilog solo\";changed is_voided from false to true, '),(2317,2,13,'2024-06-26 01:20:48','for user \"mocksiest\" at LAXAMANA-PC: '),(2318,1,17,'2024-06-26 01:24:16','for user \"SYSTEM\" at LAXAMANA-PC: saved as \"data.sql\"; at location \"F:\\Jownjown\\Education\\3rd Year\\Summer\\Software Engineering 2\\Final Project\\zav-pms\\databaseexport\"'),(2319,2,30,'2024-06-26 01:25:55','for user \"mocksiest\" at LAXAMANA-PC: updated details of food variant \"Tapsilog solo\";changed is_voided from false to true, '),(2320,2,13,'2024-06-26 01:29:30','for user \"mocksiest\" at LAXAMANA-PC: '),(2321,2,30,'2024-06-26 01:32:43','for user \"mocksiest\" at LAXAMANA-PC: updated details of food variant \"Hotsilog solo\";changed is_voided from false to true, '),(2322,2,30,'2024-06-26 01:34:32','for user \"mocksiest\" at LAXAMANA-PC: updated details of food variant \"Cornsilog solo\";changed is_voided from false to true, '),(2323,2,28,'2024-06-26 01:35:25','for user \"mocksiest\" at LAXAMANA-PC: updated details of beverage variant \"Kelp Juice 290.00mL\";changed isVoided from false to true, '),(2324,2,13,'2024-06-26 01:36:14','for user \"mocksiest\" at LAXAMANA-PC: '),(2325,2,27,'2024-06-26 01:42:53','for user \"mocksiest\" at LAXAMANA-PC: registered new product variant of \"Hotsilog\"'),(2326,2,29,'2024-06-26 01:42:53','for user \"mocksiest\" at LAXAMANA-PC: added stock(s) required on new food product variant \"Hotsilog\"; egg, soy sauce, bay leaf'),(2327,2,30,'2024-06-26 01:44:47','for user \"mocksiest\" at LAXAMANA-PC: updated details of food variant \"Hotsilog solo\";changed is_voided from false to true, '),(2328,1,17,'2024-06-26 11:30:10','for user \"SYSTEM\" at LAXAMANA-PC: saved as \"data.sql\"; at location \"F:\\Jownjown\\Education\\3rd Year\\Summer\\Software Engineering 2\\Final Project\\zav-pms\\databaseexport\"'),(2329,2,25,'2024-06-26 16:13:10','for user \"mocksiest\" at LAXAMANA-PC: registered new product variant of \"Sarsi\"'),(2330,1,17,'2024-06-27 21:00:19','for user \"SYSTEM\" at LAXAMANA-PC: saved as \"data.sql\"; at location \"F:\\Jownjown\\Education\\3rd Year\\Summer\\Software Engineering 2\\Final Project\\zav-pms\\databaseexport\"'),(2331,1,17,'2024-06-27 21:15:43','for user \"SYSTEM\" at LAXAMANA-PC: saved as \"data.sql\"; at location \"F:\\Jownjown\\Education\\3rd Year\\Summer\\Software Engineering 2\\Final Project\\zav-pms\\databaseexport\"'),(2332,1,17,'2024-06-27 22:32:07','for user \"SYSTEM\" at LAXAMANA-PC: saved as \"data.sql\"; at location \"F:\\Jownjown\\Education\\3rd Year\\Summer\\Software Engineering 2\\Final Project\\zav-pms\\databaseexport\"'),(2333,2,23,'2024-06-28 08:46:09','for user \"mocksiest\" at LAXAMANA-PC: registered stock/product purchase of \"soy sauce\"'),(2334,2,22,'2024-06-28 08:46:09','for user \"mocksiest\" at LAXAMANA-PC: updated details of stock \"soy sauce\";changed quantity from 8 to 18, '),(2335,1,17,'2024-06-28 09:08:34','for user \"SYSTEM\" at LAXAMANA-PC: saved as \"data.sql\"; at location \"F:\\Jownjown\\Education\\3rd Year\\Summer\\Software Engineering 2\\Final Project\\zav-pms\\databaseexport\"'),(2336,1,17,'2024-06-28 11:12:41','for user \"SYSTEM\" at LAXAMANA-PC: saved as \"data.sql\"; at location \"F:\\Jownjown\\Education\\3rd Year\\Summer\\Software Engineering 2\\Final Project\\zav-pms\\databaseexport\"'),(2337,1,17,'2024-06-28 11:22:47','for user \"SYSTEM\" at LAXAMANA-PC: saved as \"data.sql\"; at location \"F:\\Jownjown\\Education\\3rd Year\\Summer\\Software Engineering 2\\Final Project\\zav-pms\\databaseexport\"'),(2338,1,17,'2024-06-28 11:46:53','for user \"SYSTEM\" at LAXAMANA-PC: saved as \"data.sql\"; at location \"F:\\Jownjown\\Education\\3rd Year\\Summer\\Software Engineering 2\\Final Project\\zav-pms\\databaseexport\"'),(2339,2,2,'2024-06-28 13:41:41','for user \"mocksiest\" at LAPTOP-NKRJ7O6L: '),(2340,2,8,'2024-06-28 13:41:50','for user \"mocksiest\" at LAPTOP-NKRJ7O6L: '),(2341,2,13,'2024-06-28 13:41:55','for user \"mocksiest\" at LAXAMANA-PC: '),(2342,2,10,'2024-06-28 13:41:59','for user \"mocksiest\" at LAPTOP-NKRJ7O6L: viewed account details of \"clark\"'),(2343,2,9,'2024-06-28 13:42:15','for user \"mocksiest\" at LAPTOP-NKRJ7O6L: '),(2344,3,2,'2024-06-28 13:42:36','for user \"clark\" at LAPTOP-NKRJ7O6L: '),(2345,3,8,'2024-06-28 13:42:49','for user \"clark\" at LAPTOP-NKRJ7O6L: '),(2346,3,13,'2024-06-28 13:42:54','for user \"clark\" at LAPTOP-NKRJ7O6L: '),(2347,3,2,'2024-06-28 13:46:00','for user \"clark\" at LAPTOP-NKRJ7O6L: '),(2348,3,8,'2024-06-28 13:46:19','for user \"clark\" at LAPTOP-NKRJ7O6L: '),(2349,2,2,'2024-06-28 13:47:29','for user \"mocksiest\" at LAPTOP-NKRJ7O6L: '),(2350,2,2,'2024-06-28 13:47:47','for user \"mocksiest\" at LAPTOP-NKRJ7O6L: '),(2351,2,8,'2024-06-28 13:47:56','for user \"mocksiest\" at LAPTOP-NKRJ7O6L: '),(2352,2,2,'2024-06-28 13:52:06','for user \"mocksiest\" at LAPTOP-NKRJ7O6L: '),(2353,2,8,'2024-06-28 13:52:14','for user \"mocksiest\" at LAPTOP-NKRJ7O6L: '),(2354,2,2,'2024-06-28 14:12:49','for user \"mocksiest\" at LAXAMANA-PC: '),(2355,2,8,'2024-06-28 14:13:11','for user \"mocksiest\" at LAXAMANA-PC: '),(2356,2,2,'2024-06-28 14:15:02','for user \"mocksiest\" at LAPTOP-NKRJ7O6L: '),(2357,2,8,'2024-06-28 14:15:11','for user \"mocksiest\" at LAPTOP-NKRJ7O6L: '),(2358,2,2,'2024-06-28 14:16:03','for user \"mocksiest\" at LAPTOP-NKRJ7O6L: '),(2359,2,8,'2024-06-28 14:16:17','for user \"mocksiest\" at LAPTOP-NKRJ7O6L: '),(2360,2,2,'2024-06-28 14:17:42','for user \"mocksiest\" at LAPTOP-NKRJ7O6L: '),(2361,2,8,'2024-06-28 14:17:54','for user \"mocksiest\" at LAPTOP-NKRJ7O6L: '),(2362,2,9,'2024-06-28 14:19:03','for user \"mocksiest\" at LAPTOP-NKRJ7O6L: '),(2363,2,2,'2024-06-28 14:21:17','for user \"mocksiest\" at LAXAMANA-PC: '),(2364,3,2,'2024-06-28 14:21:29','for user \"clark\" at LAPTOP-NKRJ7O6L: '),(2365,2,8,'2024-06-28 14:21:38','for user \"mocksiest\" at LAXAMANA-PC: '),(2366,3,8,'2024-06-28 14:21:43','for user \"clark\" at LAPTOP-NKRJ7O6L: '),(2367,2,13,'2024-06-28 14:21:51','for user \"mocksiest\" at LAXAMANA-PC: '),(2368,3,26,'2024-06-28 14:24:39','for user \"clark\" at LAPTOP-NKRJ7O6L: registered new product \"Longsilog\"'),(2369,3,27,'2024-06-28 14:24:42','for user \"clark\" at LAPTOP-NKRJ7O6L: registered new product variant of \"Longsilog\"'),(2370,3,29,'2024-06-28 14:24:43','for user \"clark\" at LAPTOP-NKRJ7O6L: added stock(s) required on new food product variant \"Longsilog\"; egg'),(2371,2,13,'2024-06-28 14:24:55','for user \"mocksiest\" at LAXAMANA-PC: '),(2372,3,24,'2024-06-28 14:26:03','for user \"clark\" at LAPTOP-NKRJ7O6L: registered new product \"Mountain Dew\"'),(2373,3,25,'2024-06-28 14:26:05','for user \"clark\" at LAPTOP-NKRJ7O6L: registered new product variant of \"Mountain Dew\"'),(2374,3,23,'2024-06-28 14:27:15','for user \"clark\" at LAPTOP-NKRJ7O6L: registered stock/product purchase of \"Mountain Dew\"'),(2375,3,28,'2024-06-28 14:27:18','for user \"clark\" at LAPTOP-NKRJ7O6L: updated details of beverage variant \"Mountain Dew 1.50L\";changed available_count from 0 to 10, '),(2376,3,28,'2024-06-28 14:28:11','for user \"clark\" at LAPTOP-NKRJ7O6L: updated details of beverage variant \"Mountain Dew 1.50L\";changed isVoided from false to true, '),(2377,2,2,'2024-06-28 14:32:43','for user \"mocksiest\" at LAPTOP-NKRJ7O6L: '),(2378,2,8,'2024-06-28 14:32:56','for user \"mocksiest\" at LAPTOP-NKRJ7O6L: '),(2379,2,2,'2024-06-28 17:39:25','for user \"mocksiest\" at LAXAMANA-PC: '),(2380,1,17,'2024-06-28 17:39:46','for user \"SYSTEM\" at LAXAMANA-PC: saved as \"data.sql\"; at location \"F:\\Jownjown\\Education\\3rd Year\\Summer\\Software Engineering 2\\Final Project\\zav-pms\\databaseexport\"'),(2381,2,2,'2024-06-28 17:48:04','for user \"mocksiest\" at LAXAMANA-PC: '),(2382,1,17,'2024-06-28 17:50:06','for user \"SYSTEM\" at LAXAMANA-PC: saved as \"data.sql\"; at location \"F:\\Jownjown\\Education\\3rd Year\\Summer\\Software Engineering 2\\Final Project\\zav-pms\\databaseexport\"'),(2383,1,17,'2024-06-28 18:26:03','for user \"SYSTEM\" at LAXAMANA-PC: saved as \"data.sql\"; at location \"F:\\Jownjown\\Education\\3rd Year\\Summer\\Software Engineering 2\\Final Project\\zav-pms\\databaseexport\"'),(2384,1,17,'2024-06-28 20:28:12','for user \"SYSTEM\" at LAXAMANA-PC: saved as \"data.sql\"; at location \"F:\\Jownjown\\Education\\3rd Year\\Summer\\Software Engineering 2\\Final Project\\zav-pms\\databaseexport\"'),(2385,1,17,'2024-06-28 21:30:06','for user \"SYSTEM\" at LAXAMANA-PC: saved as \"data.sql\"; at location \"F:\\Jownjown\\Education\\3rd Year\\Summer\\Software Engineering 2\\Final Project\\zav-pms\\databaseexport\"'),(2386,1,17,'2024-06-28 21:30:22','for user \"SYSTEM\" at LAXAMANA-PC: saved as \"data.sql\"; at location \"F:\\Jownjown\\Education\\3rd Year\\Summer\\Software Engineering 2\\Final Project\\zav-pms\\databaseexport\"'),(2387,1,17,'2024-06-29 01:12:01','for user \"SYSTEM\" at LAXAMANA-PC: saved as \"data.sql\"; at location \"F:\\Jownjown\\Education\\3rd Year\\Summer\\Software Engineering 2\\Final Project\\zav-pms\\databaseexport\"'),(2388,2,13,'2024-06-29 01:22:38','for user \"mocksiest\" at LAXAMANA-PC: '),(2389,2,28,'2024-06-29 01:31:33','for user \"mocksiest\" at LAXAMANA-PC: updated details of beverage variant \"Coke Zero 1.00L\";changed isVoided from false to true, '),(2390,2,22,'2024-06-29 01:32:07','for user \"mocksiest\" at LAXAMANA-PC: updated details of stock \"teststock\";changed isVoided from false to true, '),(2391,2,19,'2024-06-29 11:44:16','for user \"mocksiest\" at LAXAMANA-PC: restored to save file name \"F:\\Jownjown\\Education\\3rd Year\\Summer\\Software Engineering 2\\Final Project\\zav-pms\\databaseexport\\data.sql\"'),(2392,1,17,'2024-06-29 11:50:00','for user \"SYSTEM\" at LAXAMANA-PC: saved as \"data.sql\"; at location \"F:\\Jownjown\\Education\\3rd Year\\Summer\\Software Engineering 2\\Final Project\\zav-pms\\databaseexport\"'),(2393,2,23,'2024-06-29 11:51:04','for user \"mocksiest\" at LAXAMANA-PC: registered stock/product purchase of \"Coke Zero\"'),(2394,2,28,'2024-06-29 11:51:04','for user \"mocksiest\" at LAXAMANA-PC: updated details of beverage variant \"Coke Zero 1.00L\";changed available_count from 5 to 7, '),(2395,1,17,'2024-06-29 12:50:02','for user \"SYSTEM\" at LAXAMANA-PC: saved as \"data.sql\"; at location \"F:\\Jownjown\\Education\\3rd Year\\Summer\\Software Engineering 2\\Final Project\\zav-pms\\databaseexport\"'),(2396,2,13,'2024-06-29 13:13:38','for user \"mocksiest\" at LAXAMANA-PC: '),(2397,2,23,'2024-06-29 13:22:10','for user \"mocksiest\" at LAXAMANA-PC: registered stock/product purchase of \"sugar\"'),(2398,2,22,'2024-06-29 13:22:10','for user \"mocksiest\" at LAXAMANA-PC: updated details of stock \"sugar\";changed quantity from 9 to 12, '),(2399,2,23,'2024-06-29 13:24:06','for user \"mocksiest\" at LAXAMANA-PC: registered stock/product purchase of \"sugar\"'),(2400,2,22,'2024-06-29 13:24:06','for user \"mocksiest\" at LAXAMANA-PC: updated details of stock \"sugar\";changed quantity from 12 to 14, '),(2401,1,17,'2024-06-29 15:02:13','for user \"SYSTEM\" at LAXAMANA-PC: saved as \"data.sql\"; at location \"F:\\Jownjown\\Education\\3rd Year\\Summer\\Software Engineering 2\\Final Project\\zav-pms\\databaseexport\"'),(2402,2,23,'2024-06-29 16:21:07','for user \"mocksiest\" at LAXAMANA-PC: registered stock/product purchase of \"Sarsi\"'),(2403,2,28,'2024-06-29 16:21:07','for user \"mocksiest\" at LAXAMANA-PC: updated details of beverage variant \"Sarsi 290.00mL\";changed available_count from 5 to 7, '),(2404,2,13,'2024-06-29 16:26:00','for user \"mocksiest\" at LAXAMANA-PC: ');
/*!40000 ALTER TABLE `user_logs` ENABLE KEYS */;
UNLOCK TABLES;

--
-- Table structure for table `users`
--

DROP TABLE IF EXISTS `users`;
/*!40101 SET @saved_cs_client     = @@character_set_client */;
/*!50503 SET character_set_client = utf8mb4 */;
CREATE TABLE `users` (
  `id` int NOT NULL AUTO_INCREMENT COMMENT 'unique identifier for each user in the system\n',
  `uname` varchar(50) NOT NULL COMMENT 'username of the user',
  `pass` varchar(22) NOT NULL COMMENT 'password of the user',
  `email` varchar(100) NOT NULL COMMENT 'email binded to account',
  `level_of_access_id` int NOT NULL COMMENT 'foreign key to level of access table\n',
  `fname` varchar(45) NOT NULL COMMENT 'first name of user',
  `lname` varchar(45) NOT NULL COMMENT 'last name of user',
  `account_status_id` int NOT NULL COMMENT 'foreign key to account status table',
  `unique_question_id` int NOT NULL COMMENT 'foreign key to unique questions table',
  `unique_question_answer` varchar(45) NOT NULL COMMENT 'answer of user to assigned unique question',
  PRIMARY KEY (`id`),
  UNIQUE KEY `id_UNIQUE` (`id`),
  UNIQUE KEY `uname_UNIQUE` (`uname`),
  UNIQUE KEY `email_UNIQUE` (`email`)
) ENGINE=InnoDB AUTO_INCREMENT=8 DEFAULT CHARSET=utf8mb3;
/*!40101 SET character_set_client = @saved_cs_client */;

--
-- Dumping data for table `users`
--

LOCK TABLES `users` WRITE;
/*!40000 ALTER TABLE `users` DISABLE KEYS */;
INSERT INTO `users` VALUES (1,'SYSTEM','-','-',0,'SYSTEM','SYSTEM',0,0,'-'),(2,'mocksiest','Zavpms@123','junjunrantz@gmail.com',1,'Jun','Laxy',1,1,'gwen'),(3,'clark','Zavpms@123!','clark10202003@gmail.com',1,'Czedrick','Limson',1,2,'mark'),(4,'Andrea','Andreaabc123!','qaalituania@tip.edu.ph',3,'Andrea','Lituania',1,1,'Jordan'),(5,'ak47','Honeybunch@2818','lhdesireev@yahoo.com',1,'Leah Desiree','Villatura',2,1,'Blondy'),(6,'zion','Lmh@123456','zionkarlfollosco@gmail.com',1,'Zion','Follosco',1,1,'Maui'),(7,'apolloVL','Zavpms@123','junelllaxamana@gmail.com',1,'Apollo','Laxamana',1,2,'Desiree');
/*!40000 ALTER TABLE `users` ENABLE KEYS */;
UNLOCK TABLES;
/*!40103 SET TIME_ZONE=@OLD_TIME_ZONE */;

/*!40101 SET SQL_MODE=@OLD_SQL_MODE */;
/*!40014 SET FOREIGN_KEY_CHECKS=@OLD_FOREIGN_KEY_CHECKS */;
/*!40014 SET UNIQUE_CHECKS=@OLD_UNIQUE_CHECKS */;
/*!40101 SET CHARACTER_SET_CLIENT=@OLD_CHARACTER_SET_CLIENT */;
/*!40101 SET CHARACTER_SET_RESULTS=@OLD_CHARACTER_SET_RESULTS */;
/*!40101 SET COLLATION_CONNECTION=@OLD_COLLATION_CONNECTION */;
/*!40111 SET SQL_NOTES=@OLD_SQL_NOTES */;

-- Dump completed on 2024-06-30  7:58:43
